:020000041000EA
:1000000000B5324B212058609868022188439860DF
:10001000D860186158612E4B002199600221596106
:100020000121F02299502B49196001219960352056
:1000300000F044F80222904214D00621196600F024
:1000400034F8196E01211966002018661A6600F04E
:100050002CF8196E196E196E052000F02FF8012189
:100060000842F9D1002199601B49196000215960AB
:100070001A491B48016001219960EB211966A021F2
:10008000196600F012F800219960164914480160C1
:100090000121996001BC002800D000471248134993
:1000A000086003C880F30888084703B5996A0420EC
:1000B0000142FBD001200142F8D103BD02B5186610
:1000C0001866FFF7F2FF186E186E02BD00000240BE
:1000D000000000180000070000035F00212200005C
:1000E000F4000018222000A00001001008ED00E03C
:1000F00000000000000000000000000074B24E7A12
:1001000000200420F7010010C3010010C5010010F9
:10011000C1010010C1010010C1010010C101001097
:10012000C1010010C1010010C1010010C701001081
:10013000C1010010C1010010C9010010CB01001065
:10014000CD010010CD010010CD010010CD01001037
:10015000CD010010CD010010CD010010CD01001027
:10016000CD010010CD010010CD010010CD01001017
:10017000CD010010CD010010CD010010CD01001007
:10018000CD010010CD010010CD010010CD010010F7
:10019000CD010010CD010010CD010010CD010010E7
:1001A000CD010010CD010010CD010010CD010010D7
:1001B000CD010010CD010010CD010010CD010010C7
:1001C00000BE00BE00BE00BE00BE00BEEFF3058054
:1001D000103800BEF2EB8871EC91001018920010FC
:1001E0003802001090A31AE71E481F49086006C88D
:1001F00081F3088810471D480068002801D019487D
:10020000F3E70DA40ECC002902D000F012F8F9E7B4
:100210001749184A002000E001C19142FCD116495B
:100220008847164988471649884700BEFDE701C937
:1002300001C29A42FBD3704718920010C000002000
:100240002811002080A200100000042000000420DB
:1002500080A2001000100420001004200000000004
:10026000704700000000000008ED00E0000000D032
:100270002811002080250020394B0010D5020010E5
:10028000314B0010F8B5C04606480749091A8B10D3
:10029000C90FC91810B5491003D0044B002B00D06A
:1002A000984710BD281100202811002000000000F0
:1002B000054B10B5002B03D00449054800E000BFF2
:1002C000FFF7E2FF10BDC04600000000002500203F
:1002D00004890010F0B5DE4657464E464546E0B567
:1002E00087B004F067FD0121002007F0F7FB07F05D
:1002F0005FFD454BD0240193444B454E9B46454BF7
:10030000454F9946454B24060093454B0293454B78
:100310009846454B0393454B0493454B05938023E7
:100320009B019A468025ED00012001F093F9534688
:10033000626831781A409304D80F814257D03070E8
:10034000002A57D0A561A5615B4618783B788342A7
:1003500018D0387008F014FA4B4601001870009855
:1003600004F0FEFD4B461B78473BDBB22B2B03D83A
:10037000029A9B00D3589F462E4B2F4A1B681B04A2
:100380001B0C136043461B78002BCDD00023424644
:100390001370039B1878002832D14B461978049BC0
:1003A0000598197004F0DCFDBCE7224B1A68A02305
:1003B0005B0053401B04204A1B0C1360E2E71D4BFB
:1003C000F0221B68F5E71B4B1A68CC235B00F0E7B3
:1003D000184B1A68FA235B00EBE7164B1A68912357
:1003E0009B00E6E7134B1A68A5239B00E1E7002971
:1003F000A9D100E065610198656104F02DFDA3E7D6
:1004000008F0BEF90100CAE7088900107525002030
:10041000381000207B2500206E2500201089001058
:10042000C88A001078250020792500207725002033
:10043000208900103400054034100540D0231B06ED
:100440001B68AC4A9900F0B5DE468B4651585A42BB
:1004500053412F2257464E4645465B4293439A46A8
:10046000A54BE0B59C4683B000260191E2440029EB
:1004700038D0A24B99465246F30808339B009D584A
:100480000123340098460836002D22D00F21200089
:10049000294001342D09002919D04B465A469A5853
:1004A0000300C240203BDB171340424613420CD1ED
:1004B00007220F000240920097403A00C308904F75
:1004C0003C339B00DA51019B9847002D01D0B44288
:1004D000DCD3202ECFD103B0F0BCBB46B246A94638
:1004E000A046F0BD854E5F4600210F23B346CC08E1
:1004F00022005046083292001258002A00D1D0E063
:10050000180010408046100913421AD05D46ED597C
:10051000A94620256D42AC468C446546ED17AC4695
:100520004D46CD40A94665464E46354001263542EA
:1005300004D14646724D3C34A4006651002800D1D7
:10054000AFE01C000440A446140A03421AD0481C21
:1005500080465846C059464681464D460800F540FB
:100560001F38C01728400125284208D165462D01B3
:10057000AC46F0086646624D3C3080004651002C87
:1005800000D18EE0180020408446100B234211D089
:100590008C1CA0465C46E4594646A1464D460C00DC
:1005A000F5401E3CE4172C4001252C4200D182E08E
:1005B000002876D01C000440A446140C034210D03E
:1005C000C81C80465846C059464681464D460800DC
:1005D000F5401D38C01728400125284275D0002C51
:1005E0005FD0180020408046100D23420ED00C1D15
:1005F000A4466546414CE459EC40A1460C004D46EA
:100600001C3CE40F2C426AD000284AD01C00044055
:10061000A446140E034218D0481D8046454637486C
:10062000C059E840814608004D461B38C00F28429B
:1006300009D165462D05AC4640466646C008304D9A
:100640003C3080004651002C2BD0180020408446BE
:10065000120F23422AD029488C1D8146C059E04000
:100660008046080045461A38C00F284206D1E008E7
:100670006446234D3C30240680004451002A10D0AB
:100680004846C059CC1DE0408446080065461938EC
:10069000C00F284205D1E0083C30194C12078000F9
:1006A00002510831202900D021E714E7002AF8D0B0
:1006B00012488146E4E765462D02AC46F4086646DA
:1006C0000F4D3C34A400665172E765462D03AC46DD
:1006D000F00866460A4D3C30800046517FE74546AB
:1006E0002D04A84664464646E408054D3C34A40063
:1006F000665189E768200020304101403025002004
:1007000000400140094A83009A1810B5146840223D
:10071000544080322240064CC000A44663441A6014
:10072000044B9C466044416010BDC04604C001407B
:1007300004D0014000400140034BC0009C4660448F
:1007400043681F201840704700400140074B80005D
:10075000C3181B68C90092000A435A400C23134077
:10076000034A9446604403607047C04604C0014099
:1007700004D00140F8B545469846D0231B06DE4616
:100780001C689B462B4B57469A46A3004E469946FB
:10079000E0B5534616004A469B5807000D00002B53
:1007A00034D04346002B3FD053464A4641469950E9
:1007B000D0231B061C6863425C412F220720634242
:1007C00093431D4A38409446FA0811008000854042
:1007D0003C311A486344890092000D509B18002E4A
:1007E0000ED0802292019446634401210D201D60A9
:1007F00000F01EF9F0BCBB46B246A946A046F8BDC3
:10080000C0229201944663441D60F3E74346002BE7
:10081000D1D0534641460D2099500022084900F09E
:1008200069F95B461C68C6E70D20054900F05CFAD3
:10083000BAE7C04668200020304101400040014036
:100840003D0400108000002905D0064B9C46402343
:10085000604403607047044B9C464023604403603F
:10086000F8E7C04604E0014004F001400123D02233
:100870008340120693629361094A83009A181168B3
:100880004022514080320A400649C0008C466344F1
:100890001A60054B9C460523604443607047C04680
:1008A00004C0014004D00140004001408023DB052A
:1008B0001868000F7047C0460FB400B5084883B0F1
:1008C00004F0CAFA049B002B07D005A91800019177
:1008D00004F014F9034804F0BFFA012004F026F9EB
:1008E000308900104089001070B5EFF3108C72B69B
:1008F0000D4D2B68002BFCD0BFF35F8F0724CB0876
:10090000C618C05C01230C40A3401C0004400342F5
:1009100007D118433070BFF35F8F2C608CF31088C1
:1009200070BD1000FFF7C8FF2C0100D0F8B5474696
:10093000CE46884680B5EFF3108C72B61C4D2C68FD
:10094000002CFCD0BFF35F8F9A4222D807210126EA
:10095000894602E00132934218D34D4637001540D4
:10096000AF40D4080119045D2742F3D110003C4385
:100970000C70BFF35F8F00220D4B1A608CF3108850
:1009800000280EDBC0BCB946B046F8BD012040428D
:10099000EFE7BFF35F8F00232B608CF310880120FB
:1009A00040424346002BEDD00898FFF785FFC04634
:1009B0002C0100D0044A1078431CDBB2172B00D95D
:1009C000102313707047C0463B10002010B5064B33
:1009D000064C82B00100009318221F232000FFF76D
:1009E000A5FF02B010BDC046448900108020002041
:1009F0000021044B044ABFF35F8F02C39342FAD134
:100A00007047C046000100D0800100D0054B064A67
:100A10001360064A136053609360D360136153619F
:100A2000936170478080808000E400E004E400E08F
:100A30001F2318401E3B8340002905D0C021044AD3
:100A40004900535013607047802201498B50FAE7E8
:100A500000E100E001228240034B1B6813405A1E54
:100A60009341D8B27047C04600E100E001238340C3
:100A7000014A13607047C04600E200E0064B1030A8
:100A80009B688000C358054A00209B1A2F229A4277
:100A90004041C0B27047C04600ED00E03C1000206D
:100AA00070B50D00EFF3108672B60F4A1368002B75
:100AB000FCD0BFF35F8F0D4B10309B6884001B5937
:100AC0000B4A934203D09D4201D001F03FFA074BFD
:100AD0009B681D51BFF35F8FBFF35F8F0022024BF6
:100AE0001A6086F3108870BD240100D000ED00E08C
:100AF000CD010010F0B557464E46DE464546E0B5FE
:100B000085B0060000911700EFF3108B72B66A4AA9
:100B10001368002BFCD0BFF35F8F0025674B5D5738
:100B20009A46002D00DAA9E06B00654C01935B1931
:100B30009B009846A146C1444B4652469B791036CD
:100B40001370604BB6009B6899590B1B2F2B33D940
:100B50005D4B994200D0ACE0019B42469C465B4B0A
:100B60006544AD0063535A4B0232A218043B9B1AF2
:100B70001B05584A5B0D651913436B80564B0121C9
:100B8000AB80FF23AB71009BEF71AB604B460B4317
:100B900019004C4B9B689951BFF35F8FBFF35F8F78
:100BA0000022454B1A608BF3108805B0F0BCBB46A1
:100BB000B246A946A046F0BD01200A008243D3797F
:100BC0008C46BB4231D84546130044491B1B5B4150
:100BD0005943090D3D4B63533D4B02356519043BA9
:100BE0005B1B1B053B4D5B0D2B43AA464D466B80A3
:100BF0000425AC465546E044131F44441B1B1B050B
:100C00005B0D1D434B46997100999D809960494643
:100C1000DF71334B01431360BBE75800C0188000FD
:100C20002018C179B9422FD902000623D356002BD0
:100C3000F3DA02932B4B61460393131D9A46042368
:100C40005B429C46E14450464B461B1A1B055B0D1C
:100C50009C46204B957198466346404603439380DB
:100C6000019B5A199200039BA418A380029B1C4A63
:100C7000A371009B2260E771A3608AE701F066F927
:100C8000002553465D574FE7908802934005131D9A
:100C90009A46031561469C464046D4446346043058
:100CA0002018181AE0230005400D1B02184303907A
:100CB000C5E701F04BF94FE7240100D07225002071
:100CC0003C10002000ED00E0CD01001000A1FFFF6E
:100CD0006C10002000E0FFFF01BDFFFFAAAA00008A
:100CE0000148804701BD0000F0B5DE4657464E463C
:100CF0004546E0B50C0083B0EFF3108872B6634A46
:100D00001368002BFCD0BFF35F8F614B61499A6879
:100D1000030010339F00D55901938D4243D0A54263
:100D200054D05D4EAA1B2F2A3DD85C4B9B461B68B6
:100D3000994601231A009C4682404B4613401F22CD
:100D400099466346024093409A4680225B4650464D
:100D50009850BFF35F8FEFF305839B46002B37D08E
:100D6000019B5B4501D001F0F1F801232A009A4371
:100D70009068844208D176E04B005B189B00F31822
:100D80009868844236D01A00062151560029F3DAB9
:100D9000844254D04B46002B27D0C02251463F4BB3
:100DA0005200995019603A4B9B68DD51BFF35F8F39
:100DB000BFF35F8F0022354B1A6088F3108803B0B1
:100DC000F0BCBB46B246A946A046F0BD0D00EAE71E
:100DD0002A0063469A4390688442D5D10620105673
:100DE000130000280ADA0D0031E0802351462B4A17
:100DF000D150D8E706201856002821DB42001118F0
:100E0000890074188B46A1689960E179D97106212F
:100E100061569971002924DBA488F11A6405241510
:100E20005C44091909051E4C490D2143998013188A
:100E30001C4A9B001178F31899711070AAE71300EF
:100E40005946002914D1FF319171174991801549F4
:100E50000A789A71154A9B1B5B415A43120D0A701E
:100E600098E71149E2E70620105613000028C5DA7A
:100E70000F4A1049D21A083A5002400D0143998096
:100E80000D4952080A43DA8084E7C046240100D0A5
:100E900000ED00E0CD0100103C10002000E100E07A
:100EA00000E0FFFF7225002001BDFFFFAAAA00009D
:100EB0007610002000F0FFFF00F8FFFF70B501245E
:100EC0000443EFF30581EFF3108C72B6214A1368E7
:100ED000002BFCD0BFF35F8F1F4B05001F4AED1A9C
:100EE0006D416A43120D1E4D8900AE6852B27658AC
:100EF000A6421CD00621595691421CD012215956A7
:100F0000914222D01E215956914220D02A21595671
:100F10000324914210D0134B19781A708171BFF3DA
:100F20005F8F00220B4B1A608CF3108870BDAB688A
:100F30000D4C5C50EFE700246100091989005B1833
:100F4000FF21997109499980E5E70124F4E702241A
:100F5000F2E7C046240100D03C100020AAAA0000FD
:100F600000ED00E072250020CD01001001BDFFFF63
:100F700010B5084B084C82B00100009300220523F5
:100F80002000FFF7D3FC002801DB1F23181A02B052
:100F900010BDC046608900107C250020024B9C4695
:100FA00061448900016070474000003470B5114C05
:100FB000114DAC420FD2FF262368002B0CD0FFF757
:100FC000F9FC01002000FFF7E9FFA680BFF35F8F67
:100FD0000834AC42F0D370BDFFF7ECFC01002000F8
:100FE000FFF7DCFF2671BFF35F8F0834AC42E3D319
:100FF000F1E7C046201100202811002010B50400A0
:10100000FFF7D8FC01002000FFF7C8FFFF23237182
:10101000BFF35F8F10BDC04610B504000120FFF77D
:10102000D5FC034BC3189B002360BFF35F8F10BD3B
:1010300040000034034B9C46614489000160BFF3CB
:101040005F8F7047400000340A4B1968EFF310803F
:1010500072B60A68002AFCD0BFF35F8F1B68BFF32B
:101060005F8F00221A6080F3108840BF00200021AB
:101070007047C04644250020F0B5DE4657464E4630
:101080004546E0B587B0EFF30583032201251A40FA
:10109000954091008846A946B34B03925C58B34BE8
:1010A0001D60B34B04934B46B24843630823E55E8F
:1010B000002D37DAA3881BB2002B00DBADE0A3794B
:1010C000002B00D0EEE00823E05E002820DB430088
:1010D00062691B18DB00D3189E68DD68731C00D1A1
:1010E00011E1A44801004144826A0B69B71A9B1AB6
:1010F0009F4215D30123026A039883401A420FD0FE
:101100009C4800F047FC8D4202DCCCD18642CAD913
:1011100040BF07B0F0BCBB46B246A946A046F0BDF2
:101120000E61EDE762696B0092465B19DB009A4441
:1011300053469E68DF6800F02DFC8F42BADC00D178
:1011400003E1002F00DAE8E05246534652691B697A
:101150009346049A934200D1D9E052460821605E3A
:101160005288000459461043984700900191009915
:10117000019A0B001000134300D1CEE013000A00C7
:10118000B61A9F41002806DB7A4800F003FC009E57
:10119000019F36184F4153469E60DF6000229A5EE1
:1011A000002A00DA86E7530099186069C9004118DF
:1011B00002938B68C9689B46B94200DD7AE702D189
:1011C000B34200D976E708239C46A44405956546BA
:1011D0002281A446029B2C0006E053009918C90006
:1011E00041188D68C968AB469B18DB00C318B9422B
:1011F00006DC00D1B3E01C000023E25E002AECDA3A
:10120000230064469C4653461A806346059D1D8014
:10121000A3881BB2002B00DA51E72269EFF310819B
:1012200072B61368002BFCD0BFF35F8F0123A78831
:101230005B42A3803FB22369BFF35F8F00221A6035
:1012400081F31088002F00DA39E7230008332200E9
:101250009A4666697B00DB19DB00F31899685046F3
:101260008C460824115FDD68002910DB029306E03C
:10127000AB4244D00023E15E2000002906DB4C0095
:101280006418E4003419E368AB42F1DD029B078087
:1012900000201F5E1980002FDCDA1400A379002BD8
:1012A00000D110E70023A37126000823E15E083671
:1012B0004B1C00D12CE70800A246656902E03E0005
:1012C0004B1C1AD04B005B18DB00EF180A008C4651
:1012D000E95E7B881BB2002BF1DA01235B42DC174D
:1012E000BB60FC60824205D0534631801B893B8045
:1012F00053461A8160464B1CE4D15446E5E6A36888
:101300006345B7D9C2E76B1C00D0EAE6F8E65B4656
:1013100058461B69984700281BD153461B882269F1
:101320002381EFF3108372B611680029FCD0BFF35C
:101330005F8F514662880A8022696580BFF35F8FA4
:101340000021116083F31088B4E6864200D8F8E6E5
:10135000B0E65B461A685B680092019307E7B34505
:1013600000D848E74CE7C046202500203C700540E7
:10137000791000100040054070B52E4C2569002DF5
:1013800004D00A212C48FFF709FE70BD2B4E032123
:10139000300000F0F5FAE660FFF70CFB284B032263
:1013A0009C46D02322701B061B6801216370254BCD
:1013B0006044A3600F238000206102206380636982
:1013C0004942A18019800231198647311D83585244
:1013D00018315A5275325C3999521832013199528A
:1013E00018320131995218320131995208351832A8
:1013F0009D520231183299521832013199521832E5
:1014000001319952183201319952183201319952F1
:101410001832013199520C4B0C49DC6001303562B5
:10142000FFF73EFB01210320FFF702FB084B1D6085
:10143000A7E7C04684100020442500200040054056
:1014400040000034FFFF100020250020791000101C
:10145000386005400048704784100020F8B51F0030
:1014600008AB1B7804001600002B08D100F09AFA94
:1014700032003B00121A8B41002B00DA52E0226945
:10148000EFF3108072B61368002BFCD0BFF35F8FB0
:101490000223E15E63694A005218D2009B18226958
:1014A000002936DB1D886580BFF35F8F002515603E
:1014B00080F31088069A9E60DF601A61079A5A616D
:1014C0005A8801325204520C101C002A1FD082B2DA
:1014D0005880080410432669EFF3108772B632680B
:1014E000002AFCD0BFF35F8FA2881A80A1802369F5
:1014F000BFF35F8F00221A6087F310880A492378B0
:101500008C4601329A40E36863441A60F8BD0120BA
:10151000DDE7BFF35F8F0023136080F310880120A5
:101520004042F3E70020F1E73C20000070B50100E5
:101530000469EFF3108C72B620680028FCD0BFF36A
:101540005F8F02200D5E4C6968004019C0002418AE
:101550000869002D36DB26884E80BFF35F8F00269A
:1015600006608CF31088E36063880498013320617F
:101570005B0405985B0CA26060611A1C002B1FD0F5
:1015800093B22804628018430A69EFF3108C72B694
:101590001368002BFCD0BFF35F8F8B8823808D8076
:1015A0000B69BFF35F8F00221A608CF310880B78F1
:1015B00001329A40CB6808498C4663441A6070BD7A
:1015C0000122DDE7BFF35F8F002303608CF31088F7
:1015D00001204042F3E7C0463C20000010B543899B
:1015E0000A1493421ADD53009B184269DB00D3189A
:1015F0000469EFF3108C72B62268002AFCD0BFF3A6
:101600005F8F5A88090494B2090C8A4208D0036992
:10161000BFF35F8F00221A608CF31088002010BD8A
:101620008022120214435C80012302698371BFF39C
:101630005F8F002111608CF31088044902788C467A
:101640009340C268012062441360E8E73C20000038
:1016500040787047F0B5C64600B582B0040000F08F
:10166000A1F9FA2206000F002000002300219200B9
:1016700001F06CFD8019794104000D1E02DA01248D
:101680002E4D644206267642F71736196F41AF4257
:1016900014D811D000F086F932003B00121A8B41A9
:1016A000002B15DC002B46D02000290000F0B8F9F3
:1016B00002B080BCB846F0BDA642EBD90026002798
:1016C00000F070F932003B00121A8B41002BE9DD6B
:1016D00000F068F932003B00121A8B41002B0ADB44
:1016E00000230193164B3200009316483B00FFF78E
:1016F0001DFF0130D8D000233900B0469C46124A65
:101700001248536A994204D8966A4645CCD2994207
:10171000CAD10668EFF3108772B63368002BFCD08D
:10172000BFF35F8F0368BFF35F8F66461E6087F36A
:10173000108820BFE5E7002AB6D0C9E7FFFFFF7F8A
:10174000491000108410002000400540442500206E
:10175000F0B557464E46DE464546E0B506000F005A
:1017600085B0EFF3058399468B46002B12D038499C
:1017700000204B6ABB4206D38A6ADB1B591E8B4191
:10178000B2424041184305B0F0BCBB46B246A94640
:10179000A046F0BD2F4B9A46DB68984653461B780F
:1017A0004046039300F0F6F84246039B04000433DE
:1017B0009B009B580D001B1A39003000001BA941EB
:1017C000894510DC0DD020BF214A0020536A5B45BB
:1017D000D9D3926ADB1B591E8B41B2424041184358
:1017E000D1E78342EFD900F0DDF832003B00121A56
:1017F0008B41002B1ADB00230193174B320000931F
:1018000050463B00FFF792FE011E0FDD104B5A6A57
:101810005A451BD39B6AB34216D35046FFF7DEFEF0
:101820000B4A0020536A5B45ADD3D2E7084A00203B
:10183000536A5B45A7D30020926ADB1BB24240414A
:101840005A1E934118439EE75A45E6D120BFE4E76C
:10185000004005408410002049100010F0B5CE462D
:101860004746110080B583B004009C460C9D194387
:1018700000D16CE06146DB170193009353401E00DA
:10188000019B4B401F0000980199361A8F41634617
:101890000A996B600B9BAC6029612A606B6100F058
:1018A00081F880197941002902DA0120314940424A
:1018B0002269EFF3108972B61368002BFCD0BFF3D6
:1018C0005F8F0223E65E636972009219D2009B1853
:1018D00022699046002E42DB1A886280BFF35F8F38
:1018E000002247463A6089F31088234A9860D960FD
:1018F0001A615A885D6101325204520C111C002A8F
:101900002BD088B23204024359802069EFF310874C
:1019100072B601680029FCD0BFF35F8FA1881980DF
:10192000A6802369BFF35F8F0021196087F31088B9
:10193000124823788446013199400120E3686344CA
:101940001960EA6003B0C0BCB946B046F0BD0023E0
:101950000126002701229C4699E70121D1E7BFF328
:101960005F8F0023136089F3108801220020524208
:10197000E7E7C046FFFFFF7F791000103C20000022
:1019800010B5024A0248FEF7AFFF10BD7C89001077
:10199000842000200300416A0A00986A596A8A423A
:1019A000FAD17047034B596A0A00986A596A914202
:1019B000FAD170470040054070B504000D00174A89
:1019C000536A1900966A536A8B42FAD130001900A3
:1019D00024184D41AB4216D813D0104B2A005B6A35
:1019E0009D4203D90D494B6A9342FCD3934207D1E0
:1019F0000A4A02E0516A994202D1916AA142F9D39E
:101A000070BDA642E9D9054B5B6A1C005A1CEFD099
:101A1000012201246442E5175242E3E700400540F9
:101A2000064A536A9942FCD807D1044B02E05A6A2D
:101A3000914202D19A6A9042F9D87047004005401D
:101A4000F8B5040006200D0000F078F9002844D015
:101A5000374B3849E3185A1E9341802212049446AA
:101A60005B429B0D344A9B0563441360334A136009
:101A700018000A689043FBD12D4B314AE3185942B4
:101A80004B4180215B0049000620995200F056F935
:101A90002900C00000F060FB0130C3091ED14027BF
:101AA00001226262A362266BF30722D4E36A254B0C
:101AB0000620E51800232B60266300F03FF939006B
:101AC000800000F049FB7023E26A5A400E33134055
:101AD0002B601D4B23630323A364F8BD1B4A934271
:101AE0001ED900231A4A1B4F6262A362266BF307BA
:101AF000DCD5194B144AE3181A60656AA36A0620FC
:101B0000AD01ED1800F01AF9144900F025FBAD0203
:101B10000100280000F020FB0021FFF74DFFC5E782
:101B20004006800E9F011A003F180300B9E7C04627
:101B30000080FCBF08C0004000E0004000F0004012
:101B4000502500202C10000001030000FEFF0000C3
:101B5000FFFF0000C0FF3F00303000004E0E0000CD
:101B6000F8B5DE464E4657464546E0B58B4605007D
:101B70000A991800160000F0EFFA0A9B6C001F0289
:101B8000324B64199C46A4006444636881469F42BA
:101B900000D967602B1FDBB29846012B30D9C023D8
:101BA00080229B01E31812011A60294BAD0059599C
:101BB0009A4600291BD17301E026226853401E403B
:101BC000802342465B01E3181E60012A30D980233E
:101BD00080229B01E31812011A6053464A4667604F
:101BE0005A51F0BCBB46B246A946A046F8BD58695A
:101BF00000F0B2FA013043001B18033BFDD2DAE7D4
:101C00005B46012BCBD1C02303229B01E3181A6052
:101C1000023AA3681A42FCD07301E0262268AD00A4
:101C200053401E4080230A4A5B019246E3181E601F
:101C30005A462168514003220A401A6001225B463D
:101C40009A40A3681A42FCD0C1E7C0460080004019
:101C500088200020F0B546464F46D646C0B51F0046
:101C6000344B44009C462418A400644463688846AE
:101C70001600FF2B02D880235B006360031FDBB2DA
:101C80009A46012B30D9C02380229B01E318120110
:101C90001A60294B85005959994600291BD17301B7
:101CA000E026226853401E40802352465B01E31821
:101CB0001E60012A30D9802380229B01E318120183
:101CC0001A6080235B0063604B465F51E0BCBA46FC
:101CD000B146A846F0BD586900F03EFA0130430015
:101CE0001B18033BFDD2DAE74346012BCBD1C023BF
:101CF00003229B01E3181A60023AA3681A42FCD03F
:101D00007301E0262268850053401E4080230A4A62
:101D10005B019146E3181E60424621685140032250
:101D20000A401A60012342469340A2681342FCD045
:101D3000C1E7C0460080004088200020014B8000A1
:101D4000C058704788200020F8B5040021481E00C4
:101D500017000D0000F000FA0100380000F0FCF957
:101D6000069B36041B031E432368002B20DB1A4B03
:101D70001A49E3185A1E93418022920194465B420D
:101D80001B0B174A1B0363441360164A13601F00A2
:101D90000A689743FBD1144B2560E2182123A06009
:101DA00013602368002BFCDA0823E6601360F8BD9B
:101DB0003F2322681340AB42D9D1A3681B051B0DFA
:101DC0008342D4D1EE22E368D2021340B342CED193
:101DD000EDE7C046001BB7000040FDBF08C0004053
:101DE00000E0004000F000400430000010B5802406
:101DF0001C4BE4051C6000281AD001231A4C184320
:101E00001A4BDC611A4C44401C6259629862802172
:101E1000144BC9051960174817490860E021C90427
:101E20001960002A07D18022144B12061A6010BDD7
:101E30000E4BD861EBE753019B1A9B009A18802345
:101E400012015B049A4209D213000D490B60074B43
:101E50005A608022094BD2051A60E8E7094B1A0044
:101E6000F3E7C04600B00540D3C007B0008005408E
:101E70002D3FF84FFCFF01000820014000A0054065
:101E8000F8240020FFFFFF008023024A9B000B4341
:101E9000D362704700800540002310B50100988A86
:101EA0001B8B984710BDC046162310B5010018883B
:101EB00002331B88984710BDF8B54746CE4680B51B
:101EC0000F1E18D014239946043304000025012660
:101ED00098464B461888434621681B88984701C49A
:101EE000431E984101350640AF42F2D13000C0BCDC
:101EF000B946B046F8BD0126F8E7C046002370B5E4
:101F000004000D00988A05491B8B984703000020A8
:101F1000002C01DB0130A040290098475542000009
:101F2000AA23064A1B0113608D235B00D36004497A
:101F3000044B19605368002BFCDA704700400240E4
:101F400000B0FA00006002407047C04610B501487A
:101F5000FEF7B2FCA089001070B5074D074EB542E0
:101F600009D20024013E761BB60808CD984723000D
:101F70000134B342F9D170BDC0880010FC88001054
:101F8000054B064A06491A60064A074B1A601000BC
:101F90000B689843FBD1704700E00040BFCDFBFECB
:101FA00008C00040FE7F3C0000F00040044BDB6CAA
:101FB000002B03D18022034BD2021A607047C04627
:101FC000000011504C201150044A054B1A60054A7C
:101FD0001368DB018033FBD17047C046FFFFFF0170
:101FE00000F0004008C000404022034B9A675A6747
:101FF0001A67DA667047C04600F0014010B5FEF778
:10200000F7FC10BD70B5044D044CA968C022200037
:1020100001F00CF9AC6070BD00ED00E000000020A4
:10202000002310B5294C82B0A367FFF779FF012286
:10203000274B1A60636C012BFCD10322254B1A60DD
:10204000224A936B012BFCD1013300930121224AD8
:1020500022480433FFF778FE052301210093204A2C
:102060002048FFF771FE0022022104201E4BFFF7DB
:10207000F1FD0022012105201C4BFFF7EBFD0022A2
:10208000002107201A4BFFF7E5FD00220021082060
:10209000174BFFF7DFFD8023DB00009300220021B8
:1020A0000920134BFFF75CFD0022104B0021062096
:1020B000FFF7D0FD0420FFF741FE0E4900F04CF879
:1020C00001000020FFF7E0FE02B010BD00800040DC
:1020D0003CB0004030B00040002F68590080024002
:1020E000008C864700C00240001BB70040597307B0
:1020F000006CDC0240420F0001480421014B1847EC
:10210000A0100020B91E0010124A936F9B0815D230
:102110009066D166002905D0FFE7FFE7FFE7516F22
:10212000106F704704B580210906C217514000287E
:1021300000D0C84306F08CFB002104BDF0B5146E3E
:10214000556E576F166FFFF7E3FF146655665767B6
:102150001667F0BD000000D0114A936F9B0813D2A0
:1021600010665166002905D0FFE7FFE7FFE7516FD2
:10217000106F704704B5002801D00020C04306F05E
:1021800067FB002104BDC046F0B5146E556E576F55
:10219000166FFFF7E5FF1466556657671667F0BDC3
:1021A000000000D094464A4A926F9208624601D2DB
:1021B00028E0C046F0B5464E346E756E776F366FC8
:1021C00000F020F89446424A146655665767166731
:1021D0006246F0BD94463E4A926F9208624601D232
:1021E00054E0C046F0B53A4E346E756E776F366F78
:1021F00000F04CF89446364A1466556657671667E1
:102200006246F0BD002B24DB11D000293EDA00B578
:10221000C943404200D1013100F038F8C94340427F
:1022200000D10131DB43524200D1013300BD002A0D
:10223000EBD1002801D1002905D00020C90FC90722
:1022400001D1C043410800B506F0FAFA002200238C
:1022500000BD00B500290ADBDB43524200D1013347
:1022600000F014F8C943404200D1013100BDC94318
:10227000404200D10131DB43524200D1013300F032
:1022800005F8DB43524200D1013300BD002923D1C0
:10229000002B18D1002A0CD0BC460D4F38667A6648
:1022A00000210023FFE7FFE7FFE77A6F386F6746FB
:1022B0007047002801D00748010000B506F0C0FAB9
:1022C0000022002300BD02000B0000200021704707
:1022D000000000D0FFFFFFFF002B00D0BFE0130C79
:1022E00028D1002AE7D080B4114F39667A66FFE71B
:1022F000FFE730B4040C7B6F396F1B0423433B664C
:102300007A66FFE7FFE7FFE7C04684B27B6F3D6F69
:102310001B0423433B667A66FFE7FFE7C0460023C2
:102320002C042D0C7A6F386F00196941B0BC7047CE
:10233000000000D0F0B594460025140E01D1120221
:102340000835140F01D112010435940F01D1920008
:102350000235D40F01D152000135D40B0134254F81
:102360007C66254C3C660E0C93B2FFE7FFE7FFE767
:102370003C6F6643360C7703BE467343DF0B5B044A
:10238000C01AB941130C7343DB18C91ACE0866434F
:10239000360CB64493B273431F0F1B01C01AB941E8
:1023A000130C73431F0B1B05C01AB941860D8F0216
:1023B0003E436643360C092D24DB520A7243801AD1
:1023C0007703460A6643360C16235B1BDE40DF406C
:1023D000BF1964466643821B70460435063301000C
:1023E000D940A840C01900D30131A24206D200232F
:1023F000F0BD0000000000D0FFFFFFFF121B013006
:10240000F3D3F1E709277F1BFE406446A2B2724373
:10241000801A00D20139220C7243130C1204821A62
:1024200099410B007046043513370100F940A8406C
:10243000801900D30131002B02D1A2420AD2F0BD93
:10244000013000D30131121BFAD2013BF8D1A24274
:1024500000D2F0BD013000D30131121BF7E7F0B517
:102460001C0C00D080E00CB400251C0A04D11B0217
:10247000160E3343120208351C0B04D11B01160F34
:102480003343120104359C0B04D19B00960F334358
:1024900092000235DC0B02D192185B4101351C0021
:1024A000971864410134464F7C66464C3C660E0CDE
:1024B000FFE7FFE7FFE7C0463C6F6643360C770354
:1024C000BE4697B27743C01B00D20139C01B00D271
:1024D00001399FB27743C91BC91B170C77437E0490
:1024E000FF0B801BB941CE086643360C0C2D33DB45
:1024F000B644120B1F053A431B0B97B27743C01B20
:1025000000D201399FB27743C91B170C77433E04B1
:102510003F0C801BB941860D8F023E43664329273D
:102520007F1BFE400C3D7746AF40BF1930BCA2B2C6
:10253000ABB272437343801A9941220C7243130C5D
:102540001204801A994102000B000137001BA941B7
:10255000F9D2781E0021F0BD0C277F1BFE40774684
:102560007F0BAF40FF19E0E700245D1C07D0144F3C
:102570007D663966FFE7FFE7FFE7FFE73C6F95B24F
:102580009EB265436643401BB141150C1E0C65436A
:10259000664336042F0C3E432D04401BB141994243
:1025A00004D202000B0020000021F0BD01D19042B6
:1025B000F7D3801A994101349942F2D3F6E700002B
:1025C000000000D0FFFFFFFF48404140484018B4E2
:1025D0001B4B5B68FC46019308BD04DFA328001079
:1025E00018B4174B1B68FC46019308BD00DFAD28EB
:1025F00000109446134A926F920809D2624618B4AA
:102600000F4BDB68FC46019308BD0CDF652B001007
:102610000C4AF0B5146E556E576F166F6246FFF791
:10262000EEFF084A1466556657671667F0BD18B482
:10263000034B9B68FC46019308BD08DF092A001084
:10264000D0120020000000D0FFB550404240504062
:1026500059404B40594000E0FFB5154F4C00640D08
:1026600003D0BC4204D10C0314D80020090D090585
:102670005C00640D03D0BC4204D11C030AD80022C4
:102680001B0D1B0501264B4009D44B4003D58B4243
:1026900000D18242FFBD9942FCD19042FFBD0B4365
:1026A000DB1803431343F5D0C9434918FFBD0000AD
:1026B000FF07000000B5FFF7CFFF804100BDC04617
:1026C00000B5FFF7C9FF01D9002000BD012000BD02
:1026D00000B5FFF7B9FF01D9002000BD012000BD02
:1026E00000B5FFF7B1FF804100BD012040054A0061
:1026F000121804D85A00121801D80020704701207F
:10270000704700000021002805D17047C1174840DC
:10271000401AFAD0C90713B5064B1B6898470CBC82
:10272000441CA2401005120B0349091B090519435B
:10273000114310BD402500201F04000010B54C00BF
:10274000620D8023D218DB00D21A5B057E2A10DDD1
:102750009E3A13DACC170903490819435242D14073
:10276000640001341532202A05DAD0400843604362
:1027700010BD002010BD0846604310BDC80FC01832
:10278000013810BD18B4044B5B6AFC46019308BDC8
:1027900024DF152D00100000D012002018B4044BC7
:1027A0005B6EFC46019308BD64DFA52D00100000A0
:1027B000D012002018B4044B1B6DFC46019308BDD9
:1027C00050DF812F00100000D0120020132370B5BD
:1027D0001D78012D19D014DD1F48FFF765FB060099
:1027E0001E48FFF761FB1E4C80223100200000F0E4
:1027F0001DFD022D2DD01B48FFF74EFB1A4B186014
:1028000070BD1A4B164CA364F5E7184B144C2360AB
:102810006360A360E36023616361A361E36123629A
:102820006362A362E36223636363A363E36323647A
:102830006364A364E36423656365A365E36523665A
:102840006366A366E36623676367A367E367A364BE
:10285000D1E7064BA364CEE7534400005346000083
:10286000D01200204C3300004025002071280010B9
:1028700007B5604601880A0A0230DF2AFAD1C9B2D8
:10288000820804D3028840880004104300E00068F6
:10289000014A5050039007BDD01200200FB403BC72
:1028A0000CBCF0B50124E407634000E0F0B50C0D6A
:1028B000CF0F661E3605891B640503D3C94340420A
:1028C00000D30131640D03D0661CF60A07D0E41B67
:1028D00000207F00791C89078912803C24031D0D8C
:1028E000DF0F6E1E36059B1B6D0503D3DB43524283
:1028F00000D301336D0D03D06E1CF60A07D0ED1B1B
:1029000000227F007B1C9B079B12803D2D032F1B09
:10291000661B58D4A446202E46DA20371400BC404B
:102920001D00BD40F24033412A4380185941CB0F6E
:1029300005D0C943C0430022644250415141624620
:102940004D0D28D10D0D07D100281FD0241940416D
:102950004941013A0D0DF9D0640006D3013000D38E
:102960000131002C01D140084000013A0BD4941CE5
:10297000E40A04D112051144DB071944F0BDD9075C
:10298000204B194300E0D9070020F0BD0029DDD11C
:10299000002CDBD1F0BD0132C6074008CD0728432B
:1029A0004908002EE1D0D9E73C2E29DA203E4037F5
:1029B0001400BC4000D00124F24014431A00BB4074
:1029C0001C43D317ACE7AC46202F08DA20360400AE
:1029D000B4400D00B540F84039412843A5E73C2FED
:1029E0000CDA203F40360400B44000D00124F84007
:1029F00004430800B1400C43C117EAE71000190076
:102A0000002494E70000F07FF0B50C0D661E36053B
:102A1000891BE60A6405640D02D0651CED0A04D02A
:102A2000002001210905803C2403A4461C0D671EDB
:102A30003F05DB1BE70A6405640D02D0651CED0A47
:102A400004D0002201231B05803C2403774064440A
:102A500097B484B296B27443070C7E43150C6F434F
:102A600080B26843361802D3012000043F183004B6
:102A7000350C00197D41844688B29AB250430C0C43
:102A800062431F0C7C438EB27E43921902D301260F
:102A90003604A4191604170C3618674101BC81B21C
:102AA0009AB25143040C62431B0C5C4380B25843FE
:102AB000121802D30120000424181004130C40182B
:102AC00063412D185E410020474106BC88B293B295
:102AD00058430C0C6343120C544389B251435B18A6
:102AE00002D301210904641819041A0C091862415F
:102AF0006D1856410020474118BCF902720D114370
:102B0000F0026A0D1043ED020A0D03D16D19404128
:102B10004941013B124E9B1B7600B3420ED26D0021
:102B200007D30130002671416646354301D1400884
:102B300040001B05C918E4072144F0BD0BDA01333E
:102B400006D1013004D101314F0D01D04908F2E71F
:102B5000E1070020F0BD013631050020EBE7000061
:102B6000FF030000F0B51C0D671E3F05DB1BE70AE5
:102B70006405640D02D0661CF60A04D0002201230D
:102B80001B05803C2403D0252D060026F6432E6627
:102B90001E096E66CE0FF619B44649004F0D02D0DD
:102BA0007E1CF60A03D000200021403F3F033E1B5D
:102BB000B600B444013F7F05C91B49082E6F01369A
:102BC00076089C02950D25437543ED137543AD13AF
:102BD00001356D10F603761B0CB4CC02450D2C4369
:102BE000A2B2B3B25A43270C7B43350C6F43A4B255
:102BF0006C431B1902D3012424043F191C041D0C2F
:102C0000A4187D4124196D41009A91B2ACB2614380
:102C1000170C7C432B0C5F4392B25A43A41802D387
:102C200001221204BF182204230C52187B41019C7C
:102C30006C431B19520ED9010A434401A01A81B2F8
:102C4000B2B2514303145A43360C734387B27743ED
:102C5000D617D21900277E4136049B191704160C8B
:102C60007F185E417316ED18F3010026803375411D
:102C7000A90F06D16400690AE8055B0A184309D266
:102C80002FE00422944480337541A90AA8059B0AC9
:102C9000184326D3404149412404009A019B0D006A
:102CA0005543641B4343E41A95B286B27543170C2F
:102CB0007E43030C5F4392B25A43B61802D30122FB
:102CC0001204BF183204330C52197B4152429C410A
:102CD000002C02D40022013051414008CA071043A1
:102CE000490802B06246D7079210084BD218084B29
:102CF0009A4203D212058918C919F0BD0020002A92
:102D000001DC3900F0BD01331905F5E7FD030000D2
:102D1000FE070000002200B5203200F004F8080091
:102D200000BD000000220B150AD410B5944600F037
:102D300079F81414013400DA0021CB17144C204721
:102D40000020002170476244343A0CD40C2A07DA80
:102D500004009140904052422032D440214310BDA3
:102D6000D843D94310BD203207D40C469440524278
:102D700020321141D040204310BD0800C917203235
:102D800003D452422032104110BD1800190010BD6A
:102D9000472D001000210A00002104E000210A0054
:102DA000C11704E00022002306E0C0460022CB1732
:102DB00058405940C01A994130B5184CA21A002900
:102DC00003D1010010D00020203A4C1512D104D2BA
:102DD000013A001849414C0DFAD3114CA24204D2D9
:102DE00012058918DB07C91830BDD243520D0020E7
:102DF0000021F5E703D4013A00184941FBD50B3215
:102E00004405C00A4D052843C90A640003D00024C4
:102E100060416141E1E7E0D34408F8E73204000093
:102E2000FE0700000A0DCC0F531E1B05C91A5205E0
:102E300003D3C943404200D30131520D03D0531C88
:102E4000DB0A07D0121B00206400611C890789126D
:102E5000803A1203014BD21A70470000FF030000B2
:102E6000023225D40C2A1CDA1125AD1A0B002B4195
:102E7000083207350600EE40904091403143F0CCD7
:102E800063431A1500235A41554356435743BF0223
:102E9000F412760576196741ED177F19801BB94149
:102EA00070470C220020C917490001310905DBE7F2
:102EB0000902030E194300025342203208D40C00C9
:102EC00019419440D840204300225041514170475D
:102ED0000800C917203B2032F1D500200021002234
:102EE00070470000F0B5FFF79DFF54A4FFF7B8FF4F
:102EF000002904DA204C214D00196941013A04B43B
:102F0000012752A6002201239B0730CEB446001BA6
:102F1000A9410BD47E4220361D003D411C00B44027
:102F20001600FE40344362416B4101E000196941E3
:102F300066460137212FE8D185B29EB2754307144A
:102F40007E43190C4F4384B24C43F11736190024C9
:102F5000614109047F183404310C64197941A40FCC
:102F60008800204389178018594104BC52423E32E0
:102F7000FFF71DFFF0BD00006BDE73F4FD855C2CD8
:102F8000F0B54F0050D27F154ED001374FD0FFF72C
:102F900049FF04B44902C20D1143400201272BA688
:102FA000B446002200237E4220360D003D410C0035
:102FB000B4400600FE40344344414D41AE0F05D1BC
:102FC00020002900664630CE121BAB410824A444E1
:102FD0000137212FE7D18900891012184B4180BC9D
:102FE00017A413CC0137784379437C434F05C912AA
:102FF000CD17C0196941A702A415CD17C9196C4195
:10300000DD17801859416C413E22CD17AC4208D0E3
:1030100000090E0730430909260731432411043AF9
:10302000F3E7FFF7C4FEF0BD02490020F0BD0249FE
:103030000020F0BD0000F0FF0000F07FAAB8000003
:103040006BDE1300A3EF0F0021170B00F34B98BFAB
:10305000EC23F319D6104DCDE3FB470E7AB9BC8AA9
:10306000DBC18907CC542C021846E103053083E705
:10307000B029F8011E1FE0874505FE00249E41ACE3
:10308000A9807F008117624515E03F00E610ABA9DB
:1030900002F81F008858455500FE0F00C4AAA90A6F
:1030A00080FF070056455501E0FF0300ABA92A0049
:1030B000F8FF010045550500FEFF0000AAAA0080A8
:1030C000FF7F0000551500E0FF3F0000AB0200F855
:1030D000FF1F0000550000FEFF0F00000B0080FFE7
:1030E000FF0700000100E0FFFF0300000000F8FF01
:1030F000FF0100000000FEFFFF0000000080FFFF56
:103100007F00000000E0FFFF3F00000000F8FFFF2D
:103110001F00000000FEFFFF0F00000080FFFFFF08
:1031200007000000E0FFFFFF03000000F8FFFFFFC3
:1031300001000000FEFFFFFF000000000000008013
:103140000000000000000040000000005143434325
:10315000C9188C46110C83B24B4310B4040C614364
:1031600092B280B2504362431C041B0C001910BC85
:1031700059411304120CC0185141614470470000BA
:10318000132310B512481C78FEF78EFE0100012CA7
:103190000AD003DD80220F4800F048F80E48FEF701
:1031A0007BFE0E4B186010BD0A4C5422200000F02C
:1031B0003DF80B4B6365A365E36523666366A36611
:1031C000E36623676367A367E3672362E361E5E779
:1031D00053460000D01300204C330000402500204F
:1031E000E531001007B5604601880A0A0230DF2A7F
:1031F000FAD1C9B2820804D302884088000410437F
:1032000000E00068014A5050039007BDD013002031
:1032100001480421014B1847B0100020B91E0010CE
:10322000014B1B6818470000B0100020014B5B6881
:1032300018470000B01000207047C046F8B5574648
:10324000DE464E464546E0B599460A9B07009A463B
:103250000D9B884693460B9C9B073BD10C9B9C4245
:103260003DD21E1B0B9415000C005E442A004B46F9
:10327000013521002020B847B542F7D1A0460B9C6C
:10328000002C20D0454636195346321B013C185DB0
:1032900029004B46B847002CF6D12B003500984644
:1032A0000D9B9B070FD55B46EC1A0C9BA3420AD9DA
:1032B000464698462A004B46310020200134B84744
:1032C00001354445F6D32800F0BCBB46B246A946BA
:1032D000A046F8BD16001500002CD3D1E0E716007B
:1032E0001500002CCED1EEE7F0B54546DE46574638
:1032F0004E46E0B585B09C4610AB1B78149F9346B4
:1033000098460F9C129E139DBB074CD4002D42D1B2
:10331000B44248D201233B4099460E9B013B9A465A
:10332000302304E0524601341355A64201D9202C23
:10333000F8D14B46002B00D183E00E9B013B994610
:103340003023A54205D82EE04A4601341355AC423D
:1033500029D0202CF8D1FB060CD57B0554D4A642ED
:1033600063D0A54261D0119B102B50D0022B57D0B7
:10337000202C32D1202301930E9B5A4600930397B1
:1033800063460295FFF75AFF05B0F0BCBB46B24654
:10339000A946A046F0BD01233B40994601233B428C
:1033A0002AD1B442B9D3FB061CD57B05DBD4002C53
:1033B000D5D1119B102B5BD0119B022B6BD03023EE
:1033C00001240E9A13704346002B10D17B073ED583
:1033D0002B260E9A631C1655CDE7230001343026A8
:1033E0000E9AD654202CC5D04346002BEED02D2665
:1033F0000E9A631C1655BEE74346002B2FD0013DA5
:10340000B44200D289E798E7119B102BB2D1BB06DA
:1034100037D5202CAED058230E9A13550134A7E788
:10342000202CA7D02300013407E0631E012CC0D05C
:10343000119A102A31D0022AD1D162260E9AD6547E
:1034400096E7FB06CED57B0500D488E78BE7230003
:103450003E0790D520260E9A013316558BE70C2394
:103460003B405A1E9341ED1AB44200D255E764E73F
:10347000BB060ED478230E9A0224137030235370A7
:10348000A1E7202C00D175E778230E9A135501345B
:103490006EE75823EFE76033EDE70E9AA61E9146DC
:1034A0004E44BA0602D55822327098E7782232701C
:1034B00095E7C04610B5002800D110BD01F082FC90
:1034C000FBE7C0460B0010B5002802D049681B6816
:1034D000984710BDF0B55746DE464E464546E0B526
:1034E00095B083460F00924698461E9A1F9B100087
:1034F0001900209EFFF7F9F8002800D0EAE11E9895
:103500001F990122C54B5242FFF7D4F8002800D082
:1035100014E11E981F990122C14B5242FFF7E0F8B7
:10352000002800D0E9E01E981F990022BD4BFFF74C
:10353000D7F8002800D0C8E01E981F990022BA4B87
:10354000FFF7B8F8002800D0BFE01E981F990022AE
:103550000023FFF7AFF8002800D0E4E000230B932E
:10356000229B5B0500D406260024302307E01721A8
:1035700006AA013452181355013E202C01D0092E01
:10358000F5D81E981F99FFF7D9F8A84BF2009B18A1
:103590001A685B68050008920993FFF7B7F8020004
:1035A0000B001E981F99FFF712F8089A099BFFF766
:1035B0003EF806900791FFF7E5F88146FFF7A2F87D
:1035C00002000B0006980799FFF701F80022984BBC
:1035D00006900791FFF784F8002800D10DE1012340
:1035E0009C46E1444846FFF78DF802000B0008981E
:1035F0000999FFF765F8002802D0002399460135A4
:10360000002E00D1D9E006954D46B94614E006AA31
:10361000944617230A216344280001341F19FEF73A
:103620009BFD3031397028000A21013EFEF794FDE0
:10363000092D00D817E10500202CE8D14F46069D42
:1036400020240CAE06AA17239446634499465B4691
:10365000B34606930FE04B4628000A210134E618D2
:10366000FEF752FD3031280031700A21FEF74CFD83
:10367000051E00D1E4E0202CEDD1069B5E469B4662
:103680000323229A1340012B18D1219B002B15D024
:103690000B9B002B00D1FDE0219B013B2193202BB4
:1036A0000CD93023219A07E0172006A90134091804
:1036B0000B55944200D3CCE0202CF5D1229B0194F1
:1036C0000393219B0096029322E0229B524604938F
:1036D000219B3900039358461E9B1F9C0296009322
:1036E0000194434600F04AF90400200015B0F0BCF4
:1036F000BB46B246A946A046F0BD229B5B070FD44D
:1037000003224C4B2299019203912199009302913B
:103710004346524639005846FFF790FD0400E4E75F
:103720000422454BEEE71E9A1F9B00200021FEF766
:103730004EFF01231E901F910B9311E7229B5446CD
:103740009B0711D1219B042B0ED9219B55469C46EA
:103750005E46043C64442A0043460135390020207B
:10376000B047A542F7D1B346344D26002B1F9946EA
:103770005B46A3461C003200E87843463900013D11
:10378000A04701364D45F6D123005C469B46229B5F
:1037900004349B07A9D55346219AE31A9A42A4D927
:1037A0005E4615002200434639002020B0475346AC
:1037B0000134E31A9D42F5D897E72800FEF7A6FFEB
:1037C00002000B001E981F99FEF701FF0022184B04
:1037D00006900791FEF76EFF0CAE002800D031E78F
:1037E000069807990022124BFEF77AFF002800D0B6
:1037F00028E7012301359D4324E700220698079915
:103800000B4BFEF757FF002800D0F9E64B46002B84
:103810005CD101239C46E144F2E6C046FFFFEFFF86
:10382000FFFFEF7F65CDCD4165CDCDC1688D001027
:103830000000E03FF0890010E8890010F8890010CE
:10384000069B5E469B460323229A1340012B00D120
:1038500081E0202C00D131E70B9B002B27D02D23BA
:10386000335501342AE74F46069D202C00D1E7E668
:103870003022331907E0172006A9013409180A5528
:10388000202C00D1DCE6A342F5D12E220CAE01346F
:10389000F254D7E60C23229A134257D0219B013BC6
:1038A0002193A34200D9FCE6202C00D106E7229BFD
:1038B0005B0703D52B2333550134FFE6229B1B07FF
:1038C00000D4FBE6202333550134F7E6DB0700D4B0
:1038D00096E69EE7229B55469B0711D1219B032B21
:1038E0000ED9219B54469C465E46033D654422000A
:1038F0004346013439002020B047AC42F7D1B346EB
:10390000B9465F461C4EEC1C2A00B0784346494637
:103910000135B847013EAC42F6D1229BBB464F462B
:103920009B0700D4E1E65346219AE31A9A4200D855
:10393000DBE65E4615002200434639002020B047F2
:1039400053460134E31AAB42F5D3CEE6219BA342A2
:1039500000D9A6E6B2E6219B002B00D179E70B9BAC
:10396000002B97D0219B013B21939C4200D298E6EB
:10397000202C00D073E7A1E6F4890010F0B5DE46F4
:1039800057464E464546E0B599B081468B4692462D
:103990009846229A239B10001900FEF7A6FE0028E5
:1039A00000D0CAE0229823990122824B5242FEF7AE
:1039B00097FE002800D0C0E02298239901227E4B78
:1039C0005242FEF777FE002800D0B6E022982399F5
:1039D00000220023FEF76EFE002800D0C9E1229BE2
:1039E000239C08930994089809998023269ADB0060
:1039F0001A400D928022269C1201144022000B9442
:103A0000269C07000E001C4200D0ADE00B000343D3
:103A100000D0D5E0002A00D00AE222000633249329
:103A2000022313400C930223134200D002E2259B91
:103A3000042B00D20FE2043B0B93002304250A93CE
:103A40000022229823990023FEF734FE002800D09C
:103A500003E25A4B269A134004930B9B0393249B37
:103A60000293089B099C0093019459464346524691
:103A70004846FFF72FFD02002020269B1F2703400A
:103A800059424B415B421840531C089359464346E8
:103A90004530C8470A9AD317D4185C40D30F0A930D
:103AA0006B1E0B9308AB9C460025674401E0202D5C
:103AB0000FD020000A21FEF74FFB01357E1930316F
:103AC000317020000A21FEF747FB26000400092E72
:103AD000EDD8052306930B9B5946059300230493C9
:103AE0000A3303930A9B4846029310AB0093089A4B
:103AF00043460195FFF7F8FB0C9B002B2DD0534656
:103B0000C41A259BA34228D94D465F4681461E0014
:103B1000534639001A19202043460134A847A642CB
:103B2000F6D8534648462599C21A013200239142DD
:103B300000D386E1013018180FE0269B0493259BE3
:103B40000393249B0293229B239C0093019443465E
:103B5000524659464846FFF7BDFC19B0F0BCBB467B
:103B6000B246A946A046F0BD01432BD10B9B2200D3
:103B7000002B00D154E700230A93249B0A9A0024C7
:103B8000934200DD85E12298239900220023FEF76D
:103B900091FD002800D035E1269B084A02941A4086
:103BA0008023DB0013430493259B0393089B099C0C
:103BB000CBE7C046FFFFEF7FFFFFEFFFFFF7FFFF01
:103BC00006232493B44B70009C46400D6044FEF7DE
:103BD0009DFDB24AB24BFEF72AFDB24AB24BFEF748
:103BE000FFFC3603B14B360B334304000D003800A5
:103BF00019000022AE4BFEF7EAFCAE4AAE4BFEF7D0
:103C000016FD02000B0020002900FEF7E9FCFEF77C
:103C100095FD0A90FEF77AFDA84AA94B04000D0015
:103C2000FEF705FD0022A74BFEF7DAFCFEF786FD46
:103C3000A54A0600A54B20002900FEF7F8FC040069
:103C400030000D000C96FEF761FDA14AA14BFEF776
:103C5000EEFC02000B0020002900FEF7B8FC020079
:103C60000B0006000F00FEF7E2FC320004000D001E
:103C70003B0030003900FEF7B3FC00220E900F919C
:103C8000954B20002900FEF7B4FC0022934BFEF771
:103C9000A7FC02000B0020002900FEF7AAFC00226E
:103CA0008F4BFEF79DFC02000B0020002900FEF761
:103CB000A0FC0D008021040032003B000020C9055B
:103CC000FEF785FC02000B0020002900FEF788FCAF
:103CD00002000B000E980F99FEF78BFC0022734B2D
:103CE000FEF77EFC7F4B0C9C9C466444002223051F
:103CF000FEF79DFC06000F0002000B0008980999D2
:103D0000FEF7D8FC00280AD00A9B3000013B39009E
:103D10000A930022714BFEF76CFC06000F000A9A12
:103D2000330063323900C62A12D8022226980425AD
:103D300010400B9A0C90002A25D1259B042B05D905
:103D4000002800D0A1E0259B043B0B93042541E013
:103D50000222269810400B9A0C90002A12D1259B23
:103D6000052B76D9002872D1259B0525053B0B93A1
:103D700034E0802212069446229B0893239B6344DE
:103D8000099330E605250B4300D1F6E6089809991A
:103D9000554A564BFEF79CFC002808D00898099914
:103DA0000022534BFEF786FC002800D0E5E6249B5A
:103DB000002B1CD00D9B002B19D0249B013B24937E
:103DC000259BAB4204D90C9B002B5AD002230C93A9
:103DD00000230B930A9B002B00D131E60898099928
:103DE00032003B00FEF705FC0890099128E6259B70
:103DF000AB42EDD90C9B002B43D000230B93023335
:103E00000C93E7E78020269B3A4A00061A4080235D
:103E100084460294089C099D2900DB001343049307
:103E2000259B6144220003930B00009201938EE6D0
:103E30000524A8E600230B930A93023304250C9370
:103E4000FEE553468C46013B63441B1A72E602238F
:103E50000C930525C2E70423EDE58020089E099F09
:103E6000000639008446269A224B6144134004938D
:103E70000B9B32000393249B02930B00009201934F
:103E8000F3E5259B5B1B0B93A4E7022304250C930E
:103E9000A0E79C1A013C76E601FCFFFFFB799F50EE
:103EA0001344D33FB3C8608B288AC63F0000F03F5D
:103EB0000000F83F61436F63A787D23F71A3790980
:103EC0004F930A400000E03F1655B5BBB16B02406E
:103ED000EF39FAFE422EE63F00002C40000024405D
:103EE00000001840FF0300002D431CEBE2361A3F90
:103EF00080842E41FFF7FFFFF0B5DE4657464E4661
:103F00004546E0B5A5B01E002E9B92460C93CD4AC7
:103F1000CD4B80468B461A60002900D1EAE1002390
:103F200030789946002800D1ECE1C84B4C460B9301
:103F3000C74B454657460E930AE0631C984622003D
:103F40003B005946A84744463078002800D187E016
:103F500001362528F1D108239A46043B9946023BB5
:103F60009846013B00229C460D943078711C03005A
:103F7000203BDBB2102B03D80B9C9B00E3589F46E1
:103F80000300303B89460D9C092B3AD90023984603
:103F90002A2800D1C1E000239A462E284BD00300E6
:103FA000683BDBB2122B1ED80E999B00CB589F4664
:103FB00063460E001A43D8E743460E001A43D4E77F
:103FC0004B460E001A43D0E710230E001A43CCE7ED
:103FD00053460E001A43C8E780235B001A43FF3B99
:103FE0009C467078E1444E4667284FD82428A4D9CF
:103FF0000300253BDBB2422B9FD896499B00CB5850
:104000009F46002394461E0000E00131B3009B1937
:104010005B001E180878303E0300303B092BF4D9B2
:104020000123624689469C460023B0469A460E000C
:10403000E1442E28B3D13021802049428C46C00073
:10404000024370784B4684446146092900D86CE1EC
:104050002A2800D17AE101239C464E46E1449EE79E
:10406000A146A846BA46CA4503D801235B42534439
:10407000994653464A4659460020C047200025B07D
:10408000F0BCBB46B246A946A046F0BD0300693B62
:10409000DBB20D930F2B00D94FE7012199408C46DD
:1040A0006D49894661464B4619400F916346494622
:1040B0000B4200D028E10D9B0A2B3AD0072B00D0F1
:1040C0003BE70C9B190008C98846002B00D14BE147
:1040D00021200243914614A98C461F220F216244DD
:1040E0008C4651460D950C91A24615000F9902E0A1
:1040F00020290CD0130064461C4020003730092CC6
:1041000000D80738013168541A090F2BF0D80C9BDE
:1041100054460D9D9A460F9133E10C9B02CB884685
:10412000002947DB0C9301239C4670784E46E144FE
:1041300031E70C9B02CB14935346002B00D138E19E
:104140009C4608780B000C908C44002801D100F0AC
:1041500098FC89466146944603E05A780133002A68
:1041600001D08B42F9D1494662465B1A0C900F93FD
:10417000530500D520E10223180010400D90134292
:1041800000D1CBE30D930B1BB1469A465E460C98CB
:1041900022003B003100A84753460134185D002837
:1041A000F6D1B3464E460D9B002B00D0C7E1149BC1
:1041B0000C93C9E60C9301239C46283849420243DC
:1041C000884670784E46E144E5E670786C2800D168
:1041D0007FE180235B001A43FF3B9C46E14402E7FA
:1041E00080239B001A4301239C467078E144FAE641
:1041F0007078682800D173E180231A437F3B9C4686
:10420000E144F0E6672800D103E1472800D15AE1F4
:10421000452800D15AE10492072142460C9B0392A3
:10422000073352468B43190002920CC928000092B2
:1042300001930C9122003B005946FFF79FFB0400BD
:1042400082E6C046F93E0010F4240020CC8B00101A
:10425000108C00105C8C001041900000462800D1AA
:10426000DBE00492072142460C9B0392073352463F
:104270008B43190002920CC92800009201930C9103
:1042800022003B005946FFF725F904005CE6631C59
:10429000984622003B0059462520A847444653E64D
:1042A0000C9B04330D93631C9946920700D422E1C2
:1042B0000C9B2200187859463B00A84743464444CB
:1042C000012B00D885E23300B8462E005F4625005A
:1042D0004C46994622004346013439002020B0471D
:1042E000AC42F7D12C00BB46350047464E460D9BED
:1042F0000C9329E6DB4B307898460023994600283A
:1043000000D012E60024AEE66F2800D188E000D885
:104310000BE31023782800D1CFE09A430A239C4670
:1043200000230F930A330D9380E05646B10089199C
:10433000490001330E181878303E01003039092940
:10434000F4D9B2461E000133994628E60C9B02368A
:1043500002CB8A46C9435046C917084082460C938F
:104360003078731C99461AE61023100098431133D5
:104370001843814680201300C0000340024200D150
:10438000A9E64B460693082305935346049310234E
:104390000393002302930F9B220001931CAB009315
:1043A00059463B002800FEF79FFF434604000C934C
:1043B000CAE501235B42C3E60F9B534501D953462F
:1043C0000F930223180010400D90134200D1B7E163
:1043D0000D93D1460B1B9A463300A1442E002200B8
:1043E0004D460C98B9465F469B4608E04B4639005F
:1043F000541CB0475346185D002877D022009542E0
:10440000F4D15B46BB464F46A94635004C461E00DC
:10441000C9E680231B011A43FDE620231A4320E747
:1044200008239C4600230F9308330D93802311002B
:10443000DB0019401A4200D116E10D239A43100007
:10444000802302009B001A401492184200D0C2E15F
:10445000802302005B001A4091460C9A04320F92AE
:10446000184200D0B7E2430600D59FE1030600D40E
:1044700019E30C9B1B880993002B00D0FCE110333F
:104480009843002900D1F7E100239946434605935C
:10449000534604930D9B069003930023D2E05828C3
:1044A00008D0622867D102239C4600230F93023371
:1044B0000D93BBE720231A43103B9C4600230F9328
:1044C00010330D93B2E780231B011A4320231A43B4
:1044D000A1E6C0239B001A43F31C9946B07882E5FD
:1044E000C0231A43F31C9946B0787CE535005E463C
:1044F000BB464F4657E64346012B00D863E1631E97
:1045000043449A463300B9462E005F4655469B46C3
:10451000A24622004B46013439002020B047AC426D
:10452000F7D135005E46BB464F46A14654460C9B2C
:104530004A46187859463B004444A847D7E6A14666
:104540000F9B984500D832E64444E41A3300B8463D
:104550002E005F4625004C46994622004346013412
:1045600039002020B047AC42F7D12C00BB463500C3
:1045700047464E461BE680231000DB0018401A42D7
:1045800000D10FE1112118008A430D920D9A80236A
:1045900011009B0019408C461A4269D180231100FA
:1045A0005B00194089460C9904310F911A4200D0E2
:1045B000CAE113005B0600D5F0E013001B0600D42F
:1045C00059E20C9B00229B5ED9175A184A4092B2BE
:1045D000D90F0C91002B00D1F9E1100014AA9446D8
:1045E00042461F23149252466344A84616944D46F1
:1045F0000400B946B2461F00159201E0202D0FD0ED
:1046000020000A21FDF7A8FD01357E1930313170F7
:1046100020000A21FDF7A0FD26000400092EEDD898
:10462000149B4F46A94645469846159B56469A46C2
:10463000169C0D9B069343460593534604930A2309
:1046400003930C9B02934B4601931CAB22000093F7
:1046500059463B002800FEF747FE0F9B04000C93D1
:1046600072E4C046393200100C239A431000E7E68A
:1046700007220C9B07339343013294469C446246C5
:104680000C920CCBD90F0F911100194300D191E07E
:10469000D9171391129151401091139959401191CA
:1046A00010981199129A139B801A994110901191A8
:1046B00014AA0023944642469946149252461F3348
:1046C0006344A846B24616944E46109C119DB946C6
:1046D00015921F0001E0202E10D0200029000A2290
:1046E0000023FDF777FD013630322B00BA550D005F
:1046F00022000400002BEED1092AECD8149B109460
:10470000119545469846159B4F46B14656469A46E2
:10471000169C0D9B069343460593534604930A2328
:1047200003930F9B02934B4601931CAB2200009313
:1047300059463B002800FEF7D7FD0400FFF704FCB4
:104740000F9B984500D8C1E18023DB000D934346C1
:104750000F9A1B199B1A994633002E004D46B946F5
:104760005F469B460C9122004B46013439002020C5
:10477000B047AC42F7D143460C9901330F930B7805
:1047800035000C935E46BB464F46002B00D10EE52C
:104790000D9B002B00D1F6E4002319E60C9B1B783F
:1047A0001A0015E710239A430D92EFE60C9B1B7835
:1047B000099361E6002399460028AAD1002200232C
:1047C0001092119374E70C9B2200187859463B0015
:1047D000A8474C468BE50C9AFA3BFF3B07329A43BD
:1047E0000133994691444B460C93136852681592D5
:1047F0001A4306D11032904300220992002900D0BA
:1048000081E06122810600D54122D2B20A9214AA27
:1048100091460A9A00210A3A149242461792524649
:1048200018925A460991B3461F311E000F9B494406
:10483000BA4619941A950024674698468946159DEC
:1048400016901B920AE03032D2B24B4601341A5510
:10485000A8454AD0202C4AD006000D003A0000237B
:1048600030002900FDF7B6FCD2B2092AEBD9149B1F
:104870009C466244D2B2E8E76123820600D5412318
:10488000DBB20A3B0C93434614A91F228C461593B6
:1048900053466244A046B2464C461797A9461700B5
:1048A000099D0D9E1490169308E03033DBB201345D
:1048B0003B55B5420ED3202C0CD00500310028000A
:1048C000FDF74AFCCBB20929EFD90C9A9446634410
:1048D000DBB2ECE7159B4D46A14644469846169B35
:1048E000564614989A46179FD0E5B742B2D9179BFF
:1048F00057469846189B5E469A461B9B09949B46D2
:104900001698199C1A9D43460593534604930D9B94
:104910000690039300230293099B05E70F9B98459C
:1049200000D914E701330F932DE4102311009943AC
:104930000D91692800D0BAE080231000DB001840F8
:104940001A4200D122E61DE60C9B1B68DA0F11000B
:10495000002B00D18CE0DA179818504014AA914629
:1049600042461F23149252464B44A046A94616972E
:1049700004006546B2461F000C91159201E0202DFF
:104980000FD020000A21FDF7E7FB01357E193031F9
:10499000317020000A21FDF7DFFB26000400092EFC
:1049A000EDD8149B444698460C9BAC461900159BC9
:1049B00056464D469A46169F0D9B029106934346D6
:1049C0000593534604930A23039363463CE6002869
:1049D00000D02EE602E60C9B1B689946002B03D103
:1049E00010339843002938D16123820600D5412332
:1049F000DBB20A3B0C9343461693534614A91F227D
:104A00008C4617932B006244A0464D46B246189739
:104A100099461700149C0D9E159008E03033DBB2C8
:104A200001343B55B5420ED3202C0CD0050031008B
:104A30002800FDF791FBCBB20929EFD90C9A9446D7
:104A40006344DBB2ECE7169B149444469846179BEC
:104A500056464D469A461598189F43460593534629
:104A600004930D9B0690039300230293149BEBE5A4
:104A70000028A1D172E70C9B1B68D9175A184A402D
:104A8000A6E580231000DB0018409C460F901A42D8
:104A90000FD00220030013400F93104219D00023BF
:104AA000A1460F934CE50C9B1B680993E4E40A00B4
:104AB00034E40223180010400D90134200D03EE56C
:104AC0004346002B00D042E6FFF771FB01330F9302
:104AD0007FE463460D93F3E710B50C0084B00394B4
:104AE000012402A902900093034813006242FFF7D9
:104AF00003FA04B010BDC046C534001010B5094A11
:104B00000300146884B0002C08D0012200910648EC
:104B1000524203A9A047012004B010BD00F09CF947
:104B20000020F9E7F4240020B534001000BEFDE7B2
:104B300010B5FFF7FBFFC04670B5FDF70DFA074D46
:104B4000074EB54209D20024013E761BB60808CDB7
:104B5000984723000134B342F9D170BDFC8800109E
:104B600004890010030010B5080011001B68984765
:104B700010BDC046F0B5C64600B5437D07000C0029
:104B80001600002B46D0002A17DD0B780A2B24D004
:104B900000239846012E13D001252900635C0135BE
:104BA0000A2B26D0B542F8D1464509DCA419013CB0
:104BB00023780D3B5A4253413B7580BCB846F0BD4B
:104BC0004346E018A419F11A013C3B689847237842
:104BD0000D3B5A4253413B75EFE7037D002BD7D184
:104BE00002210F483B689847012EDFD001239846E9
:104BF000D2E7631E5B5C0D2BD4D0884504DA4346B4
:104C0000C91AE0183B689847022105483B68A84646
:104C10009847C7E70368110020009847CDE7C046D2
:104C2000B88D0010F0B5C6460B6806000C0000B544
:104C3000802B06D05A1C2260E418267180BCB8462E
:104C4000F0BD0F4B1D68002D16D00B1D98460D4F63
:104C500002E02D69002D0FD02B68002BF9D03B68A6
:104C6000002B01D0AB42F4D1280041462268FFF767
:104C700081FF2D69002DEFD101220023DBE7C04623
:104C8000D8200020E0200020F0B54546DE464E4604
:104C90005746E0B583B091461C0080460D00FCF7F6
:104CA00081FE0023304A12184B41002B02DA012208
:104CB0002E4B52422E4908008A4603F0E9FD0700B8
:104CC0006B1C03D1404603F06BFD0500002C27D080
:104CD000284E294B1C68002C18D04B46002B21D1A4
:104CE000264B994602E02469002C0FD02368002B44
:104CF000F9D04B461B68002B01D09C42F3D1200019
:104D00002A004146B0472469002CEFD1002F26D15C
:104D1000280003B0F0BCBB46B246A946A046F0BD91
:104D2000174ED6E7154B99460A239B4602E02469A5
:104D3000002CEBD02368002BF9D04B461B68002BCE
:104D400001D0A342F3D12A0041462000B0476B4670
:104D50005A462000DA71D91D0122B047E7E75046D4
:104D600003F066FDD4E7C04640420F00FFFFFF7F1F
:104D700020110020754B0010D8200020E0200020DA
:104D8000654B00100A4A1368002B05D10CE01A008D
:104D90001B691032002B07D08342F8D1002902D1C1
:104DA00018691060196170470029FCD01060FAE79B
:104DB000D820002010B500F0ADF900F0E9FB01208B
:104DC00010BDC046F0B5CE46474680B583B06B46B1
:104DD0000600DD1D2870FCF7E5FD0023194A1218B6
:104DE0004B41002B02DA0122174B524217490800AF
:104DF000884603F04DFD164B81461C68002C14D0EC
:104E0000144F02E02469002C0FD02368002BF9D046
:104E10003B68002B01D09C42F4D1200001222900E4
:104E2000FFF7A8FE2469002CEFD14B46002B05D1DB
:104E3000300003B0C0BCB946B046F0BD404603F0F8
:104E4000F7FCF5E740420F00FFFFFF7F2011002035
:104E5000D8200020E020002070B5040003F0A0FC62
:104E600001230100050001222000FFF70DFF084B80
:104E70001C68002C06D06368002B05D09847246975
:104E8000002CF8D1280070BD2469002CF3D1F9E77B
:104E9000D8200020F0B5CE46474680B5A3B0040028
:104EA0000D00FCF77FFD0023274A12184B41002B11
:104EB00002DA0122254B5242254E300003F0E8FC75
:104EC00000232200019307002B00224801A9FFF7CD
:104ED00003FE214B804699461C68019B002B1AD08B
:104EE000002C2FD01D4D02E02469002C0FD0236828
:104EF000002BF9D02B68002B01D0A342F4D1200065
:104F0000019A02A9FFF736FE2469002CEFD14B4627
:104F10001C6800230193002C06D06368002B0BD083
:104F200098472469002CF8D1002F07D1404623B0C0
:104F3000C0BCB946B046F0BD2469ECE7300003F0D0
:104F400077FCF3E70194EFE740420F00FFFFFF7F9C
:104F500020110020254C0010D8200020E020002047
:104F60000FB400B583B004A901C90191FFF792FF06
:104F700003B008BC04B01847F0B5002915DD0E4B8E
:104F80000D271A680D4B0E4CD3185D426B41451826
:104F900020215B001E5F0478A64207D09369194266
:104FA000FCD101301460A842F5D1F0BD93691942DB
:104FB000FCD11760F2E7C046542500200080FCBFFA
:104FC00050250020204B70B504000D1E1E682ADD00
:104FD000002010211D4B013C1A689369194214D11D
:104FE000013093691942FCD1136823548542F4D1EE
:104FF000002E08D050239363516B183B0B4014498B
:105000008C4662441360280070BD002E08D05023E7
:105010009363516B183B0B400D498C4662441360FF
:105020000028F1D10CE0002E0AD05022074B1B685B
:105030009A63596B183A0A4005498C4663441A60D2
:1050400003204042E0E7C0467020002054250020A5
:1050500034100000064B10B51B68002B06D0002151
:10506000044A12689163044A1068984710BDC0460C
:105070007020002054250020782000200822034BB7
:1050800019688B691A42FCD17047C046542500202C
:10509000F8B51A4F1A4B3A680500D31858424341E5
:1050A000184E14331C003368002D02D0002B0FD093
:1050B000F8BD002BFCD0002120009563FBF7B8FC65
:1050C00020001149FBF710FE104B35601D60EFE723
:1050D0000E4B200019600C493560FBF7E1FC012103
:1050E0002000FBF7A5FC50223B689A63596B183AE5
:1050F0000A4007498C4663441A60D9E754250020CA
:105100000080FCBF70200020555000107820002047
:10511000341000000D4B10B51B780D4B0D4C1B7857
:105120000D4B02211B780D4B00202360FBF7EAFAA0
:1051300002210120FBF7E6FAE12120684902FCF791
:105140007FFC01210648FFF71DFE10BD10920010E4
:105150000C920010542500200892001000400340DB
:10516000C01000207047C0460022014B1A707047E3
:10517000732500204B790020FF2B0BD18B79002B5E
:1051800008D1CB79012B05D1082A03D9024B8A78A3
:1051900009301A707047C0467325002001207047FF
:1051A00010B5012913D112495379107909781B02DE
:1051B00003430020994200D010BD5378012B08D042
:1051C000022BF9D1642200210020FCF70FFE012000
:1051D000F2E7D37891781B021943480ADB0501D422
:1051E000012040427F238A05D20F1940FCF786FE3A
:1051F0007325002000487047A08E001070B5050090
:1052000014000120012909D153780020012B05D178
:10521000637912791B021343072B00D070BD210064
:105220002800024A9F3301F055FAF7E7F88D001085
:105230000123037000487047D88D00104B780A781E
:105240001B0213438A7810B512041A43CB781B064D
:1052500013439622D200934200D010BD00220120B9
:1052600011004042FCF74AFE024B1860024B1960E5
:105270007047C046742000207C20002010B5024BEF
:105280001878FBF7F3FB10BD74250020154B70B5A3
:105290001A68002A22D0EFF3108172B61068002835
:1052A000FCD0BFF35F8F00200F4A596010701B685D
:1052B000BFF35F8F186081F31088002400250B4E28
:1052C0003078FBF7C7FB002804D100240025290013
:1052D000200070BD3078FBF7C9FBF8E7FA24002501
:1052E000A400ECE718250020762500207425002076
:1052F00070B5040000200E0001F00AFB002834D035
:10530000002001F01BFB00282FD0FCF74BFB0023F3
:10531000174A12184B41002B16DB164D280003F0DC
:10532000B7FA002821D0002001F0F2FA00280FD1AE
:1053300001200021404200F001FD032464422800C6
:1053400003F076FA200070BD01220B4B5242E4E7D5
:10535000002001F0F3FA0028EAD0210032000020FA
:1053600001F0F6FA041EEAD1E7E703246442E9E714
:1053700040420F0048250020FFFFFF7F10B5FCF7DB
:1053800011FB00230D4A12184B41002B02DA0122B7
:105390000B4B52420B4C200003F07AFA00280CD041
:1053A00001200021404200F0C9FC002001F014FB64
:1053B0000028F5D1200003F03BFA10BD40420F0059
:1053C000FFFFFF7F48250020F8B5DE46574680B531
:1053D00005000C00FCF7E6FA0023364A12184B4190
:1053E000002B02DA0122344B5242344908008A462B
:1053F00003F04EFA002803D1C0BCBB46B246F8BD4C
:10540000002001F085FA00284AD00026002C43DD58
:105410002B4B9B4614E0A919002001F017FB070055
:1054200001200021404200F089FC002001F0D4FA64
:10543000FCF7B8FA224BF61918605960B4422BDD1C
:10544000002001F023FBA71B0200B84200DD3A0058
:10545000002AE0D101200021404200F06FFC002032
:1054600001F0BAFA002001F053FA002814D000200D
:1054700001F00CFB0028E1D1FCF794FA5B460F0029
:105480001A685B68002184460E4812184B419F42FF
:1054900002D8D3D19445D1D9504603F0C9F9ABE72E
:1054A00000200021064B18605960504603F0C0F9F7
:1054B000A2E7C04640420F00FFFFFF7F48250020C3
:1054C000A812002020A1070030B52A4C85B0002189
:1054D000200003F0C5F900281CD1274B1A68002AC8
:1054E00016D0EFF3108172B610680028FCD0BFF31D
:1054F0005F8F01242148596002781B68D2B2047082
:10550000BFF35F8F0020186081F31088002A17D046
:1055100005B030BD01200021404200F00FFC00200A
:1055200001F00CFA0500200003F082F9002DEFD005
:10553000134B1B68002BEBD0124A10689847E7E723
:10554000FBF788FF0400FCF72DFAFA2200239200F3
:1055500012184B41002B02DA01220B4B524201215F
:10556000029100210191094920000091FBF776FF8B
:10557000CEE7C046482500201825002076250020CB
:10558000742000207C200020FFFFFF7F8D52001040
:10559000D02310B51B0684B01C68FBF75BFFFCF73B
:1055A00057F8A04202D0002004B010BD294B0021C2
:1055B00000201B7801F05EFD27480368002B45D0D2
:1055C0000120FBF7D5FCFF23244C2549207018400F
:1055D000FBF766FA20780121FBF72AFA0520FBF792
:1055E0004DFA002824D1082200211E48FDF718FE9C
:1055F000FBF730FF0400FCF7D5F9FA2200239200F4
:1056000012184B41002B02DA0122174B52420121A2
:10561000029100210191154920000091FBF71EFF26
:105620000028C0DB12480121FFF7ACFB0120BBE7DB
:105630000120FBF7CBF90B4B01001800FBF7FAFC3C
:10564000002205200B49FBF755FAEBE7FBF7D6FCE8
:10565000B6E7C046149200104825002074250020AB
:10566000C954001018250020FFFFFF7F8D52001045
:10567000D81000207D520010004870473C8F001069
:1056800000487047E88E001010B5040017480378F2
:10569000002B20D0002C06D1154B16484380063B2A
:1056A000FF3B038010BD052C1DD8134BA400E05810
:1056B00012490123013804E001330A800231142B1E
:1056C0000DD0C25C002AF7D1C022DBB25B00920091
:1056D00008481343E5E7112100F01AF8DAE7CA2376
:1056E00004489B00DDE70020DCE7C0465825002089
:1056F00009040000B0200020D08E0010B22000204D
:1057000010B5024800F0D8F810BDC046382500207A
:1057100030B54B1E012900D1A7E0664A11780D096A
:105720002C0030349F2900D9A2E00470012B00D155
:10573000BEE00F21147821400C003034092900D933
:1057400098E04470022B00D1B2E05478250929007A
:1057500030319F2C00D990E08170032B00D1A7E05D
:105760000F2121400C003034092900D987E0C47092
:10577000042B00D19CE094782509290030319F2C1E
:1057800000D97FE00171052B00D191E00F2121406C
:105790000C003034092900D976E04471062B00D181
:1057A00086E0D4782509290030319F2C00D96EE09D
:1057B0008171072B00D17BE00F2121400C00303498
:1057C000092966D8C471082B00D171E01479250924
:1057D000290030319F2C5FD80172092B68D00F212E
:1057E00021400C003034092958D844720A2B5FD06C
:1057F00054792509290030319F2C52D881720B2B06
:1058000056D00F2121400C00303409294BD8C472E6
:105810000C2B4DD094792509290030319F2C00D9CB
:10582000073101730D2B43D00F2121400C00303480
:10583000092901D937310C0044730E2B38D0D179A6
:105840000C09220030329F2900D9073282730F2BB6
:105850002ED00F220A4011003731092A01D83032E8
:105860001100C173102B23D010300023037030BD02
:1058700007345AE737310C0063E707316CE73731FB
:105880000C0074E707317DE737310C0085E70731FD
:105890008EE737310C0095E707319DE737310C0073
:1058A000A3E70731AAE737310C00C4720C2BB1D142
:1058B000C018DAE73825002010B588B004000D22A2
:1058C00000216846FDF7ACFC0D22002104A8FDF77D
:1058D000A7FC4B236A466846137004A90D2202F008
:1058E0009FFF1521082220006944FDF79FFC08B0A6
:1058F00010BDC046F8B500F047F90C23194DFF2242
:10590000AB6705201849FBF7F5F8184C4022002139
:105910002000FDF785FC4027002301262121144AA1
:1059200066702783A260136063545F3161844539D8
:105930006354104A10496360E2602787A1620B60DC
:105940006362E26202F064FF80239B052E64EB64D5
:1059500090230A4A0120EA508022094B5202DA645D
:10596000F8BDC04600001150F9040020E4200020DA
:1059700084001050000110508000105010D0010021
:105980000020115010B501210520FBF751F810BD82
:1059900010B500220021024800F016F910BDC046E3
:1059A00004210020044B1970002904D08021902389
:1059B000024A8902D15070476A2500200020115008
:1059C0000B785B0602D14B78052B00D070478A78A4
:1059D000014B1A60FAE7C04600001150F0B5C64608
:1059E000C87800B58007830F1800012B60D08F782E
:1059F0000A794B797F213940FC091B024E00134381
:105A0000334D32195201AA18977001276740577019
:105A100000275B055B0DD7701383D076B846CA00AC
:105A2000012C32D02B4FBC468F016244BC46AC44A3
:105A30006746BA6047461760002932D0264AC90037
:105A400090466246414451603F223F3393430228CF
:105A500037D0224937190A687F01D3180B602049D3
:105A6000EF19FA608B422ED836197601AD19EB7E0C
:105A70001C499B064A4013438022120613436A685E
:105A80001360012080BCB846F0BD174FBC468F01A3
:105A90006244BC46AC446746BA6247461760002978
:105AA00008D1002364012C196360104BE360E8E720
:105AB0000020E7E70B4AC900904662464144516224
:105AC000C2E75B00C5E7FCF741FAFA68CCE7C046DD
:105AD000E42000208400105004001050FC2400201A
:105AE000FF0F1050000010508000105000011050A7
:105AF00010B502F08DFE10BD10B57F200C002040C7
:105B00004000E409110000191A00034B4001C018BD
:105B100000F05AF8012010BDE42000207F23180077
:105B200000B5084083B00B4204D14B424B41084AB8
:105B3000013393668022C9094000064B401840019A
:105B40000021C018120102F0B3FE03B000BDC04630
:105B500000201150E42000207F22130010B50B40DC
:105B60000A4200D110BDC9095B005B1804485B0103
:105B7000C018002300220349C37002F099FEF1E728
:105B8000E4200020FFF7FFFF80220A4B520410B5EB
:105B90001A60094B09491A6010000B689843FBD141
:105BA0008022002152010648FDF73AFB0922054BED
:105BB0005A6710BD00E0004000F0004008C00040FF
:105BC0000000105000001150002310B5C3820133B3
:105BD000828283760161040002F052FE002804D024
:105BE00080219023074A8902D150200002F008FE4C
:105BF000002802D00123237710BD200002F050FEC0
:105C0000FAE7C046002011507047C0467047C046B2
:105C100000207047002070477047C0467047C0465C
:105C20007047C0467047C046024B5878431E9841A3
:105C3000C0B27047801B0020024B18784007C00F8D
:105C40007047C046801B0020F0B5D6464F464646FA
:105C5000C0B52F4B07009A461B780E00FF2B50D182
:105C6000002941D0002154222A48FDF7D9FA002208
:105C7000294C2A4B20001A70FBF7C0F9284B1C60F6
:105C8000284C2000143CFBF7C7F9200001F0FAFD76
:105C9000254B264D1C60264B002B04D02800FFF717
:105CA000C7FA244B1860244900248946214900235F
:105CB00088462A7810E043461B6862019B18002B37
:105CC00012D05B68002B0FD098472A780134E4B2D9
:105CD000511C2300A14209DBA242ECD89B1A5B01B4
:105CE0004B445B68002BEFD100200BE053463100A2
:105CF00038001F70FFF7FEFD0028F5D03800FFF7D1
:105D000041FE0120E0BCBA46B146A846F0BDC046FF
:105D10000C110020801B0020781B00206B25002028
:105D2000D41B002004110020D81B0020692500206E
:105D300031520010D0190020F88F0010F0B5DE4667
:105D400057464E464546E0B5C84B91B002931B7886
:105D5000FF2B00D13EE1C64BC64E9B465F46C64B6D
:105D60000DAC0193C54B009335686A69EFF3108160
:105D700072B61368002BFCD0BFF35F8FA9612800B7
:105D8000210001F0AFFB6A69AB69BFF35F8F0021AF
:105D9000116083F31088002800D11BE16378082B81
:105DA000E2D89B00FB589F466368002BDCD0A068BC
:105DB0009847D9E77F222179AF4D0A405300EB186D
:105DC0009846C809804440460123303005799D43F8
:105DD0000571057903339D430571002A00D100E167
:105DE0004346A74A1B7D1278934200D3EFE0A54AB1
:105DF0005B011568ED18002D00D1EBE0A368627916
:105E00002078AD69A847AFE79F4A1378002B00D1EF
:105E1000E0E01378013BDBB213701378002BA3D1C1
:105E20000122954D01212B78042013432B7034233C
:105E3000EA5C8A43EA54EA5C8243EA540133EA5C4E
:105E40008A43EA54EA5C8243EA54237800209B4662
:105E500000F09EFC602223791A40602A00D1EFE016
:105E6000402A00D1F5E0DB06DB0E012B00D113E167
:105E7000022B00D1C7E0002B00D0E1E0202A00D1A6
:105E80001CE2002A00D0DBE06379092B00D9D7E0BF
:105E90007E4A9B00D3589F46774D2B78DB0700D472
:105EA00062E7FFF7BFFE5FE7019BDB78DB0700D40B
:105EB0005AE76068FFF7AAFE56E76F4D2B78DB07BD
:105EC00000D451E728780007C00FFFF7A9FE4BE781
:105ED00023786A4999468B46694B6A4998468A46AF
:105EE00039001A7847460023B04600254E468946B9
:105EF00010E053461B686A019B18002B00D176E026
:105F0000DB68300098473A780135EDB2511C2B0020
:105F10008D4244DC9542ECD39B1A5B015B44EFE776
:105F2000237858499946564B8A4698463100BB46D5
:105F30004E461A7800250023474689460FE053460F
:105F40001B686A019B18002B55D0DB68300098470E
:105F50003A780135EDB2511C2B008D4207DC954299
:105F6000EDD39B1A009A5B0194466344EDE7019DD3
:105F7000542200212800FDF753F91022FF21444844
:105F8000FDF74EF928002022FF2114304E465F46CF
:105F9000FDF746F900F0F2FBFFF740FEE4E6364D70
:105FA000542200212800FDF73BF91022FF21281D73
:105FB000FDF736F928002022FF21143046464F46CF
:105FC000FDF72EF900F0DAFB2379AB70CCE6501C1C
:105FD000984213DA11B0F0BCBB46B246A946A046BF
:105FE000F0BDA3686279207800F0E6FBBCE6464687
:105FF0004F46214DE6E74E465F46CBE71F4D9B1AC5
:106000005B015D19FAE67023217A0B4218D1C809A9
:1060100082460F330B405B0098461948EB185344F7
:106020001B7D00789946834266D216485B01006862
:1060300081469944002A00D15FE14B46002B68D18C
:1060400020780021FFF76AFD80212078FFF766FDA8
:106050008AE6104800F09CFB012158460EAAFFF783
:10606000CDF8002800D07FE6EAE7C0460C110020FA
:10607000508F0010D81B0020801B0020F88F0010CC
:1060800069250020D01900206B250020748F001096
:10609000841B0020FD510010237A0F2BD0D8CF4A4B
:1060A000EB181B791578AB423ED3691C9942C7DBCC
:1060B0005D1BCB4B6D01ED18686900F069FB012198
:1060C00058466B690EAA9847002800D04CE660221B
:1060D000150023791D401A42B2D163790A3B012B86
:1060E000AED800F055FB63790A2B00D199E15846F0
:1060F0000EA900F0D9FA37E6431C4B4500DAF7E069
:106100004B461B1A5B019946B5488144002A00D1D1
:10611000F3E04B46586900F03BFB4B4601215846E3
:106120005B690EAA98479CE7AE4A5B011568ED18BB
:10613000002DC1D184E7A37999466B789945D6D0D3
:106140006B78002B00D033E14B466B70002B00D1F5
:106150002BE148460138C0B2FFF792FA002800D17F
:106160007EE143780793022B00D079E10122C179C7
:10617000B1468B11491113400A40302112015B01D5
:1061800013432A78A8468A4313432B7009239A465F
:1061900082445646BA46C37882781B021343C3181A
:1061A00005938E4B04938E4B08938E4B09938E4B25
:1061B0000A93059BB34200D855E1737801220B2B5B
:1061C00003D13378F278F6187378042B00D044E1C9
:1061D000059B00279B1B9BB20693049B0B921D788B
:1061E000002303931BE0099A7B011568ED18002D2D
:1061F00000D132E1310058462B69069A984784460F
:10620000082803D9069A824200D313E1049B013780
:106210001D78FFB26B1C03979F4200DD1DE1BD425C
:10622000E1D8039B5D1B089B6D019C466544E1E73B
:106230006B780CAA02321370584601230EA900F0A5
:1062400049FA91E5E3881A0AD8B20F2A00D9F7E68D
:1062500066499300CB589F460EA800F09FFA584617
:10626000A179FFF795FB02222B7813432B707BE576
:10627000E388012B00D0E3E608222B7858469343AD
:106280000EA92B7000F010FA6EE5022029780CABF5
:106290009A1C8B068908DB0F01400B43138058467C
:1062A00002230EA900F016FA5EE5E388012B00D068
:1062B000C6E608222B7813432B7018E7237A0F2B9E
:1062C00000D9BDE6EB181D79444B1B789D4228D2BE
:1062D000444B6D011B685D19002D00D1B0E6686963
:1062E00000F056FA012158466B690EAA9847B8E6A5
:1062F000002A00D0A4E60023994662790220130008
:1063000003928343012B15D0002A00D098E62B007E
:106310004344534430331B790CAA9B07DB0F0232F2
:10632000BCE75A1CAA4200DA8AE6ED1A2C4B6D0132
:10633000ED18D4E7E388002B12D1029B1878039B59
:10634000012B23D0FFF7EAFB43460221EB1853440D
:1063500030331A790A4301211A711A790A431A71E2
:106360004B46002B00D1FFE4586900F011FA4B4670
:1063700001215B690EAA58469847002000F008FAF0
:106380003523EB5CDB0700D5EEE4B0E6FFF7E4FB7A
:1063900043460221EB18534430331A798A431A7169
:1063A0001A7903998A431A71DAE7FFF737FC9EE6F8
:1063B00000215846FFF7F6FA5846FFF799FBAB78ED
:1063C000074903930491054B064998461A780591AD
:1063D000002329001D008A461BE0C04669250020D5
:1063E000F88F0010D0190020941B00209C8F001003
:1063F000059B6A011B689B18002B4DD0DB68584633
:10640000984743461A780135EDB2511C2B008D4256
:106410002EDC9542ECD39B1A049A5B0194466344AC
:10642000ECE70CAB9A1C584601230EA9157000F03E
:1064300051F999E40B9A012A4FD0002A3CD000234D
:10644000B07804E00133DBB20F71934234D2C1184B
:10645000C9B241440D79FF2DF4D04E46454657460A
:1064600000236B70ECE54E465746FFF7D5FB3EE642
:106470005546542200212800FCF7D2FE1022FF21AD
:10648000281DFCF7CDFE28002022FF211430FCF748
:10649000C7FE039BAB7057E65546FAE7FEF7AAFE28
:1064A000021E00D1CCE5D37891781B020B435846ED
:1064B0000EA900F00FF9D4E565463B002A00310033
:1064C0000A9800F07FFEAC46049B039A1B78664452
:1064D0000133934200DB6CE6BFE7174B2969994211
:1064E000ADD1079AABE7FFF793FB021E00D1A7E5FA
:1064F000584613780EA900F0EDF8B2E52189FFF7B0
:10650000C3F8021EF4D19BE5022A0FD0FFF782FBED
:10651000021EC8D194E5FFF7AFF8021E00D18FE547
:10652000122358460EA900F0D5F89AE5FFF7A8F80F
:10653000021EB8D184E5C0468D6B0010F8B55746F1
:106540004E46DE4645460C00E0B516001F00002A08
:106550003CD0702398461E4B00259B461D4B9A4607
:106560001AE05B461B78200099465346997800F064
:10657000EBFD00281CD021004846FFF72FFA002829
:1065800016D0A378DA09012A19D00A9A01351370B6
:106590002378E418B54219DA6378052B08D1E3783B
:1065A0009B079B0FBB4203D14246A3781A42D8D027
:1065B0000020F0BCBB46B246A946A046F8BD0B9AE7
:1065C000013513702378E418B542E5DB0120F0E7CC
:1065D0000C110020801B0020702270B58B780C00FD
:1065E0001A4201D0002070BD064B20001D78064BDA
:1065F000997800F0A9FD0028F4D021002800FFF7C9
:10660000EDF9F0E70C110020801B00200B007F202B
:1066100010B51840DB0934334000044AC018044B5D
:106620001168C01800F04CFD10BDC046D41B0020FE
:10663000801B00200B007F2010B51840DB0934338D
:106640004000044AC018044B1168C01800F060FDF7
:1066500010BDC046D41B0020801B002070B57F24D5
:106660000F480C4064000419CD09641930342079B6
:10667000C00701D5002070BD0126257909483543A2
:1066800000782571FFF738FA0028F4D10122237928
:10669000934323712379033293432371EAE7C0467E
:1066A000801B00200C11002070B5094C0600082248
:1066B00020000D00FCF7BAFD00238021E360A360F9
:1066C0002B783000994300220023FFF7C7FF70BDED
:1066D000601B0020F8B5CE4647469046254E80B553
:1066E0008146082230000D001F00FCF79FFD434645
:1066F000B3600023F381EC79AB7924021C43231CA3
:10670000BC4200D93B1C9FB2B381002C0DD0002F9E
:1067100017D04246002A2BD0402F1BD89FB2337887
:106720007F2B1CD80021144A0FE080212B780022F7
:10673000994348460023FFF791FFC0BCB946B046D5
:10674000F8BD7F230022317899433B004846FFF78C
:1067500085FFF2E740239FB233787F2BE2D9064CC6
:106760003A0041462000FCF761FD80212200ECE761
:106770000020E2E7601B0020201B002010B514223F
:1067800000210248FCF74CFD10BDC046601B0020F4
:10679000014B18617047C046601B002010B5054CC6
:1067A000010008222000FCF741FD0023A360E36004
:1067B00010BDC046601B002070B5384C1D0023780A
:1067C0000600DA09C9098A4210D00020002D00D045
:1067D00070BD21003000FFF7F3F82369002B03D0D0
:1067E00022000321300098470120F1E77F2B06D8D3
:1067F000A068002834D02A002949FCF717FDE28957
:10680000A1685219E38892B24919E281A1609342CA
:1068100014D03F2D12D9A389981A051C80B24028A4
:106820002AD82078ADB27F2828D800219A4232D0C9
:106830001B4A2B003000FFF711FFC9E72369002B2B
:1068400005D0220002213000984700280AD080217C
:1068500023780022994330000023FFF7FFFEB7E7BB
:106860000020B5E700213000FFF758F93000802103
:10687000FFF754F90120ABE74025D2E79A4207D051
:10688000074C2A002000FCF7D1FC80212200D0E731
:1068900080210022CDE70022CBE7C046601B00200C
:1068A000201B002070B50400FFF7BEF9002800D1BE
:1068B00070BDFFF7C1F90028FAD1C8236343124D18
:1068C000EE18F1780029F3D010335D19280000F09C
:1068D000F3FD3F28ECD90020F178FFF797FE002860
:1068E000E6D0280000F0E8FDF1783F2807D9074BF3
:1068F000E201D21800204023FFF7B0FED8E70020C5
:10690000FFF798FED4E7C046581A0020D41900209B
:1069100010B50400FFF788F9002801D1002010BD50
:10692000FFF78AF90028F9D1C8226243024B0130EF
:106930009B181B791840F2E7581A0020C82310B59D
:1069400043430248181800F099FD10BD681A002052
:10695000F8B5C824802344431C4F103405003C196B
:106960005B029A4200D31A4A200092B200F008FE5D
:106970000600FFF759F9002801D13000F8BDFFF7F4
:106980005BF90028F9D1C8236B43FF18FB78002B73
:10699000F3D0200000F090FD3F28EED90020F978D8
:1069A000FFF734FE0028E8D0200000F085FDF978DC
:1069B0003F2807D9074BEA01D21800204023FFF7F0
:1069C0004DFEDAE70020FFF735FED6E7581A002023
:1069D000FFFF0000D4190020F8B50400FFF724F9E8
:1069E000002801D10020F8BDFFF726F90028F9D1D1
:1069F000C82565432E00134F2436F619300000F0E9
:106A00003DFD0028EED07F190020B978FFF7FEFD8C
:106A10000028E7D00C4DE401651929004022300020
:106A200000F0AEFDB978041E08D003002A00002053
:106A3000FFF714FE0028D5D02000D4E70020FFF790
:106A4000F9FDCFE7581A0020141A002070B5C824A9
:106A500044430C4B0500E41880235B029A4200D3A8
:106A6000094A200092B200F051FE0600200000F01A
:106A700005FD3F2801D8300070BD2800FFF7ACFFAE
:106A8000F9E7C0467C1A0020FFFF0000C82310B5BC
:106A900043430248181800F00FFD10BD7C1A002077
:106AA000F0B50025184C83B0C82200212000FCF767
:106AB000B7FB164B21001D70FF236371E1235B02BE
:106AC000A360200008234022A37338310095073BC0
:106AD000103000F09DFC270001232100200026003B
:106AE000402278310093B837243000F091FCC03652
:106AF0003800FAF783FA3000FAF780FAE561276286
:106B00002663656303B0F0BD581A0020541A0020B4
:106B10000A4A116B136A00290CD0002B07D00023FE
:106B2000D3615363136300231362012070475363DF
:106B30001363FAE7002BF8D0D161F4E7581A00206C
:106B400070B50F4C052200212000FCF769FB0D4DAC
:106B50002B78DA0707D50C4C9B070CD501212000B8
:106B600000F0B0FE70BD2000103000F08BFE2B78DE
:106B7000054C9B07F2D4200000F084FEEEE7C046EF
:106B8000581A0020541A00207C1A0020F0B54B79C6
:106B9000060083B0022B02D18B79022B03D0002593
:106BA000280003B0F0BD204FBB78002BF7D18B78C5
:106BB00009253B700C780C196378242B07D00CE066
:106BC0002378E4185D196378ADB2242B05D1954282
:106BD000F6D90020FFF766FEE2E71A00052B15D074
:106BE000042AF6D163790A2BF3D1104B277801934D
:106BF0000133009330000223E119023AFFF79EFCB3
:106C00000028CCD00E35ED19ADB2E2E721003000FE
:106C1000FFF7E2FC0028C2D0A3787B7023785D19CF
:106C2000E4186278ADB2DBE7581A00205A1A002047
:106C3000F8B5602314001278050013400020202BC3
:106C400007D1304A6379277916781B023B439E426D
:106C500000D0F8BD6378222B1AD007D8202B34D06F
:106C6000212BF6D101293ED00120F2E7232BF0D1D0
:106C7000012940D00329F7D1234B002BF4D0E17830
:106C8000A37809020020194300E000BF0120E0E7DB
:106C9000012930D00329E7D101252E00A378E4781B
:106CA000023924021C431471264024321000714022
:106CB00000F008FE154B002BD6D0620800203100F2
:106CC0002A4000E000BF0120C3E701290BD00329BF
:106CD000CAD10F4B002BC7D0083200201100FEF79D
:106CE000ADFA0120B5E7072321002800094AFFF784
:106CF000F1FC0120ADE721002800FFF7D5FC0120C1
:106D0000A7E7C046581A002000000000000000005D
:106D10003D520010601A0020F0B54F464646D64658
:106D2000C0B5364D8046EA780C001F008A423CD040
:106D3000AB788B4210D00020E0BCBA46B146A846E2
:106D4000F0BD2F4B002B04D02E4800F0ADFB0028E7
:106D500051D00020FFF7A6FDAB78A34201D001205F
:106D6000EAE7294B002B02D0002000E000BF002002
:106D7000FFF732FE0028F2D1244C200000F07EFB09
:106D80000028ECD1002FEAD0BF06E8D1243C4046D1
:106D9000A178FFF73BFC0028E1D000230022404609
:106DA000A178FFF75BFC0120C6E79AB210239A4650
:106DB000174EAA443100504600F0A8FC154B002B9A
:106DC000BFD06B79FF2BBCD0002FBAD0F2199146FF
:106DD00003E001364E45B4D06B7932789A42F8D14F
:106DE000504600F061FB0028F3D15346103B59791F
:106DF00000E000BFEDE700E000BFAAE7581A00205E
:106E000000000000681A0020000000007C1A00202A
:106E1000D4190020000000009322F0B5134C85B077
:106E2000002120009200FCF7FBF9230020008026BF
:106E300040270F4D4D337600FF33293002950093E4
:106E400000220023002103970196FF3000F0D4F9BF
:106E50004035201D2834002301220021039702958C
:106E60000196009400F0C8F905B0F0BD1C1D00208B
:106E70009C1C002010B5054C200000F0F3F9200008
:106E80002538FF3800F0EEF9012010BD441E002027
:106E900070B5084C002520003130FF30257000F01F
:106EA000F1FC20000C3000F0EDFC2A23FF33E55408
:106EB000657170BD1C1D0020F8B557464546DE467D
:106EC0004E46E0B54B7980460F00FF2B5BD1404B1F
:106ED00099462A234946FF33CB5C002B53D14E7988
:106EE000002E50D1BB783C780B703B793C19002BBD
:106EF00046D098235B004B449A460C234B449B4658
:106F0000A51803E0AC423BD22378E4186378052B44
:106F1000F8D1AC4234D221004046FFF75DFB002897
:106F200031D0A3780136F6B2DB09012B32D05046BE
:106F300000F0A8FC2A234946A278FF33CA5463799B
:106F400022791B021343234A5B0594465B0D94216F
:106F500063445A4253414A4602204900525C5B0056
:106F6000824313434A46535451464046083900F081
:106F7000E3F9002807D02378E4183B79B342C5D859
:106F8000E01B80B200E00020F0BCBB46B246A94640
:106F9000A046F8BD584600F075FC5A46A3780C3A56
:106FA0005371637921791B020B430A495B058C46B7
:106FB0005B0D634459424B41022011795B008143D0
:106FC0000B43594600200839137100F081F9D2E7CC
:106FD0001C1D002000FEFFFFF8B52A2506001F48F3
:106FE000FF35455D1F008D4215D043798B4201D09E
:106FF0000020F8BD1A4B002B04D039040020090CE6
:1070000000E000BF174C3000210000F061F90028BB
:107010001DD00120EDE79A235B00C35A002B0DD150
:10702000114B002B04D000201049BAB200E000BF81
:1070300030000F4900F080F90120DAE796235B0069
:10704000C1583130BAB2FF3000F060FBE8E73A00D7
:107050002100300000F008F90120CAE71C1D0020C3
:1070600000000000201D0020000000009C1C0020EB
:10707000441E002000B5030083B0002910D000207A
:10708000012B07D80A78002A04D00C48C2540120EA
:10709000012A01D003B000BD1800FEF7D5FDF9E7C5
:1070A00001236A46002001A99380FEF7CDFD002848
:1070B000F0D00122014B1A70ECE7C046741B00208F
:1070C000037870B5DB0704000E00DD0F002B17D12D
:1070D00003785B0701D5280070BD012130004942CB
:1070E00001F0C6FB2378DB07DD0F002B0AD12378E4
:1070F0005B0708D40422237801251343237002E0A0
:107100000025E8E70025300001F092FBE3E7C046E8
:1071100070B50C00012106004942200001F0A8FBD7
:1071200033785B07DD0F002B04DB200001F080FBD0
:10713000280070BD3378DB0704D4042233789343EE
:107140003370F2E70025F0E7437902791B0213431D
:10715000C2785B0592075B0D920F022A1DD0032AAD
:107160000CD00020012A08D102394A425141124A6A
:107170009446614499424041C0B2704702394A1E68
:1071800091410E4A494211408022D200944600208B
:10719000614499424041C0B2EFE7022905D0002086
:1071A00040229A424041C0B2E7E7054A981843425C
:1071B0005841C0B2E1E7C046FF03000040FCFFFFBA
:1071C00000FEFFFF8A1870B5914207D27F264C78E7
:1071D000052C04D00C7809198A42F8D870BD340007
:1071E0008D782C4064000419ED0963550C78091959
:1071F0008A42ECD8F2E7C046F0B5C64600B582B088
:10720000150008AA40CA040017886A46928D01201A
:1072100090460A00217802408143200011432170EA
:107220003A00009331000123083000F0F1F8002EFD
:1072300001D0002F08D10A9B012063604346638080
:1072400002B080BCB846F0BD26001C363000F9F70D
:10725000D5FE0023002D01D0330000266361A66116
:10726000E9E7C04601207047F8B502240B78070013
:107270001C4063425C41144B64421C40134B0800A9
:107280009C4608300D001600644400F0F7F8002812
:1072900007D1002E05D0344203D101242B781C42A3
:1072A00001D00020F8BD38006978FFF7AFF9002859
:1072B000F7D02B781C42F4D10023002238006978E3
:1072C000FFF7CCF9EEE7C04640FEFFFFFF010000EC
:1072D000F8B50D000835060028000C0000F0CEF8C7
:1072E000002803D0012723781F4201D00020F8BDD9
:1072F00030006178FFF78AF90028F7D0280062880B
:10730000616800F03DF9237805001F4000280BD08C
:10731000002FEBD10300626830006178FFF79EF91F
:107320000028E3D02800E2E7002FDFD130006178A9
:10733000FFF780F9DAE7C046F8B5CE46474680B594
:107340008A8906000C000B78002A07D101251D420E
:1073500040D00020C0BCB946B046F8BD9B0733D42E
:107360002A4B4025994627000837380000F0A4F83A
:107370008542EED80122237890461A42E9D13000A6
:107380006178FFF743F90028E3D0380000F094F863
:10739000424623781A40854231D8002AD9D14A463C
:1073A000638802401D1C934200D9151CADB2002217
:1073B0006178002D00D062682B003000FFF74EF995
:1073C0000028C6D02800C5E7FE2380251B02994669
:1073D000AD00C8E74978FFF719F90028B9D023783C
:1073E0001D42B6D1638800226178002B00D062680C
:1073F0003000FFF733F90028ABD06088AAE7002AF5
:10740000A7D130006178FFF715F9A2E7C0FF0000AF
:10741000F0B5C64600B504006846057E8020884663
:1074200017001E000002824226D8E068002803D020
:107430000121494201F01CFA2069002803D00121F2
:10744000494201F015FA4346236073045B0CED03D7
:107450001D430023E0686381A780E5802381002825
:1074600001D001F0E5F92069002801D001F0E0F930
:10747000012080BCB846F0BD0020FAE710B50489B1
:1074800041898288A3B288B28C4207D31B1A9BB26F
:10749000101C9A4200D9181C80B210BD5100091A64
:1074A0005B189BB2F4E7C04603894089181A43422F
:1074B0005841C0B27047C04610B5048941898288DE
:1074C000A3B288B28C4207D31B1A9BB200209A4207
:1074D00001D9D21A90B210BD5100091A5B189BB2A3
:1074E000F4E7C04670B5040000690E00002803D020
:1074F0000121494201F0BCF925896089A288A9B21D
:1075000083B2854232D3CD1AADB2002D28D0AA4223
:1075100008D291422FD3891A8BB263819A4203D841
:107520009B1A9BB29A42FBD9E28821685204520C02
:1075300053433000C918FBF779FE63890125591CB4
:1075400089B2A2888B420DD900215200891A89B2D2
:1075500020696181002801D001F06AF9280070BD1E
:10756000618989B252009142F2DBEFE75500ED1AD2
:107570004D19ADB2C9E789188BB26381CEE7C04619
:10758000F0B546464F46D646C0B506000069894666
:107590009046002803D00121494201F069F9318960
:1075A0007289B5888BB294B2914254D31F1BBFB27B
:1075B000002F4AD0BD4205D2AB4251D25B199CB2DA
:1075C0002F0074814346B8453DD89FB2A54203D8E9
:1075D000641BA4B2A542FBD9F28831685204520C54
:1075E000904662432B1B9BB2891842469F4225D985
:1075F00053439BB21A0048469A46FBF717FE434690
:1076000048467D1B64195C4331685044A2B2FBF7C5
:107610000DFE7189B588CB199BB26A00994216D9C3
:107620009B1A9BB230697381002801D001F000F9E8
:107630003800E0BCBA46B146A846F0BD48467A4399
:10764000FBF7F4FDE5E73B1CBFE773899BB26A00DB
:107650009342E7DBE4E76F003F1BDF19BFB2A7E708
:107660005B1B9CB2ACE7C046F8B50400C0680E00D6
:10767000002803D00121494201F0FAF82589208928
:107680006189A288ADB283B28FB2884229D3DB1B55
:107690009BB29A4209D8E779FF0906D1E068002831
:1076A00001D001F0C5F83800F8BD2B0095421DD37C
:1076B0009B1A9BB29342FBD2E28820685204520C80
:1076C00053433100C018FBF7B1FD6B1C9BB2A2887D
:1076D0009D4217D9002352009B1A9BB20127238198
:1076E000DCE75100C91B5B189BB2D2E7E288206837
:1076F0005204520C53433100C018FBF797FD01357B
:10770000A288ABB252009342E8DBE5E7F0B54E4603
:107710005746DE464546E0B589460600170083B069
:10772000002A67D0C068002803D00121494201F037
:107730009FF83389F2799BB298467389B5889BB2DA
:10774000D20940D198455ED26A00D31A43449BB215
:10775000AB425DD2EB1A1A1C9BB2BB4200D93A1C59
:1077600097B27B1B9BB20193F3885B045B0C9A4638
:107770004346DB199BB29B464446A84503D3641B92
:10778000A4B2AC42FBD25346634330682D1BADB26A
:10779000C018BD424BD3524649467A43FBF746FDDB
:1077A000B3885B00D84501D89B4503DB5A46D31A02
:1077B0009BB29B465B463D003381F06800281AD09F
:1077C00001F036F817E0F2885204520C9246AF42AC
:1077D00020D298454DD34246D21A92B26900781B06
:1077E00080B2D21901908A4233DA4346FB189BB229
:1077F0009B46C1E70025280003B0F0BCBB46B2465B
:10780000A946A046F0BD4246D31A9BB2AB42A1D3D3
:107810000025D2E7002DD0D07F1B574398465A1938
:10782000002392B2B94493462F000193A4E7534634
:107830005D43ADB22A004946FBF7F8FC019B2900E5
:10784000E21853465A43306892B24944FBF7EEFCC3
:10785000A6E75A1992B29346D21B92B2904693422F
:107860000CD94346591A8BB29846FB189BB29B46DB
:1078700082E76900CA1A424492B2B0E7914200DD41
:107880007AE7EEE710B50400C068002803D00121B4
:10789000494200F0EDFF2069002803D00121494250
:1078A00000F0E6FF0023E06863812381002801D017
:1078B00000F0BEFF2069002801D000F0B9FF0120D0
:1078C00010BDC04670B50400C0680D00002803D08C
:1078D0000121494200F0CCFF2069002803D001219A
:1078E000494200F0C5FF7F21E379ED011940E068CE
:1078F0002943E171002801D000F09AFF2069002897
:1079000001D000F095FF012070BDC046F8B5DE46FD
:1079100057464E4645468346E0B505200C00FAF72B
:107920000DFA0600600821008019FAF715FC4300E3
:1079300098468044070005214046FAF70DFC3B1AA3
:107940009A461E4B8146700080199C4231D81C49D2
:10795000FAF702FC451C5B461C680023E3662268BC
:1079600004335A400233134080225201A21813609C
:107970005346E3614B462362434601204F2B03D914
:1079800050214046FAF7E8FBA023E050E36F3900AE
:107990005D400C4B2D042D0CE3181D6001233000BD
:1079A000E366FAF7D9FBF0BCBB46B246A946A0464F
:1079B000F8BD0549FAF7D0FB451CCCE73F420F0064
:1079C000809698007C10000040787D010F4A70B5C9
:1079D000821A531E9A410E4BD20008321A600D4B88
:1079E0000D4C1A60150023689D432B1EFAD16624A6
:1079F0000268FF340571D5661460633C8833FF3C30
:107A0000D5639563D450FFF781FF70BD1811002036
:107A100000E0004000F0004008C000400368002083
:107A2000D86600290DD080211868890041400A4895
:107A3000014080204001181801609A600122DA6636
:107A4000704741211A684A4003490A408021490190
:107A500059180A60F2E7C0464102000001230121E3
:107A6000084A1360084A1360084A080013689843DC
:107A7000FBD1074A11608021490013680B42FCD0FA
:107A80007047C04600E0004000F0004008C00040E1
:107A900000C0044070B50D4C0500041B63425C41FE
:107AA0000B4BE0001A5028000A000121FFF7B6FF37
:107AB0002B68084A173420001A630749F8F7F0FFCB
:107AC00001212000F8F7B4FF70BDC046101100205E
:107AD000E424002064060000110F0020F8B5070020
:107AE0000E200E00F8F7C2FE03210E20F8F70AFE62
:107AF0000F20F8F7BBFE03210F20F8F703FE8F4C91
:107B00008F492000FFF762FF8E4A1D212000FFF7FA
:107B1000C1FFFFF7A3FF1F211A20F8F7F3FD002292
:107B200000211A20F8F712FE00211A20F8F78AFE29
:107B30001F211B20F8F7E6FD002200211B20F8F78B
:107B400005FE00211B20F8F77DFE1F211C20F8F701
:107B5000D9FD002200211C20F8F7F8FD1C2000218F
:107B6000F8F770FE1120F8F781FE002F00D0DFE05B
:107B7000D02380221B0692029A620022002111204B
:107B8000F8F7E4FD1220F8F771FED02480232406D4
:107B9000DB0200220021A3621220F8F7D7FD152096
:107BA000F8F764FE80239B0300220021A3621520C6
:107BB000F8F7CCFD0720F8F759FE802300220021BA
:107BC000A3620720F8F7C2FD0620F8F74FFE402316
:107BD00000220021A3620620F8F7B8FD0D20F8F777
:107BE00045FE80239B01002200210D20A362F8F7AF
:107BF000ADFD01220C21544B0D20F8F7BBFD1920DF
:107C0000F8F734FE802301259B0463620020A36102
:107C1000F8F72CFE65620120A561F8F727FE022324
:107C200002206362A361F8F721FE0423032063624C
:107C3000A361F8F71BFE082304206362A361F8F731
:107C400015FE04210420F8F75DFDFF223F4B920052
:107C50009A633F4B3F4A1B680C201B041B0C1360AC
:107C60003D4B1B689D433D4B1D60F8F7FFFD802396
:107C70005B0163621020A361002F4BD0F8F7F6FD83
:107C800002211020F8F73EFD1320F8F7EFFDD02475
:107C9000802324061B0363621420A361F8F7E6FD2A
:107CA00080235B0363620B20A361F8F7DFFD802371
:107CB0001B0163620A20A361F8F7D8FD8023DB0073
:107CC00063621620A361F8F7D1FD8023DB036362B2
:107CD0000920A361F8F7CAFD80239B006362082096
:107CE000A361002E1DD0F8F7C1FD04210820F8F78C
:107CF00009FDFF22154B92001A66194B194A1B68A1
:107D00001B041B0C1360184B1A6801239343174A7A
:107D10001360F8BDF8F7AAFD80235B026362A361DC
:107D2000B2E7F8F7A3FD80235B006362A361F0E78D
:107D300002211120F8F7E6FC1FE7C04610110020D1
:107D4000801A0600E97D001005870010000005403C
:107D50003400054034100540280005402810054037
:107D60005C0005405C100540500005405010054087
:107D70000D4A1378002B0DD0013B13700B4B0022E2
:107D80001A70D02380221B0659689204114209D030
:107D90009A6105E0054B1A78511C19700F2AEED82C
:107DA000012070475A61FBE76F2500206D250020F8
:107DB00000B585B0F9F74EFB054B064A0293002348
:107DC0000193054B00930023F9F748FD05B000BD72
:107DD000B012002050C30000717D00100A22014B38
:107DE0001A7070476F250020F0B5C646040000B534
:107DF000012927D002291FD0002920D103681B693F
:107E00009846DFB2BB4B1A78002A44D0BA4E347879
:107E100025005635EDB21C2D56D9B8480755182CFB
:107E200000D92DE2032C43D9231FDBB2142B3FD8FA
:107E3000B34A9B00D3589F460022AE4B1A7080BCB9
:107E4000B846F0BDAC4E33781D2B09D8052B5BD955
:107E50009A1FD2B2172A4BD8AA4992008A5897463D
:107E6000A82B00D158E2A92B00D1C6E0A72B3FD107
:107E7000D0231B065D685B68ED04ED0F9B0701D501
:107E800002231D431120F8F757FC337805283DD015
:107E9000042215433AE0984A177001221A70FFF73E
:107EA0009DFFCCE7D02380221B0652029A613478D2
:107EB000954BA200D358002B03D0200039009847DF
:107EC000347801343470BAE78C4B28001F55F8F72A
:107ED00033FC042800D1D7E00123D022AB401206A6
:107EE000002F00D128E25361337801333370A6E7C5
:107EF0001D005635EDB21C2D06D82800F8F71CFCE5
:107F00003378052800D165E37C4AD55C22680133CB
:107F10001561337093E7437B002B00D04EE2837BE7
:107F2000002B00D054E3C37B002B00D195E31A0053
:107F3000017C002900D0ECE2417C002900D0B1E2B4
:107F4000817C002900D196E31D1C8B4200D20D1CC0
:107F5000EBB2151C8A4200D90D1CC17CEAB2002983
:107F600000D117E30D1C994200D21D1CEBB20D1C71
:107F7000914200D9151CEAB2017D002900D051E2DE
:107F8000417D002900D141E31D1C8B4200D20D1C14
:107F9000EBB20D1C914200D9151CEAB2817D00297B
:107FA00000D02AE2C17D002900D143E31D1C8B4291
:107FB00000D20D1CEBB20D1C914200D9151CEAB287
:107FC000017E002900D13FE3081C994200D2181C11
:107FD000C3B2081C914200D9101C4C49C2B20870AF
:107FE0004B490B7001214B4B1970D0231B064C2AB7
:107FF00000D9BCE101229A615AE70820F8F79CFBFE
:108000000025052806D1D0231B065D68ED05ED0F80
:10801000ED01EDB2D0231B065B689B0501D5402323
:108020001D43D0231B065B685B0201D520231D4343
:10803000D0231B065B685B0501D510231D43D023AD
:108040001B065B681B0501D508231D43D0231B06B7
:108050005B68DB0201D504231D43D0231B065B684C
:108060001B0301D502231D431020F8F765FB33786D
:10807000052800D04AE7D02212065268D20300D465
:1080800044E70122154341E72A07520F93009B184A
:10809000214A9B009446BF006344ED0700D4FFE1F2
:1080A0001E493F041A687A400A40802149018C46E3
:1080B00063441A6018E78022194992010868424017
:1080C000E020C0010240174802600420164A1060F8
:1080D000FC300A680242FCD04968084A8DB22D0A79
:1080E0005577917712E7114A15780FE7104A1578FE
:1080F0000CE7C0467025002071250020D018002014
:10810000389000108C900010D01400207A250020A8
:1081100079250020782500200C0005400000FFFF95
:1081200000C0044000D0044000E0044039100020AA
:108130003A1000208022CF49520108684240E020D6
:10814000C0010240CC4802600420CC4A1060FC30E0
:108150000A680242FCD04968C94A8DB22D0AD57618
:108160001177D3E6E020C349C0010A680240C24843
:1081700002600420C14A1060FC300A680242FCD050
:108180004968BF4A8DB22D0A55769176BEE6002524
:10819000D0231B065B685B0601D520231D43D0233B
:1081A0001B065B681B0601D510231D43D0231B064D
:1081B0005B689B0201D508231D43D0231B065B6827
:1081C0005B0301D504231D431120F8F7B5FA0528F8
:1081D00000D1B3E0D0231B065A683378920400D450
:1081E00094E64EE7C37882781B0212041343427868
:1081F0000178120613433B431800A24B03C300F05F
:1082000093FAA14B1870A14B1B78002B00D01800DB
:10821000D02301221B064C2800D847E65A61347847
:1082200046E6FF2342461340012B00D1ABE1022B6F
:1082300000D199E1002B00D03AE6D02308221B069A
:108240009A61043A9A6133E6914B1A68BB00534035
:108250001B04904A1B0C13602AE6012F00D027E66E
:10826000802200215200FAF7DBFF002000210022CB
:10827000844B18605960844B1A70874B1A7017E64C
:10828000A72C64D0A92C00D012E60820F8F754FAE5
:10829000052800D11EE143465B066BD5D023802222
:1082A0001B0692005A6143469B067BD5D023802251
:1082B0001B06D2035A614346DB066DD5D0238022CC
:1082C0001B06D2005A6143461B075FD5D02380228C
:1082D0001B0612015A6143465B0751D5D023802209
:1082E0001B0652035A6143469B0761D5D023802267
:1082F0001B0612035A611020F8F71EFA052800D059
:10830000D5E54346DB0700D4CCE5D02380221B060D
:1083100052025A613478CBE50820F8F70DFA053897
:10832000431E9841C5011020F8F706FA052800D130
:108330002EE740231D432BE79361D5E5D0231B0691
:108340005B689B0300D445E702231D4342E7434695
:10835000DB074CD5D02380221B0652015A61022331
:10836000424613423FD0D02212065361A0E50122BB
:108370005A619DE5D02380221B0692009A6192E704
:10838000D02380221B0652039A61ACE7D0238022BF
:108390001B0612019A619EE7D02380221B06D200A1
:1083A0009A6190E7D02380221B06D2039A6182E76C
:1083B000D02380221B0612039A619CE7817B00294F
:1083C00000D091E0C17B1A00002900D1B0E51D1C4E
:1083D0008B4200D20D1C1A00EBB20D1C914200D949
:1083E000151CEAB2A4E5D0221206936160E5D02301
:1083F00080221B0652019A61B1E71D1C8B4200D2FC
:108400000D1CEBB2151C8A4200D90D1CC17DEAB2CD
:10841000002900D0D6E0017E002900D0D4E51B4918
:108420000D70DDE51D1C8B4200D20D1CEBB2151C3E
:108430008A4200D90D1C417DEAB2002900D08DE0AE
:10844000817D0029D9D1C17D002900D0AEE515007C
:10845000027E002A00D034E12A000C490A700F493C
:108460000B7001210C4B1970002A00D0BDE5064BA2
:108470001A78BAE500C0044000D0044000E004408F
:10848000D0180020C8120020752500207A25002071
:10849000340005403410054078250020792500205F
:1084A0009449FFE50D1C994200D21D1CEBB20D1C36
:1084B000914200D9151CEAB2817C002900D043E525
:1084C000C17C002900D190E01D1C8B4200D34DE5FA
:1084D0000D1C4BE543461B0600D4B8E0D023802298
:1084E0001B0652005A61D6E61D1C8B4200D20D1CA1
:1084F000EDB21A1C8B4200D90A1C2B00D2B2C17BF0
:10850000002900D114E51D1C8B4200D20D1CEBB2DA
:1085100063E71D1C8B4200D20D1CEBB2151C8A4276
:1085200000D90D1C417CEAB20029BBD1817C002915
:1085300000D009E5C17C0029C6D11500027D002AC2
:1085400000D1A9E0191C934200D2111CCBB2002D1E
:1085500000D0C8E0417D002900D11FE50D1C9942E3
:1085600000D315E51D1C13E5D02308221B065A6114
:10857000C27A022A00D09BE45A68920400D488E0B0
:1085800004225A6194E4D02308221B065A61043A5B
:108590005A618DE4017D002900D043E7417D002927
:1085A00000D0F1E41500827D002A34D0191C9342DA
:1085B00000D2111CCBB2002D00D091E0C17D00296A
:1085C00000D1FDE40D1C994200D3F3E41D1CF1E43D
:1085D0001A0094E70121D022A940120652680A40ED
:1085E00015006A1E9541EDB290E4017D002900D08E
:1085F00018E7417D0029D5D01D1C8B4200D20D1CEF
:10860000EBB2002A00D0C4E40A00C7E4817D00294F
:1086100000D0F2E61500C27D002A00D118E7191C2F
:10862000934200D2111CCBB2002D00D1C8E411003E
:108630002A00C0E4017E002900D10EE7181C8B42FD
:1086400000D3C5E4081CC3E42B490A70C8E4D02356
:1086500080221B0652009A611DE6027C002A1DD072
:10866000417C1300002900D126E70B1C914200D267
:10867000131CDBB21BE7C17C002900D15DE71D1C88
:108680008B4200D20D1CEBB2002A00D06FE40A002E
:1086900072E404229A610BE42A00AAE7437C002BCF
:1086A0000DD1827C002AE6D0C17C1300002900D1C4
:1086B00062E40B1C914200D2131CDBB257E41A0097
:1086C000FAE6111C9A4200D2191CCBB2002D0DD132
:1086D000094B1A70094B19700121094B197084E478
:1086E00011002A008EE611002A00A0E611002A00DF
:1086F0006FE4C046FFFF00007A25002079250020A6
:1087000078250020074BDB7A022B00D07047D0235E
:108710001B065A68920402D504225A61F6E7042225
:108720009A61F3E7D01800200200030010B5002082
:108730000A4300D110BD1800FAF730F80B4A0C4B71
:10874000F9F757FFFAF736F80A4A0B4BF9F76FFFBC
:108750000A4B0022F9F744FFFAF714F8031CC0B2E1
:10876000002800D10123D8B2E4E7C04666666666F9
:10877000064FD240713D0AD7A3F02E400000E03FE3
:10878000802230B5C1B004006D46684603495200EE
:10879000FAF74CFD285D41B030BDC046EC900010AA
:1087A00010B583070AD00300032102E001330B4216
:1087B00005D01A78002AF9D1181A10BD03001968DB
:1087C0000C4A0D4C8A188A4322420FD15968094A33
:1087D00004338A188A43224208D15968054A04336F
:1087E0008A188A432242F1D000E001331A78002A25
:1087F000FBD1E1E7FFFEFEFE80808080F8B5C04639
:1088000001B40248844601BC604700BFF50B00205C
:1088100001B40248844601BC604700BFF103002058
:1088200001B40248844601BC604700BFC102002079
:1088300001B40248844601BC604700BF2502002005
:1088400001B40248844601BC604700BFB50F002058
:1088500001B40248844601BC604700BFB50F002048
:1088600001B40248844601BC604700BFC10000203B
:1088700001B40248844601BC604700BF9901002052
:1088800001B40248844601BC604700BFCD0B002004
:1088900001B40248844601BC604700BF01010020CA
:1088A00001B40248844601BC604700BF850C00202B
:1088B00001B40248844601BC604700BF350C00206B
:1088C000811F0010AD1F0010F920001011320010A0
:1088D000CD2700108131001021200010C91F001089
:1088E000E91F0010FD1F0010AD0F00100520001043
:1088F00079130010491F00100D0A0010B10200107A
:04890000015700100B
:10890800505454204F4E0000545820467265713A16
:108918002025303131640A00525820467265713A78
:108928002025303131640A000A2A2A2A2050414E73
:108938004943202A2A2A0A000A0000004E6F2073A1
:1089480070696E6C6F636B7320617265206176610C
:10895800696C61626C6500004E6F207573657220EA
:10896800495251732061726520617661696C616258
:108978006C650000486172647761726520616C61A2
:10898800726D20256420616C726561647920636C66
:1089980061696D65640000004861726420617373E9
:1089A8006572740052656C6561736500626F6F74FF
:1089B800325F77323571303830000000322E312E78
:1089C800310000007069636F000000006D61696E1E
:1089D800000000004D6172203238203230323500FC
:1089E800666E692B00000000666E69006E616E009D
:1089F800666E692D0000000055415254207374645E
:108A0800696E000055415254207374646F75740088
:108A18005541525420737464696E202F2073746416
:108A28006F75740055534220737464696E202F204B
:108A38007374646F7574000052617370626572724A
:108A480079205069000000005069636F0000000041
:108A5800426F6172642043444300000052657365AD
:108A680074000000556E68616E646C65642049523C
:108A78005120307825780A0065702025303258203A
:108A880077617320616C72656164792061766169D0
:108A98006C61626C6500000043616E277420636F2F
:108AA8006E74696E75652078666572206F6E2069D0
:108AB8006E616374697665206570202530325800D0
:108AC800E403001078030010780300107803001006
:108AD8007803001078030010780300107803001062
:108AE800780300107803001078030010DA030010F0
:108AF8007803001078030010780300107803001042
:108B08007803001078030010780300107803001031
:108B180078030010D00300107803001078030010C9
:108B28007803001078030010780300107803001011
:108B38007803001078030010780300107803001001
:108B4800C60300107803001078030010AA03001071
:108B58007803001078030010AA03001078030010AF
:108B6800BE0300107803001078030010BE03001045
:108B780006005250D3F07542AC89001006005250DE
:108B8800E182887FB489001006005250ABB360536D
:108B9800C489001006005250BBFF3CB6CC890010B7
:108BA80006005250861C0302D48900100600525059
:108BB8005422A29DDC89001005005250DE65F4683D
:108BC80080A20010D03F0010803F0010803F0010AE
:108BD800C83F0010803F0010803F0010803F001009
:108BE800803F0010803F0010803F0010803F001041
:108BF800C03F0010803F0010B83F0010803F0010B9
:108C0800803F0010B03F0010F0410010E63F001018
:108C1800E0410010E63F0010CA410010E63F001096
:108C2800E63F0010E63F0010E63F0010E63F001068
:108C3800E63F0010E63F0010D83F0010E63F001066
:108C4800E63F0010E63F0010E63F0010E63F001048
:108C5800D83F00108E4200103A3F00103A3F0010F3
:108C68003A3F00103A3F00103A3F00103A3F0010D8
:108C78003A3F00103A3F00103A3F00103A3F0010C8
:108C88003A3F00103A3F00103A3F00103A3F0010B8
:108C98003A3F00103A3F00103A3F00103A3F0010A8
:108CA8003A3F00103A3F00103A3F00103A3F001098
:108CB8003A3F00103A3F00103A3F00103A3F001088
:108CC8003A3F00103A3F00103A3F00103A3F001078
:108CD8003A3F0010044200105C42001004420010A9
:108CE8003A3F00103A3F00103A3F00103A3F001058
:108CF8003A3F00103A3F00103A3F00103A3F001048
:108D08003A3F00103A3F00103A3F00103A3F001037
:108D18003A3F00103A3F00103A3F00103A3F001027
:108D28009E4400103A3F00103A3F00103A3F0010AE
:108D38003A3F00103A3F00103A3F00103A3F001007
:108D48003A3F00103A3F00109E440010A042001025
:108D58009E440010044200105C42001004420010BF
:108D6800000000000000F03F000000000000244068
:108D780000000000000059400000000000408F4043
:108D8800000000000088C34000000000006AF840AE
:108D98000000000080842E4100000000D0126341D2
:108DA8000000000084D797410000000065CDCD4148
:108DB8000D0A00000600525053B4F4A1188A00109E
:108DC8000800525012000000080052509210000093
:108DD80000000000655100100000000069510010FB
:108DE80075510010A15100109D51001000000000A5
:108DF8000A00000000000306A600080002000200A6
:108E08009C001400030057494E55534200000000CF
:108E18000000000000008000040001002800440059
:108E28006500760069006300650049006E00740003
:108E38006500720066006100630065004700550028
:108E48004900440000004E007B00620063003700C8
:108E5800330039003800630031002D00370033003B
:108E6800630064002D0034006300620037002D00A9
:108E780039003800620038002D0039003100330015
:108E88006100380066006300610037006200660018
:108E980036007D0000000000050F2100011C1005B0
:108EA80000DF60DDD88945C74C9CD2659D9E648AE9
:108EB8009F00000306A600010000000006005250B3
:108EC80053B4F4A12C8A001000000000408A00105E
:108ED800508A001058250020588A0010648A001013
:108EE80009025400030100807D080B000202020001
:108EF8000009040000010202000405240020010505
:108F08002401000104240206052406000107058146
:108F18000308001009040100020A00000007050206
:108F28000240000007058202400000090402000018
:108F3800FF00010512011002EF0201408A2E0A000B
:108F48000001010203010000685D0010D05E0010FE
:108F5800205F0010A85E0010BA5E0010985E001036
:108F6800085E0010B45D0010A85D00108A62001051
:108F78007062001040600010AA620010406000108B
:108F88005862001044620010406000103062001007
:108F9800366100104060001016650010086500106A
:108FA800FC6400104060001040600010E66400108F
:108FB800086500104060001040600010406000101C
:108FC80040600010406000104060001040600010D9
:108FD8009C640010520D0020520D00209C0D0020B2
:108FE800BC0D0020000E0020120E0020480D0020AD
:108FF80000000000A16A0010116B0010416B001006
:109008008D6B0010316C0010196D0010000000000D
:1090180000000000196E0010756E0010916E0010AF
:10902800B96E0010FD510010D96F0010000000004B
:10903800E48100105A820010B07E0010B07E00104B
:10904800B07E0010B07E0010B07E001022820010AA
:1090580048820010167F0010167F0010167F00103F
:10906800167F0010167F0010167F0010167F001064
:10907800167F0010167F0010167F0010167F001054
:10908800167F00108E810010F07E0010F07E001018
:10909800EC800010E6800010F07E0010F07E0010DA
:1090A800F07E0010F07E0010F07E0010F07E0010C0
:1090B800F07E0010F07E0010F07E0010F07E0010B0
:1090C800F07E0010F07E0010F07E0010F07E0010A0
:1090D80064810010F07E001034810010F07E0010D2
:1090E800B6800010001F1F1F1F1F1F1F1F1F1F1FDD
:1090F8001F1F1F1F1F1F1F1F1F1F1F1F1F1F1F1F78
:109108001F1F1F1F1F1F1F1F1F1F1F1F1F1F1F1F67
:109118003232323232323232323232323232323227
:10912800323232324747474747474747474747471B
:109138004747525252525252525258585858585CF5
:109148005C5C5C616161616161676767676A6A6AE3
:109158006D6D6D6F6F727272727272727B7B7B7BD8
:109168007B7B7F7F7F7F7F7F7F7F7F8B8B8B8B8BD3
:109178008B8B8B91919191919191919B9B9B9B9BB7
:109188009B9B9B9B9B9B9BA7A7A7A7A7A7A7ACACB1
:10919800ACACACACACACB6B6B6B6B6B6B6BBBBBB94
:1091A800BBBBBBBBBBC4C4C4C4C4C4C4C4CCCCCC8C
:1091B800CCCCCCCCCCCCCCCCCCCCCCCCCCCCCCCCE7
:1091C800CCCCCCCCCCCCCCCCCCCCCCCCCCCCCCCCD7
:1091D800CCCCCCCCCCCCCCCCCCCCCCCCCCCCCCCCC7
:0491E800CCCCCCCC53
:1091EC00788B0010848B0010908B00109C8B0010DF
:1091FC00A88B0010B48B0010C08B0010D08D001009
:0C920C00C88D0010BC8D0010C48E001036
:1092180003000068EFF3108C72B60268002AFCD0D5
:10922800BFF35F8F04229A56002A0BDB002900D077
:109238000A6000201B68BFF35F8F00221A608CF35E
:1092480010887047D0221206126801201A71F1E7BF
:10925800F0B5C646150000B504001E000268EFF31D
:10926800108172B61368002BFCD0BFF35F8F042304
:10927800E3562268002B2BDBBFF35F8F00201060C2
:1092880081F31088D02212061278002752B2904635
:109298009A420ED1002080BCB846F0BDBFF35F8F64
:1092A800176081F310882800310000F045FF00287E
:1092B800F0D12268EFF3108172B61368002BFCD04E
:1092C800BFF35F8F237922687F2BE7D9434602E0FB
:1092D800D0231B061B682371BFF35F8F0023136025
:1092E80081F310880120D6E7F0B5C64600B50D0019
:1092F800040000F041FFFA2206000F0000232800B6
:109308000021920000F008FF36184F41002F02DAC2
:109318000126174F7642D0231B061B680025984666
:109328000AE0BFF35F8F156081F3108830003900C1
:1093380000F002FF002818D12268EFF3108172B6FE
:109348001368002BFCD0BFF35F8F237922687F2B33
:10935800E7D943462371BFF35F8F0023136081F37E
:109368001088012080BCB846F0BD0020FAE7C0464E
:10937800FFFFFF7F0268EFF3108172B61368002BBE
:10938800FCD0BFF35F8FFF2303710368BFF35F8FC8
:1093980000221A6081F3108840BF704710B5084C4E
:1093A8002378002B0AD18023064807495B051A68F1
:1093B800C25004338B42FAD10123237010BDC0463A
:1093C8006C250020681F00100001001010B5014B2B
:1093D800984710BD691F0020034B1A68C0239B00E3
:1093E8009343024A136070470C8001400C9001407F
:1093F800054B1A6880239B005340C02292001340FB
:10940800024A13607047C0460C8001400C9001402E
:109418000023F0B5DE4657464E4645469A46E0B527
:1094280083B001900E00988A42491B8B140098471C
:10943800534681464049988A1B8B984753463F4973
:109448000500988A1B8B98478046FFF7A7FFC847F7
:10945800A847FFF7CDFF251E22D00823C0219C4630
:109468000220490562468B6A1A4018423CD0631BA9
:10947800002D2CD1002A11D1002C11D0C0235B055E
:109488009B4602239A46063399465B464A46574608
:109498009B6A1A401F423FD0002AF6D0002C2DD1DB
:1094A800FFF79AFFC047FFF791FF03B0F0BCBB4638
:1094B800B246A946A046F0BD002C2FD1C0225205C5
:1094C800926A914608224F463A40BF072DD50D2B88
:1094D8001BD9002AF0D1C0225205926A914608226F
:1094E8004F463A40BF07F2D4002A04D12B00234349
:1094F800002BB7D1D4E72B00002CF9D00B6E013C20
:109508003370230001362B43F2E7019F013D3B787E
:1095180001370B660197E7E70025E5E7C0235B0500
:109528001B6E013C337001369CE72B00002ADFD10B
:10953800DCE7C046494600004558000046430000A5
:109548000022154B10B59A60DA601A615A619A6167
:10955800DA611A625A629A62DA621A635A639A6321
:10956800DA631A645A649A64DA641A655A659A6501
:10957800DA651A665A669A66DA661A675A679A67E1
:10958800DA67F03292000021044800F0CDFD044B68
:10959800044A1A6010BDC046000010502421002063
:1095A800FC24002080011050F0B54E464546DE46AA
:1095B8005746E0B5214B00249E6D012585B0002E4D
:1095C80022D01F4B9A46012399461E4B984601E02C
:1095D800202C19D02A00230001342F003240E4B295
:1095E8006D00002AF4D0524697654A465B085B0036
:1095F80022409B185B01434418009B4600F01EFC68
:10960800002808D1BE43E3D105B0F0BCBB46B24642
:10961800A946A046F0BD5B46E0219A78DB8A01A8FE
:1096280083600023C900018001210271437100F0A9
:1096380025FC584600F0A0FBE4E7C04600001150A6
:1096480000301150E42000209823F0B5C646C84ADF
:1096580000B5D55880232E009B02102484B01E40EC
:109668001D4274D0C34BC44C9A6AC44B00261A607E
:109678003B23E35C022B00D14FE17B23E35C022B0D
:1096880000D1F3E0BB23E35C022B00D1FAE0FB231B
:10969800E35C022B00D101E13C23FF33E35C022BA6
:1096A80000D12DE17C23FF33E35C022B00D10EE1D6
:1096B800BC23FF33E35C022B00D13FE1FC23FF33E3
:1096C800E35C022B00D1F5E0AD4BE35C022B00D14B
:1096D80074E1AC4BE35C022B00D105E1AA4BE35CDF
:1096E800022B00D175E1A94BE35C022B00D132E1DA
:1096F800A74BE35C022B00D1A0E1A64BE35C022B55
:1097080000D171E1A44BE35C022B00D1A1E1A34B92
:10971800E35C022B00D17FE1002E08D1A04B1B781F
:10972800002B04D180219F4A90338902D150C02256
:1097380069468F4B92009B6C80265B058A805B0D87
:10974800012101A8029300F099FB974CB602EB06A1
:1097580000D57FE080235B021D4231D01E430123E8
:1097680002249846844FBB7E002B14D000F0F4FCF2
:10977800012800D972E0C02200213800920100F0CF
:1097880001FB380000F0F8FA00F0E6FC012802D9E5
:10979800844B5C661C664346FB702037012C22D143
:1097A800C0236A46DB009380804A02AB03CA03C326
:1097B800012101A800F062FB80227A4B92021A650F
:1097C80080235B011D4210D18023DB011D4223D180
:1097D80080231B021D422FD1AE4200D0C0E104B04D
:1097E80080BCB846F0BD0124BDE700241E43604B91
:1097F8001C60FFF7A5FE80236A465B009380147205
:10980800012101A800F03AFB8022664B12031A6579
:109818008023DB011D42DBD01E4380236A46DB0028
:109828009380012101A800F029FB10225D4B1A65E5
:1098380080231B021D42CFD01E43A0236A46DB00B3
:109848009380012101A800F019FB8022554B1201D9
:109858001A65C1E7FFF7A8FE26007BE7544B444A88
:109868001C66536E2340A342FBD184E77833E75C40
:10987800002F00D106E70233E25C002A00D00DE198
:109888003E00FFE6B833E75C002F00D1FFE6023365
:10989800E25C002A00D0F9E03E00F8E6F833E75C25
:1098A800002F00D1F8E60233E25C002A00D041E143
:1098B8003E00F1E6F933FF33E75C002F00D103E700
:1098C8000233E25C002A00D02BE13E00FCE679334B
:1098D800FF33E75C002F00D1EAE60233E25C002A9E
:1098E80000D015E13E00E3E6324BE75C002F00D1E3
:1098F800F4E60233E25C002A00D001E13E00EDE626
:109908003933FF33E75C002F00D1CBE60233E25C4A
:10991800002A00D0EBE03E00C4E63833E65C002EB7
:1099280000D1AAE60233E25C002A00D1A5E62000B5
:1099380000222030E25400F04DFA9EE6B933FF339E
:10994800E75C002F00D1B9E60233E25C002A00D0C0
:10995800C4E03E00B2E6184BE75C002F00D1C7E632
:109968000233E25C002A00D0B0E03E00C0E6C04608
:109978000000115000400540E4200020DC200020B9
:109988003B0200007B020000BB020000FB0200005B
:109998003B0300007B030000BB030000FB03000047
:1099A8006A250020003011501000020000001050FD
:1099B800002011507A020000FA0200006B4BE75CAD
:1099C800002F00D185E60233E25C002A76D13E0002
:1099D8007FE6674BE75C002F00D184E60233E25C48
:1099E800002A63D13E007EE6624BE75C002F00D17F
:1099F80088E60233E25C002A00D0A3E05E4BE35C19
:109A0800022B30D15D4BE35C002B27D15C4BE35C30
:109A1800022B00D08BE63E005A4BE35C002B00D1B2
:109A28007AE6FF239B00E25C002A00D17FE6002251
:109A3800E2541C3BE01800F0CDF978E6524BE75CA5
:109A4800002F00D159E60233E25C002A16D13E000D
:109A580053E64A4BE35C002B00D158E6EF239B000A
:109A6800E25C002A75D1464BE35C022B00D05EE62F
:109A7800444BE35C002B00D159E6D2E70022E254C4
:109A88001C3BE01800F0A6F93E0036E62000002254
:109A9800A030E2543E0000F09DF9F8E520000022D5
:109AA8006030E2543E0000F095F9EBE50022E25404
:109AB8001C3BE01800F08EF93E0014E60022E25448
:109AC8001C3BE01800F086F93E0002E60022E25452
:109AD8001C3BE01800F07EF93E0009E62000002259
:109AE800A130FF30E2543E0000F074F9E6E52000B2
:109AF80000222130FF30E2543E0000F06BF9D1E53E
:109B08000022E2541C3BE01800F064F93E00E5E551
:109B1800200000226130FF30E2543E0000F05AF984
:109B2800C6E520000022E130FF30E2543E0000F09C
:109B380051F9C9E520000022E030E2543E0000F06F
:109B480049F9A9E50022E2541C3BE01800F042F96B
:109B580054E70022E2541C3BE01800F03BF982E78E
:109B680031000A48694000F0FFFAC0463A02000096
:109B7800BA0200007A030000BB030000BA03000029
:109B8800FB030000FA0300003A0300006C8A00108F
:109B9800F0B5C64600B50200838A008B8C46011CCE
:109BA800984200D9191CD47880252000461EB0415F
:109BB80089B2ED000D434003284301256C405B1A30
:109BC800D47054789BB29382002C31D16446D56806
:109BD800A4014E1E2D19B0461469002923D0062E63
:109BE80032D92B0023439B072ED1631CEB1A022B7F
:109BF8002AD900238F08BF00E658EE5004339F424D
:109C0800FAD14346ED19DB1BE419B94209D026788D
:109C18002E70002B05D066786E70012B01D0A378CA
:109C2800AB701469938A641814618022120210437D
:109C3800002B02D18023DB0118436346002B00D0A0
:109C4800000480BCB846F0BD0023E65CEE54013346
:109C58009942FAD1E5E7C0468368F0B51A6804006E
:109C6800002900D0120C63789205900D002B08D1C2
:109C7800E38AC318E382238B834201D90023A3829A
:109C8800F0BDE368890125695E18471E002822D0C7
:109C9800062F26D901315B18EB1A022B21D92B008C
:109CA80033439B071DD10023120E9200F158E9504F
:109CB80004339A42FAD1BF1AAD18B618904209D0A7
:109CC80032782A70002F05D072786A70012F01D07F
:109CD800B278AA702569E38A2D18C318E382256132
:109CE800C9E70022B35CAB5401329042FAD125692E
:109CF800F1E7C04610B50400836800211B68FFF730
:109D0800ABFF63681B685B0002D5238B834200D0DE
:109D180010BD01212000FFF79FFFF9E7084A030063
:109D2800126C0020920703D49A78D209012A00D035
:109D38007047D87E023843425841C0B2F8E7C0465F
:109D48000000115010B5FFF7E9FF00280CD00749B3
:109D5800074B8C46074A9B6A126863449B1A00208B
:109D6800C6229A424041C0B210BDC046E0FCFFFF87
:109D780000400540DC200020002383764361036116
:109D88007047C04610B58368002901D01C6821407F
:109D9800002A12D08024E400114322420DD01A6810
:109DA80022420CD1084A0A401A60084A126C9207EB
:109DB80003D40C23033BFDD28368196010BD81785E
:109DC800034800F0D1F9C046FFFBFFFF0000115027
:109DD800808A0010436870B50021802504001E6841
:109DE800FFF7D6FE124B6D011A6C0543A378920754
:109DF8000ED55B060ED00F4B1E4080239B053343C8
:109E080062680021136020002A00FFF7BBFF70BDC5
:109E1800DB09F0D0A38A002BEDD001212000FFF749
:109E2800B7FEA023044ADB05324005431343E7E7A6
:109E380000001150FFFFFFAFFFFFFFDF70B5857E09
:109E48000400002D14D0FFF755FFA38A002B01D181
:109E5800280070BD2000FFF775FF002803D00123FC
:109E680000252377F4E72000FFF7B4FF0025EFE78C
:109E78008178014800F078F9A08A0010F0B5CE4644
:109E8800474680B5437805000E0085B0062B08D8F4
:109E98006C4A9B00D3589F466B4A13780133DBB258
:109EA80013706A4B1C686269EFF3108172B613680D
:109EB800002BFCD0BFF35F8FA1612000290000F0C8
:109EC80023F96269A369BFF35F8F0021116083F3EF
:109ED8001088002804D105B0C0BCB946B046F0BD12
:109EE80032006978287800F02FF9F4E70121584BFF
:109EF8001A788A431A701A7801318A431A70002234
:109F08005A701A7802318A431A70CAE75149524F77
:109F1800894652490024002388463A7812E043468D
:109F28001B6861015B18002B06D0DB69002B03D08E
:109F38006968287898473A780134E4B2511C2300BC
:109F4800A14217DBA242EAD89B1A5B014B44ECE71B
:109F58003F4B1A78D207BED504211A780A431A70E3
:109F68009FE73B4B1A78D207B5D504211A788A4364
:109F78001A7096E7364F3B785B072BD504223B785F
:109F8800002193433B706B460632981D00F0CCF8D5
:109F98002B7801AC2370052363702C4B1B68984603
:109FA8005A69EFF3108172B61368002BFCD0BFF327
:109FB8005F8F434640469961210000F0A5F843466B
:109FC8005A699B69BFF35F8F0021116083F3108882
:109FD800002831D1FB78DB0700D47CE76B460A22E6
:109FE8000021981D00F0A0F82B7801AC2370032302
:109FF80063706B686360154B1D686A69EFF31081C5
:10A0080072B61368002BFCD0BFF35F8FA9612800DC
:10A01800210000F079F86A69AB69BFF35F8F00210E
:10A02800116083F31088002800D154E7320061786A
:10A03800207800F089F84EE732006178207800F047
:10A0480083F8C7E7DC8F00106B250020D81B0020A1
:10A05800801B0020F88F001069250020D0190020EF
:10A06800F0B5C64600B5EFF305831E00273E272B43
:10A0780039D0214F3D68EC6A002C31D080228023F2
:10A08800D2009B002240234061062ED5696D002A2C
:10A0980000D06A6E002B2CD1184BF2009918884614
:10A0A8000979002906D0D35802213800984700239F
:10A0B80042461371630708D50120104BF200991826
:10A0C8000871D358002138009847A40608D5012103
:10A0D8002B6D0A4BF6009A193800F35811719847FE
:10A0E80080BCB846F0BD064FC4E7002AD1D1002B8A
:10A0F800E0D02B6ED0E7C04610110020E4240020E9
:10A10800181100207047C04601B40248844601BCBB
:10A11800604700BF6976001001B40248844601BC5C
:10A12800604700BF4D31001001B40248844601BCAD
:10A13800604700BF2132001001B40248844601BCC8
:10A14800604700BF5117001001B40248844601BCA3
:10A15800604700BF095C001001B40248844601BC96
:10A16800604700BFAD08001001B40248844601BC36
:10A17800604700BFB908001001B40248844601BC1A
:10A18800604700BFA519001001030110000000007E
:10A1980000000100000000000000000000000200B4
:10A1A80000000000000000000000030000000000A4
:10A1B800000000000000FF000000000001B5486832
:10A1C80001318E460047704609380149884701BD6C
:10A1D800BD0E00100000000000000000000000009C
:10A1E800000000000000000028110020000000000E
:10A1F800503300004C330000543300005233000049
:10A208004D5300004D430000533400004334000018
:10A21800794F00107D500010C54F0010915000106C
:10A228000000000000010000C95300107D53001019
:10A23800F1520010695200100000000000010000F7
:10A24800DC1B002010000C000000000000000000D3
:10A25800000000000000000000000000FF000000F7
:10A26800008004400000000000400440000000009E
:08A278000000000000000000DE
:04000005100001E9FD
:00000001FF
