
C:/SDK/HL2IOBoard-main/n2adr_basic/build/main.elf:     file format elf32-littlearm

Sections:
Idx Name          Size      VMA       LMA       File off  Algn
  0 .boot2        00000100  10000000  10000000  00001000  2**0
                  CONTENTS, ALLOC, LOAD, READONLY, CODE
  1 .text         00008804  10000100  10000100  00001100  2**3
                  CONTENTS, ALLOC, LOAD, READONLY, CODE
  2 .rodata       000008e4  10008908  10008908  00009908  2**3
                  CONTENTS, ALLOC, LOAD, READONLY, DATA
  3 .binary_info  0000002c  100091ec  100091ec  0000a1ec  2**2
                  CONTENTS, ALLOC, LOAD, READONLY, DATA
  4 .ram_vector_table 000000c0  20000000  20000000  0000d000  2**2
                  ALLOC
  5 .uninitialized_data 00000000  200000c0  200000c0  0000c128  2**0
                  CONTENTS
  6 .data         00001068  200000c0  10009218  0000b0c0  2**4
                  CONTENTS, ALLOC, LOAD, READONLY, CODE
  7 .tdata        00000000  20001128  20001128  0000c128  2**0
                  CONTENTS, ALLOC, LOAD, DATA, THREAD_LOCAL
  8 .tbss         00000000  20001128  20001128  00000000  2**0
                  ALLOC, THREAD_LOCAL
  9 .bss          00001458  20001128  1000a280  0000c128  2**3
                  ALLOC
 10 .heap         00000800  20002580  20002580  0000c128  2**2
                  CONTENTS, READONLY
 11 .scratch_x    00000000  20040000  20040000  0000c928  2**0
                  CONTENTS
 12 .scratch_y    00000000  20041000  20041000  0000c928  2**0
                  CONTENTS
 13 .stack_dummy  00000800  20041000  20041000  0000c940  2**5
                  CONTENTS, READONLY
 14 .ARM.attributes 00000028  00000000  00000000  0000d140  2**0
                  CONTENTS, READONLY
 15 .comment      00000045  00000000  00000000  0000d168  2**0
                  CONTENTS, READONLY
 16 .debug_info   0003ba48  00000000  00000000  0000d1ad  2**0
                  CONTENTS, READONLY, DEBUGGING, OCTETS
 17 .debug_abbrev 0000a558  00000000  00000000  00048bf5  2**0
                  CONTENTS, READONLY, DEBUGGING, OCTETS
 18 .debug_loclists 0001fa6f  00000000  00000000  0005314d  2**0
                  CONTENTS, READONLY, DEBUGGING, OCTETS
 19 .debug_aranges 000018d8  00000000  00000000  00072bc0  2**3
                  CONTENTS, READONLY, DEBUGGING, OCTETS
 20 .debug_rnglists 00004e93  00000000  00000000  00074498  2**0
                  CONTENTS, READONLY, DEBUGGING, OCTETS
 21 .debug_line   000280d4  00000000  00000000  0007932b  2**0
                  CONTENTS, READONLY, DEBUGGING, OCTETS
 22 .debug_str    00009347  00000000  00000000  000a13ff  2**0
                  CONTENTS, READONLY, DEBUGGING, OCTETS
 23 .debug_frame  000034bc  00000000  00000000  000aa748  2**2
                  CONTENTS, READONLY, DEBUGGING, OCTETS
 24 .debug_line_str 000002d5  00000000  00000000  000adc04  2**0
                  CONTENTS, READONLY, DEBUGGING, OCTETS

C:/SDK/HL2IOBoard-main/n2adr_basic/build/main.elf:     file format elf32-littlearm


Disassembly of section .boot2:

10000000 <__boot2_start__>:
10000000:	4b32b500 	.word	0x4b32b500
10000004:	60582021 	.word	0x60582021
10000008:	21026898 	.word	0x21026898
1000000c:	60984388 	.word	0x60984388
10000010:	611860d8 	.word	0x611860d8
10000014:	4b2e6158 	.word	0x4b2e6158
10000018:	60992100 	.word	0x60992100
1000001c:	61592102 	.word	0x61592102
10000020:	22f02101 	.word	0x22f02101
10000024:	492b5099 	.word	0x492b5099
10000028:	21016019 	.word	0x21016019
1000002c:	20356099 	.word	0x20356099
10000030:	f844f000 	.word	0xf844f000
10000034:	42902202 	.word	0x42902202
10000038:	2106d014 	.word	0x2106d014
1000003c:	f0006619 	.word	0xf0006619
10000040:	6e19f834 	.word	0x6e19f834
10000044:	66192101 	.word	0x66192101
10000048:	66182000 	.word	0x66182000
1000004c:	f000661a 	.word	0xf000661a
10000050:	6e19f82c 	.word	0x6e19f82c
10000054:	6e196e19 	.word	0x6e196e19
10000058:	f0002005 	.word	0xf0002005
1000005c:	2101f82f 	.word	0x2101f82f
10000060:	d1f94208 	.word	0xd1f94208
10000064:	60992100 	.word	0x60992100
10000068:	6019491b 	.word	0x6019491b
1000006c:	60592100 	.word	0x60592100
10000070:	481b491a 	.word	0x481b491a
10000074:	21016001 	.word	0x21016001
10000078:	21eb6099 	.word	0x21eb6099
1000007c:	21a06619 	.word	0x21a06619
10000080:	f0006619 	.word	0xf0006619
10000084:	2100f812 	.word	0x2100f812
10000088:	49166099 	.word	0x49166099
1000008c:	60014814 	.word	0x60014814
10000090:	60992101 	.word	0x60992101
10000094:	2800bc01 	.word	0x2800bc01
10000098:	4700d000 	.word	0x4700d000
1000009c:	49134812 	.word	0x49134812
100000a0:	c8036008 	.word	0xc8036008
100000a4:	8808f380 	.word	0x8808f380
100000a8:	b5034708 	.word	0xb5034708
100000ac:	20046a99 	.word	0x20046a99
100000b0:	d0fb4201 	.word	0xd0fb4201
100000b4:	42012001 	.word	0x42012001
100000b8:	bd03d1f8 	.word	0xbd03d1f8
100000bc:	6618b502 	.word	0x6618b502
100000c0:	f7ff6618 	.word	0xf7ff6618
100000c4:	6e18fff2 	.word	0x6e18fff2
100000c8:	bd026e18 	.word	0xbd026e18
100000cc:	40020000 	.word	0x40020000
100000d0:	18000000 	.word	0x18000000
100000d4:	00070000 	.word	0x00070000
100000d8:	005f0300 	.word	0x005f0300
100000dc:	00002221 	.word	0x00002221
100000e0:	180000f4 	.word	0x180000f4
100000e4:	a0002022 	.word	0xa0002022
100000e8:	10000100 	.word	0x10000100
100000ec:	e000ed08 	.word	0xe000ed08
	...
100000fc:	7a4eb274 	.word	0x7a4eb274

Disassembly of section .text:

10000100 <__VECTOR_TABLE>:
10000100:	20042000 	.word	0x20042000
10000104:	100001f7 	.word	0x100001f7
10000108:	100001c3 	.word	0x100001c3
1000010c:	100001c5 	.word	0x100001c5
10000110:	100001c1 	.word	0x100001c1
10000114:	100001c1 	.word	0x100001c1
10000118:	100001c1 	.word	0x100001c1
1000011c:	100001c1 	.word	0x100001c1
10000120:	100001c1 	.word	0x100001c1
10000124:	100001c1 	.word	0x100001c1
10000128:	100001c1 	.word	0x100001c1
1000012c:	100001c7 	.word	0x100001c7
10000130:	100001c1 	.word	0x100001c1
10000134:	100001c1 	.word	0x100001c1
10000138:	100001c9 	.word	0x100001c9
1000013c:	100001cb 	.word	0x100001cb
10000140:	100001cd 	.word	0x100001cd
10000144:	100001cd 	.word	0x100001cd
10000148:	100001cd 	.word	0x100001cd
1000014c:	100001cd 	.word	0x100001cd
10000150:	100001cd 	.word	0x100001cd
10000154:	100001cd 	.word	0x100001cd
10000158:	100001cd 	.word	0x100001cd
1000015c:	100001cd 	.word	0x100001cd
10000160:	100001cd 	.word	0x100001cd
10000164:	100001cd 	.word	0x100001cd
10000168:	100001cd 	.word	0x100001cd
1000016c:	100001cd 	.word	0x100001cd
10000170:	100001cd 	.word	0x100001cd
10000174:	100001cd 	.word	0x100001cd
10000178:	100001cd 	.word	0x100001cd
1000017c:	100001cd 	.word	0x100001cd
10000180:	100001cd 	.word	0x100001cd
10000184:	100001cd 	.word	0x100001cd
10000188:	100001cd 	.word	0x100001cd
1000018c:	100001cd 	.word	0x100001cd
10000190:	100001cd 	.word	0x100001cd
10000194:	100001cd 	.word	0x100001cd
10000198:	100001cd 	.word	0x100001cd
1000019c:	100001cd 	.word	0x100001cd
100001a0:	100001cd 	.word	0x100001cd
100001a4:	100001cd 	.word	0x100001cd
100001a8:	100001cd 	.word	0x100001cd
100001ac:	100001cd 	.word	0x100001cd
100001b0:	100001cd 	.word	0x100001cd
100001b4:	100001cd 	.word	0x100001cd
100001b8:	100001cd 	.word	0x100001cd
100001bc:	100001cd 	.word	0x100001cd

100001c0 <isr_invalid>:
100001c0:	be00      	bkpt	0x0000

100001c2 <isr_nmi>:
100001c2:	be00      	bkpt	0x0000

100001c4 <isr_hardfault>:
100001c4:	be00      	bkpt	0x0000

100001c6 <isr_svcall>:
100001c6:	be00      	bkpt	0x0000

100001c8 <isr_pendsv>:
100001c8:	be00      	bkpt	0x0000

100001ca <isr_systick>:
100001ca:	be00      	bkpt	0x0000

100001cc <__unhandled_user_irq>:
100001cc:	f3ef 8005 	mrs	r0, IPSR
100001d0:	3810      	subs	r0, #16

100001d2 <unhandled_user_irq_num_in_r0>:
100001d2:	be00      	bkpt	0x0000

100001d4 <binary_info_header>:
100001d4:	7188ebf2 	.word	0x7188ebf2
100001d8:	100091ec 	.word	0x100091ec
100001dc:	10009218 	.word	0x10009218
100001e0:	10000238 	.word	0x10000238
100001e4:	e71aa390 	.word	0xe71aa390

100001e8 <_entry_point>:
100001e8:	481e      	ldr	r0, [pc, #120]	@ (10000264 <data_cpy_table+0x2c>)

100001ea <_enter_vtable_in_r0>:
100001ea:	491f      	ldr	r1, [pc, #124]	@ (10000268 <data_cpy_table+0x30>)
100001ec:	6008      	str	r0, [r1, #0]
100001ee:	c806      	ldmia	r0!, {r1, r2}
100001f0:	f381 8808 	msr	MSP, r1
100001f4:	4710      	bx	r2

100001f6 <_reset_handler>:
100001f6:	481d      	ldr	r0, [pc, #116]	@ (1000026c <data_cpy_table+0x34>)
100001f8:	6800      	ldr	r0, [r0, #0]
100001fa:	2800      	cmp	r0, #0
100001fc:	d001      	beq.n	10000202 <hold_non_core0_in_bootrom+0x4>

100001fe <hold_non_core0_in_bootrom>:
100001fe:	4819      	ldr	r0, [pc, #100]	@ (10000264 <data_cpy_table+0x2c>)
10000200:	e7f3      	b.n	100001ea <_enter_vtable_in_r0>
10000202:	a40d      	add	r4, pc, #52	@ (adr r4, 10000238 <data_cpy_table>)
10000204:	cc0e      	ldmia	r4!, {r1, r2, r3}
10000206:	2900      	cmp	r1, #0
10000208:	d002      	beq.n	10000210 <hold_non_core0_in_bootrom+0x12>
1000020a:	f000 f812 	bl	10000232 <data_cpy>
1000020e:	e7f9      	b.n	10000204 <hold_non_core0_in_bootrom+0x6>
10000210:	4917      	ldr	r1, [pc, #92]	@ (10000270 <data_cpy_table+0x38>)
10000212:	4a18      	ldr	r2, [pc, #96]	@ (10000274 <data_cpy_table+0x3c>)
10000214:	2000      	movs	r0, #0
10000216:	e000      	b.n	1000021a <bss_fill_test>

10000218 <bss_fill_loop>:
10000218:	c101      	stmia	r1!, {r0}

1000021a <bss_fill_test>:
1000021a:	4291      	cmp	r1, r2
1000021c:	d1fc      	bne.n	10000218 <bss_fill_loop>

1000021e <platform_entry>:
1000021e:	4916      	ldr	r1, [pc, #88]	@ (10000278 <data_cpy_table+0x40>)
10000220:	4788      	blx	r1
10000222:	4916      	ldr	r1, [pc, #88]	@ (1000027c <data_cpy_table+0x44>)
10000224:	4788      	blx	r1
10000226:	4916      	ldr	r1, [pc, #88]	@ (10000280 <data_cpy_table+0x48>)
10000228:	4788      	blx	r1
1000022a:	be00      	bkpt	0x0000
1000022c:	e7fd      	b.n	1000022a <platform_entry+0xc>

1000022e <data_cpy_loop>:
1000022e:	c901      	ldmia	r1!, {r0}
10000230:	c201      	stmia	r2!, {r0}

10000232 <data_cpy>:
10000232:	429a      	cmp	r2, r3
10000234:	d3fb      	bcc.n	1000022e <data_cpy_loop>
10000236:	4770      	bx	lr

10000238 <data_cpy_table>:
10000238:	10009218 	.word	0x10009218
1000023c:	200000c0 	.word	0x200000c0
10000240:	20001128 	.word	0x20001128
10000244:	1000a280 	.word	0x1000a280
10000248:	20040000 	.word	0x20040000
1000024c:	20040000 	.word	0x20040000
10000250:	1000a280 	.word	0x1000a280
10000254:	20041000 	.word	0x20041000
10000258:	20041000 	.word	0x20041000
1000025c:	00000000 	.word	0x00000000
10000260:	4770      	bx	lr
10000262:	0000      	.short	0x0000
10000264:	00000000 	.word	0x00000000
10000268:	e000ed08 	.word	0xe000ed08
1000026c:	d0000000 	.word	0xd0000000
10000270:	20001128 	.word	0x20001128
10000274:	20002580 	.word	0x20002580
10000278:	10004b39 	.word	0x10004b39
1000027c:	100002d5 	.word	0x100002d5
10000280:	10004b31 	.word	0x10004b31

10000284 <_init>:
10000284:	b5f8      	push	{r3, r4, r5, r6, r7, lr}
10000286:	46c0      	nop			@ (mov r8, r8)

10000288 <register_tm_clones>:
10000288:	4806      	ldr	r0, [pc, #24]	@ (100002a4 <register_tm_clones+0x1c>)
1000028a:	4907      	ldr	r1, [pc, #28]	@ (100002a8 <register_tm_clones+0x20>)
1000028c:	1a09      	subs	r1, r1, r0
1000028e:	108b      	asrs	r3, r1, #2
10000290:	0fc9      	lsrs	r1, r1, #31
10000292:	18c9      	adds	r1, r1, r3
10000294:	b510      	push	{r4, lr}
10000296:	1049      	asrs	r1, r1, #1
10000298:	d003      	beq.n	100002a2 <register_tm_clones+0x1a>
1000029a:	4b04      	ldr	r3, [pc, #16]	@ (100002ac <register_tm_clones+0x24>)
1000029c:	2b00      	cmp	r3, #0
1000029e:	d000      	beq.n	100002a2 <register_tm_clones+0x1a>
100002a0:	4798      	blx	r3
100002a2:	bd10      	pop	{r4, pc}
100002a4:	20001128 	.word	0x20001128
100002a8:	20001128 	.word	0x20001128
100002ac:	00000000 	.word	0x00000000

100002b0 <frame_dummy>:
100002b0:	4b05      	ldr	r3, [pc, #20]	@ (100002c8 <frame_dummy+0x18>)
100002b2:	b510      	push	{r4, lr}
100002b4:	2b00      	cmp	r3, #0
100002b6:	d003      	beq.n	100002c0 <frame_dummy+0x10>
100002b8:	4904      	ldr	r1, [pc, #16]	@ (100002cc <frame_dummy+0x1c>)
100002ba:	4805      	ldr	r0, [pc, #20]	@ (100002d0 <frame_dummy+0x20>)
100002bc:	e000      	b.n	100002c0 <frame_dummy+0x10>
100002be:	bf00      	nop
100002c0:	f7ff ffe2 	bl	10000288 <register_tm_clones>
100002c4:	bd10      	pop	{r4, pc}
100002c6:	46c0      	nop			@ (mov r8, r8)
100002c8:	00000000 	.word	0x00000000
100002cc:	20002500 	.word	0x20002500
100002d0:	10008904 	.word	0x10008904

100002d4 <main>:
100002d4:	b5f0      	push	{r4, r5, r6, r7, lr}
100002d6:	46de      	mov	lr, fp
100002d8:	4657      	mov	r7, sl
100002da:	464e      	mov	r6, r9
100002dc:	4645      	mov	r5, r8
100002de:	b5e0      	push	{r5, r6, r7, lr}
100002e0:	b087      	sub	sp, #28
100002e2:	f004 fd67 	bl	10004db4 <stdio_init_all>
100002e6:	2101      	movs	r1, #1
100002e8:	2000      	movs	r0, #0
100002ea:	f007 fbf7 	bl	10007adc <configure_pins>
100002ee:	f007 fd5f 	bl	10007db0 <configure_led_flasher>
100002f2:	4b45      	ldr	r3, [pc, #276]	@ (10000408 <main+0x134>)
100002f4:	24d0      	movs	r4, #208	@ 0xd0
100002f6:	9301      	str	r3, [sp, #4]
100002f8:	4b44      	ldr	r3, [pc, #272]	@ (1000040c <main+0x138>)
100002fa:	4e45      	ldr	r6, [pc, #276]	@ (10000410 <main+0x13c>)
100002fc:	469b      	mov	fp, r3
100002fe:	4b45      	ldr	r3, [pc, #276]	@ (10000414 <main+0x140>)
10000300:	4f45      	ldr	r7, [pc, #276]	@ (10000418 <main+0x144>)
10000302:	4699      	mov	r9, r3
10000304:	4b45      	ldr	r3, [pc, #276]	@ (1000041c <main+0x148>)
10000306:	0624      	lsls	r4, r4, #24
10000308:	9300      	str	r3, [sp, #0]
1000030a:	4b45      	ldr	r3, [pc, #276]	@ (10000420 <main+0x14c>)
1000030c:	9302      	str	r3, [sp, #8]
1000030e:	4b45      	ldr	r3, [pc, #276]	@ (10000424 <main+0x150>)
10000310:	4698      	mov	r8, r3
10000312:	4b45      	ldr	r3, [pc, #276]	@ (10000428 <main+0x154>)
10000314:	9303      	str	r3, [sp, #12]
10000316:	4b45      	ldr	r3, [pc, #276]	@ (1000042c <main+0x158>)
10000318:	9304      	str	r3, [sp, #16]
1000031a:	4b45      	ldr	r3, [pc, #276]	@ (10000430 <main+0x15c>)
1000031c:	9305      	str	r3, [sp, #20]
1000031e:	2380      	movs	r3, #128	@ 0x80
10000320:	019b      	lsls	r3, r3, #6
10000322:	469a      	mov	sl, r3
10000324:	2580      	movs	r5, #128	@ 0x80
10000326:	00ed      	lsls	r5, r5, #3
10000328:	2001      	movs	r0, #1
1000032a:	f001 f993 	bl	10001654 <sleep_ms>
1000032e:	4653      	mov	r3, sl
10000330:	6862      	ldr	r2, [r4, #4]
10000332:	7831      	ldrb	r1, [r6, #0]
10000334:	401a      	ands	r2, r3
10000336:	0493      	lsls	r3, r2, #18
10000338:	0fd8      	lsrs	r0, r3, #31
1000033a:	4281      	cmp	r1, r0
1000033c:	d057      	beq.n	100003ee <main+0x11a>
1000033e:	7030      	strb	r0, [r6, #0]
10000340:	2a00      	cmp	r2, #0
10000342:	d057      	beq.n	100003f4 <main+0x120>
10000344:	61a5      	str	r5, [r4, #24]
10000346:	61a5      	str	r5, [r4, #24]
10000348:	465b      	mov	r3, fp
1000034a:	7818      	ldrb	r0, [r3, #0]
1000034c:	783b      	ldrb	r3, [r7, #0]
1000034e:	4283      	cmp	r3, r0
10000350:	d018      	beq.n	10000384 <main+0xb0>
10000352:	7038      	strb	r0, [r7, #0]
10000354:	f008 fa14 	bl	10008780 <fcode2band>
10000358:	464b      	mov	r3, r9
1000035a:	0001      	movs	r1, r0
1000035c:	7018      	strb	r0, [r3, #0]
1000035e:	9800      	ldr	r0, [sp, #0]
10000360:	f004 fdfe 	bl	10004f60 <__wrap_printf>
10000364:	464b      	mov	r3, r9
10000366:	781b      	ldrb	r3, [r3, #0]
10000368:	3b47      	subs	r3, #71	@ 0x47
1000036a:	b2db      	uxtb	r3, r3
1000036c:	2b2b      	cmp	r3, #43	@ 0x2b
1000036e:	d803      	bhi.n	10000378 <main+0xa4>
10000370:	9a02      	ldr	r2, [sp, #8]
10000372:	009b      	lsls	r3, r3, #2
10000374:	58d3      	ldr	r3, [r2, r3]
10000376:	469f      	mov	pc, r3
10000378:	4b2e      	ldr	r3, [pc, #184]	@ (10000434 <main+0x160>)
1000037a:	4a2f      	ldr	r2, [pc, #188]	@ (10000438 <main+0x164>)
1000037c:	681b      	ldr	r3, [r3, #0]
1000037e:	041b      	lsls	r3, r3, #16
10000380:	0c1b      	lsrs	r3, r3, #16
10000382:	6013      	str	r3, [r2, #0]
10000384:	4643      	mov	r3, r8
10000386:	781b      	ldrb	r3, [r3, #0]
10000388:	2b00      	cmp	r3, #0
1000038a:	d0cd      	beq.n	10000328 <main+0x54>
1000038c:	2300      	movs	r3, #0
1000038e:	4642      	mov	r2, r8
10000390:	7013      	strb	r3, [r2, #0]
10000392:	9b03      	ldr	r3, [sp, #12]
10000394:	7818      	ldrb	r0, [r3, #0]
10000396:	2800      	cmp	r0, #0
10000398:	d132      	bne.n	10000400 <main+0x12c>
1000039a:	464b      	mov	r3, r9
1000039c:	7819      	ldrb	r1, [r3, #0]
1000039e:	9b04      	ldr	r3, [sp, #16]
100003a0:	9805      	ldr	r0, [sp, #20]
100003a2:	7019      	strb	r1, [r3, #0]
100003a4:	f004 fddc 	bl	10004f60 <__wrap_printf>
100003a8:	e7bc      	b.n	10000324 <main+0x50>
100003aa:	4b22      	ldr	r3, [pc, #136]	@ (10000434 <main+0x160>)
100003ac:	681a      	ldr	r2, [r3, #0]
100003ae:	23a0      	movs	r3, #160	@ 0xa0
100003b0:	005b      	lsls	r3, r3, #1
100003b2:	4053      	eors	r3, r2
100003b4:	041b      	lsls	r3, r3, #16
100003b6:	4a20      	ldr	r2, [pc, #128]	@ (10000438 <main+0x164>)
100003b8:	0c1b      	lsrs	r3, r3, #16
100003ba:	6013      	str	r3, [r2, #0]
100003bc:	e7e2      	b.n	10000384 <main+0xb0>
100003be:	4b1d      	ldr	r3, [pc, #116]	@ (10000434 <main+0x160>)
100003c0:	22f0      	movs	r2, #240	@ 0xf0
100003c2:	681b      	ldr	r3, [r3, #0]
100003c4:	e7f5      	b.n	100003b2 <main+0xde>
100003c6:	4b1b      	ldr	r3, [pc, #108]	@ (10000434 <main+0x160>)
100003c8:	681a      	ldr	r2, [r3, #0]
100003ca:	23cc      	movs	r3, #204	@ 0xcc
100003cc:	005b      	lsls	r3, r3, #1
100003ce:	e7f0      	b.n	100003b2 <main+0xde>
100003d0:	4b18      	ldr	r3, [pc, #96]	@ (10000434 <main+0x160>)
100003d2:	681a      	ldr	r2, [r3, #0]
100003d4:	23fa      	movs	r3, #250	@ 0xfa
100003d6:	005b      	lsls	r3, r3, #1
100003d8:	e7eb      	b.n	100003b2 <main+0xde>
100003da:	4b16      	ldr	r3, [pc, #88]	@ (10000434 <main+0x160>)
100003dc:	681a      	ldr	r2, [r3, #0]
100003de:	2391      	movs	r3, #145	@ 0x91
100003e0:	009b      	lsls	r3, r3, #2
100003e2:	e7e6      	b.n	100003b2 <main+0xde>
100003e4:	4b13      	ldr	r3, [pc, #76]	@ (10000434 <main+0x160>)
100003e6:	681a      	ldr	r2, [r3, #0]
100003e8:	23a5      	movs	r3, #165	@ 0xa5
100003ea:	009b      	lsls	r3, r3, #2
100003ec:	e7e1      	b.n	100003b2 <main+0xde>
100003ee:	2900      	cmp	r1, #0
100003f0:	d1a9      	bne.n	10000346 <main+0x72>
100003f2:	e000      	b.n	100003f6 <main+0x122>
100003f4:	6165      	str	r5, [r4, #20]
100003f6:	9801      	ldr	r0, [sp, #4]
100003f8:	6165      	str	r5, [r4, #20]
100003fa:	f004 fd2d 	bl	10004e58 <__wrap_puts>
100003fe:	e7a3      	b.n	10000348 <main+0x74>
10000400:	f008 f9be 	bl	10008780 <fcode2band>
10000404:	0001      	movs	r1, r0
10000406:	e7ca      	b.n	1000039e <main+0xca>
10000408:	10008908 	.word	0x10008908
1000040c:	20002575 	.word	0x20002575
10000410:	20001038 	.word	0x20001038
10000414:	2000257b 	.word	0x2000257b
10000418:	2000256e 	.word	0x2000256e
1000041c:	10008910 	.word	0x10008910
10000420:	10008ac8 	.word	0x10008ac8
10000424:	20002578 	.word	0x20002578
10000428:	20002579 	.word	0x20002579
1000042c:	20002577 	.word	0x20002577
10000430:	10008920 	.word	0x10008920
10000434:	40050034 	.word	0x40050034
10000438:	40051034 	.word	0x40051034

1000043c <gpio_default_irq_handler>:
1000043c:	23d0      	movs	r3, #208	@ 0xd0
1000043e:	061b      	lsls	r3, r3, #24
10000440:	681b      	ldr	r3, [r3, #0]
10000442:	4aac      	ldr	r2, [pc, #688]	@ (100006f4 <gpio_default_irq_handler+0x2b8>)
10000444:	0099      	lsls	r1, r3, #2
10000446:	b5f0      	push	{r4, r5, r6, r7, lr}
10000448:	46de      	mov	lr, fp
1000044a:	468b      	mov	fp, r1
1000044c:	5851      	ldr	r1, [r2, r1]
1000044e:	425a      	negs	r2, r3
10000450:	4153      	adcs	r3, r2
10000452:	222f      	movs	r2, #47	@ 0x2f
10000454:	4657      	mov	r7, sl
10000456:	464e      	mov	r6, r9
10000458:	4645      	mov	r5, r8
1000045a:	425b      	negs	r3, r3
1000045c:	4393      	bics	r3, r2
1000045e:	469a      	mov	sl, r3
10000460:	4ba5      	ldr	r3, [pc, #660]	@ (100006f8 <gpio_default_irq_handler+0x2bc>)
10000462:	b5e0      	push	{r5, r6, r7, lr}
10000464:	469c      	mov	ip, r3
10000466:	b083      	sub	sp, #12
10000468:	2600      	movs	r6, #0
1000046a:	9101      	str	r1, [sp, #4]
1000046c:	44e2      	add	sl, ip
1000046e:	2900      	cmp	r1, #0
10000470:	d038      	beq.n	100004e4 <gpio_default_irq_handler+0xa8>
10000472:	4ba2      	ldr	r3, [pc, #648]	@ (100006fc <gpio_default_irq_handler+0x2c0>)
10000474:	4699      	mov	r9, r3
10000476:	4652      	mov	r2, sl
10000478:	08f3      	lsrs	r3, r6, #3
1000047a:	3308      	adds	r3, #8
1000047c:	009b      	lsls	r3, r3, #2
1000047e:	589d      	ldr	r5, [r3, r2]
10000480:	2301      	movs	r3, #1
10000482:	0034      	movs	r4, r6
10000484:	4698      	mov	r8, r3
10000486:	3608      	adds	r6, #8
10000488:	2d00      	cmp	r5, #0
1000048a:	d022      	beq.n	100004d2 <gpio_default_irq_handler+0x96>
1000048c:	210f      	movs	r1, #15
1000048e:	0020      	movs	r0, r4
10000490:	4029      	ands	r1, r5
10000492:	3401      	adds	r4, #1
10000494:	092d      	lsrs	r5, r5, #4
10000496:	2900      	cmp	r1, #0
10000498:	d019      	beq.n	100004ce <gpio_default_irq_handler+0x92>
1000049a:	464b      	mov	r3, r9
1000049c:	465a      	mov	r2, fp
1000049e:	589a      	ldr	r2, [r3, r2]
100004a0:	0003      	movs	r3, r0
100004a2:	40c2      	lsrs	r2, r0
100004a4:	3b20      	subs	r3, #32
100004a6:	17db      	asrs	r3, r3, #31
100004a8:	4013      	ands	r3, r2
100004aa:	4642      	mov	r2, r8
100004ac:	4213      	tst	r3, r2
100004ae:	d10c      	bne.n	100004ca <gpio_default_irq_handler+0x8e>
100004b0:	2207      	movs	r2, #7
100004b2:	000f      	movs	r7, r1
100004b4:	4002      	ands	r2, r0
100004b6:	0092      	lsls	r2, r2, #2
100004b8:	4097      	lsls	r7, r2
100004ba:	003a      	movs	r2, r7
100004bc:	08c3      	lsrs	r3, r0, #3
100004be:	4f90      	ldr	r7, [pc, #576]	@ (10000700 <gpio_default_irq_handler+0x2c4>)
100004c0:	333c      	adds	r3, #60	@ 0x3c
100004c2:	009b      	lsls	r3, r3, #2
100004c4:	51da      	str	r2, [r3, r7]
100004c6:	9b01      	ldr	r3, [sp, #4]
100004c8:	4798      	blx	r3
100004ca:	2d00      	cmp	r5, #0
100004cc:	d001      	beq.n	100004d2 <gpio_default_irq_handler+0x96>
100004ce:	42b4      	cmp	r4, r6
100004d0:	d3dc      	bcc.n	1000048c <gpio_default_irq_handler+0x50>
100004d2:	2e20      	cmp	r6, #32
100004d4:	d1cf      	bne.n	10000476 <gpio_default_irq_handler+0x3a>
100004d6:	b003      	add	sp, #12
100004d8:	bcf0      	pop	{r4, r5, r6, r7}
100004da:	46bb      	mov	fp, r7
100004dc:	46b2      	mov	sl, r6
100004de:	46a9      	mov	r9, r5
100004e0:	46a0      	mov	r8, r4
100004e2:	bdf0      	pop	{r4, r5, r6, r7, pc}
100004e4:	4e85      	ldr	r6, [pc, #532]	@ (100006fc <gpio_default_irq_handler+0x2c0>)
100004e6:	465f      	mov	r7, fp
100004e8:	2100      	movs	r1, #0
100004ea:	230f      	movs	r3, #15
100004ec:	46b3      	mov	fp, r6
100004ee:	08cc      	lsrs	r4, r1, #3
100004f0:	0022      	movs	r2, r4
100004f2:	4650      	mov	r0, sl
100004f4:	3208      	adds	r2, #8
100004f6:	0092      	lsls	r2, r2, #2
100004f8:	5812      	ldr	r2, [r2, r0]
100004fa:	2a00      	cmp	r2, #0
100004fc:	d100      	bne.n	10000500 <gpio_default_irq_handler+0xc4>
100004fe:	e0d0      	b.n	100006a2 <gpio_default_irq_handler+0x266>
10000500:	0018      	movs	r0, r3
10000502:	4010      	ands	r0, r2
10000504:	4680      	mov	r8, r0
10000506:	0910      	lsrs	r0, r2, #4
10000508:	4213      	tst	r3, r2
1000050a:	d01a      	beq.n	10000542 <gpio_default_irq_handler+0x106>
1000050c:	465d      	mov	r5, fp
1000050e:	59ed      	ldr	r5, [r5, r7]
10000510:	46a9      	mov	r9, r5
10000512:	2520      	movs	r5, #32
10000514:	426d      	negs	r5, r5
10000516:	46ac      	mov	ip, r5
10000518:	448c      	add	ip, r1
1000051a:	4665      	mov	r5, ip
1000051c:	17ed      	asrs	r5, r5, #31
1000051e:	46ac      	mov	ip, r5
10000520:	464d      	mov	r5, r9
10000522:	40cd      	lsrs	r5, r1
10000524:	46a9      	mov	r9, r5
10000526:	4665      	mov	r5, ip
10000528:	464e      	mov	r6, r9
1000052a:	4035      	ands	r5, r6
1000052c:	2601      	movs	r6, #1
1000052e:	4235      	tst	r5, r6
10000530:	d104      	bne.n	1000053c <gpio_default_irq_handler+0x100>
10000532:	4646      	mov	r6, r8
10000534:	4d72      	ldr	r5, [pc, #456]	@ (10000700 <gpio_default_irq_handler+0x2c4>)
10000536:	343c      	adds	r4, #60	@ 0x3c
10000538:	00a4      	lsls	r4, r4, #2
1000053a:	5166      	str	r6, [r4, r5]
1000053c:	2800      	cmp	r0, #0
1000053e:	d100      	bne.n	10000542 <gpio_default_irq_handler+0x106>
10000540:	e0af      	b.n	100006a2 <gpio_default_irq_handler+0x266>
10000542:	001c      	movs	r4, r3
10000544:	4004      	ands	r4, r0
10000546:	46a4      	mov	ip, r4
10000548:	0a14      	lsrs	r4, r2, #8
1000054a:	4203      	tst	r3, r0
1000054c:	d01a      	beq.n	10000584 <gpio_default_irq_handler+0x148>
1000054e:	1c48      	adds	r0, r1, #1
10000550:	4680      	mov	r8, r0
10000552:	4658      	mov	r0, fp
10000554:	59c0      	ldr	r0, [r0, r7]
10000556:	4646      	mov	r6, r8
10000558:	4681      	mov	r9, r0
1000055a:	464d      	mov	r5, r9
1000055c:	0008      	movs	r0, r1
1000055e:	40f5      	lsrs	r5, r6
10000560:	381f      	subs	r0, #31
10000562:	17c0      	asrs	r0, r0, #31
10000564:	4028      	ands	r0, r5
10000566:	2501      	movs	r5, #1
10000568:	4228      	tst	r0, r5
1000056a:	d108      	bne.n	1000057e <gpio_default_irq_handler+0x142>
1000056c:	4665      	mov	r5, ip
1000056e:	012d      	lsls	r5, r5, #4
10000570:	46ac      	mov	ip, r5
10000572:	08f0      	lsrs	r0, r6, #3
10000574:	4666      	mov	r6, ip
10000576:	4d62      	ldr	r5, [pc, #392]	@ (10000700 <gpio_default_irq_handler+0x2c4>)
10000578:	303c      	adds	r0, #60	@ 0x3c
1000057a:	0080      	lsls	r0, r0, #2
1000057c:	5146      	str	r6, [r0, r5]
1000057e:	2c00      	cmp	r4, #0
10000580:	d100      	bne.n	10000584 <gpio_default_irq_handler+0x148>
10000582:	e08e      	b.n	100006a2 <gpio_default_irq_handler+0x266>
10000584:	0018      	movs	r0, r3
10000586:	4020      	ands	r0, r4
10000588:	4684      	mov	ip, r0
1000058a:	0b10      	lsrs	r0, r2, #12
1000058c:	4223      	tst	r3, r4
1000058e:	d011      	beq.n	100005b4 <gpio_default_irq_handler+0x178>
10000590:	1c8c      	adds	r4, r1, #2
10000592:	46a0      	mov	r8, r4
10000594:	465c      	mov	r4, fp
10000596:	59e4      	ldr	r4, [r4, r7]
10000598:	4646      	mov	r6, r8
1000059a:	46a1      	mov	r9, r4
1000059c:	464d      	mov	r5, r9
1000059e:	000c      	movs	r4, r1
100005a0:	40f5      	lsrs	r5, r6
100005a2:	3c1e      	subs	r4, #30
100005a4:	17e4      	asrs	r4, r4, #31
100005a6:	402c      	ands	r4, r5
100005a8:	2501      	movs	r5, #1
100005aa:	422c      	tst	r4, r5
100005ac:	d100      	bne.n	100005b0 <gpio_default_irq_handler+0x174>
100005ae:	e082      	b.n	100006b6 <gpio_default_irq_handler+0x27a>
100005b0:	2800      	cmp	r0, #0
100005b2:	d076      	beq.n	100006a2 <gpio_default_irq_handler+0x266>
100005b4:	001c      	movs	r4, r3
100005b6:	4004      	ands	r4, r0
100005b8:	46a4      	mov	ip, r4
100005ba:	0c14      	lsrs	r4, r2, #16
100005bc:	4203      	tst	r3, r0
100005be:	d010      	beq.n	100005e2 <gpio_default_irq_handler+0x1a6>
100005c0:	1cc8      	adds	r0, r1, #3
100005c2:	4680      	mov	r8, r0
100005c4:	4658      	mov	r0, fp
100005c6:	59c0      	ldr	r0, [r0, r7]
100005c8:	4646      	mov	r6, r8
100005ca:	4681      	mov	r9, r0
100005cc:	464d      	mov	r5, r9
100005ce:	0008      	movs	r0, r1
100005d0:	40f5      	lsrs	r5, r6
100005d2:	381d      	subs	r0, #29
100005d4:	17c0      	asrs	r0, r0, #31
100005d6:	4028      	ands	r0, r5
100005d8:	2501      	movs	r5, #1
100005da:	4228      	tst	r0, r5
100005dc:	d075      	beq.n	100006ca <gpio_default_irq_handler+0x28e>
100005de:	2c00      	cmp	r4, #0
100005e0:	d05f      	beq.n	100006a2 <gpio_default_irq_handler+0x266>
100005e2:	0018      	movs	r0, r3
100005e4:	4020      	ands	r0, r4
100005e6:	4680      	mov	r8, r0
100005e8:	0d10      	lsrs	r0, r2, #20
100005ea:	4223      	tst	r3, r4
100005ec:	d00e      	beq.n	1000060c <gpio_default_irq_handler+0x1d0>
100005ee:	1d0c      	adds	r4, r1, #4
100005f0:	46a4      	mov	ip, r4
100005f2:	4665      	mov	r5, ip
100005f4:	4c41      	ldr	r4, [pc, #260]	@ (100006fc <gpio_default_irq_handler+0x2c0>)
100005f6:	59e4      	ldr	r4, [r4, r7]
100005f8:	40ec      	lsrs	r4, r5
100005fa:	46a1      	mov	r9, r4
100005fc:	000c      	movs	r4, r1
100005fe:	464d      	mov	r5, r9
10000600:	3c1c      	subs	r4, #28
10000602:	0fe4      	lsrs	r4, r4, #31
10000604:	422c      	tst	r4, r5
10000606:	d06a      	beq.n	100006de <gpio_default_irq_handler+0x2a2>
10000608:	2800      	cmp	r0, #0
1000060a:	d04a      	beq.n	100006a2 <gpio_default_irq_handler+0x266>
1000060c:	001c      	movs	r4, r3
1000060e:	4004      	ands	r4, r0
10000610:	46a4      	mov	ip, r4
10000612:	0e14      	lsrs	r4, r2, #24
10000614:	4203      	tst	r3, r0
10000616:	d018      	beq.n	1000064a <gpio_default_irq_handler+0x20e>
10000618:	1d48      	adds	r0, r1, #5
1000061a:	4680      	mov	r8, r0
1000061c:	4645      	mov	r5, r8
1000061e:	4837      	ldr	r0, [pc, #220]	@ (100006fc <gpio_default_irq_handler+0x2c0>)
10000620:	59c0      	ldr	r0, [r0, r7]
10000622:	40e8      	lsrs	r0, r5
10000624:	4681      	mov	r9, r0
10000626:	0008      	movs	r0, r1
10000628:	464d      	mov	r5, r9
1000062a:	381b      	subs	r0, #27
1000062c:	0fc0      	lsrs	r0, r0, #31
1000062e:	4228      	tst	r0, r5
10000630:	d109      	bne.n	10000646 <gpio_default_irq_handler+0x20a>
10000632:	4665      	mov	r5, ip
10000634:	052d      	lsls	r5, r5, #20
10000636:	46ac      	mov	ip, r5
10000638:	4640      	mov	r0, r8
1000063a:	4666      	mov	r6, ip
1000063c:	08c0      	lsrs	r0, r0, #3
1000063e:	4d30      	ldr	r5, [pc, #192]	@ (10000700 <gpio_default_irq_handler+0x2c4>)
10000640:	303c      	adds	r0, #60	@ 0x3c
10000642:	0080      	lsls	r0, r0, #2
10000644:	5146      	str	r6, [r0, r5]
10000646:	2c00      	cmp	r4, #0
10000648:	d02b      	beq.n	100006a2 <gpio_default_irq_handler+0x266>
1000064a:	0018      	movs	r0, r3
1000064c:	4020      	ands	r0, r4
1000064e:	4684      	mov	ip, r0
10000650:	0f12      	lsrs	r2, r2, #28
10000652:	4223      	tst	r3, r4
10000654:	d02a      	beq.n	100006ac <gpio_default_irq_handler+0x270>
10000656:	4829      	ldr	r0, [pc, #164]	@ (100006fc <gpio_default_irq_handler+0x2c0>)
10000658:	1d8c      	adds	r4, r1, #6
1000065a:	4681      	mov	r9, r0
1000065c:	59c0      	ldr	r0, [r0, r7]
1000065e:	40e0      	lsrs	r0, r4
10000660:	4680      	mov	r8, r0
10000662:	0008      	movs	r0, r1
10000664:	4645      	mov	r5, r8
10000666:	381a      	subs	r0, #26
10000668:	0fc0      	lsrs	r0, r0, #31
1000066a:	4228      	tst	r0, r5
1000066c:	d106      	bne.n	1000067c <gpio_default_irq_handler+0x240>
1000066e:	08e0      	lsrs	r0, r4, #3
10000670:	4664      	mov	r4, ip
10000672:	4d23      	ldr	r5, [pc, #140]	@ (10000700 <gpio_default_irq_handler+0x2c4>)
10000674:	303c      	adds	r0, #60	@ 0x3c
10000676:	0624      	lsls	r4, r4, #24
10000678:	0080      	lsls	r0, r0, #2
1000067a:	5144      	str	r4, [r0, r5]
1000067c:	2a00      	cmp	r2, #0
1000067e:	d010      	beq.n	100006a2 <gpio_default_irq_handler+0x266>
10000680:	4648      	mov	r0, r9
10000682:	59c0      	ldr	r0, [r0, r7]
10000684:	1dcc      	adds	r4, r1, #7
10000686:	40e0      	lsrs	r0, r4
10000688:	4684      	mov	ip, r0
1000068a:	0008      	movs	r0, r1
1000068c:	4665      	mov	r5, ip
1000068e:	3819      	subs	r0, #25
10000690:	0fc0      	lsrs	r0, r0, #31
10000692:	4228      	tst	r0, r5
10000694:	d105      	bne.n	100006a2 <gpio_default_irq_handler+0x266>
10000696:	08e0      	lsrs	r0, r4, #3
10000698:	303c      	adds	r0, #60	@ 0x3c
1000069a:	4c19      	ldr	r4, [pc, #100]	@ (10000700 <gpio_default_irq_handler+0x2c4>)
1000069c:	0712      	lsls	r2, r2, #28
1000069e:	0080      	lsls	r0, r0, #2
100006a0:	5102      	str	r2, [r0, r4]
100006a2:	3108      	adds	r1, #8
100006a4:	2920      	cmp	r1, #32
100006a6:	d000      	beq.n	100006aa <gpio_default_irq_handler+0x26e>
100006a8:	e721      	b.n	100004ee <gpio_default_irq_handler+0xb2>
100006aa:	e714      	b.n	100004d6 <gpio_default_irq_handler+0x9a>
100006ac:	2a00      	cmp	r2, #0
100006ae:	d0f8      	beq.n	100006a2 <gpio_default_irq_handler+0x266>
100006b0:	4812      	ldr	r0, [pc, #72]	@ (100006fc <gpio_default_irq_handler+0x2c0>)
100006b2:	4681      	mov	r9, r0
100006b4:	e7e4      	b.n	10000680 <gpio_default_irq_handler+0x244>
100006b6:	4665      	mov	r5, ip
100006b8:	022d      	lsls	r5, r5, #8
100006ba:	46ac      	mov	ip, r5
100006bc:	08f4      	lsrs	r4, r6, #3
100006be:	4666      	mov	r6, ip
100006c0:	4d0f      	ldr	r5, [pc, #60]	@ (10000700 <gpio_default_irq_handler+0x2c4>)
100006c2:	343c      	adds	r4, #60	@ 0x3c
100006c4:	00a4      	lsls	r4, r4, #2
100006c6:	5166      	str	r6, [r4, r5]
100006c8:	e772      	b.n	100005b0 <gpio_default_irq_handler+0x174>
100006ca:	4665      	mov	r5, ip
100006cc:	032d      	lsls	r5, r5, #12
100006ce:	46ac      	mov	ip, r5
100006d0:	08f0      	lsrs	r0, r6, #3
100006d2:	4666      	mov	r6, ip
100006d4:	4d0a      	ldr	r5, [pc, #40]	@ (10000700 <gpio_default_irq_handler+0x2c4>)
100006d6:	303c      	adds	r0, #60	@ 0x3c
100006d8:	0080      	lsls	r0, r0, #2
100006da:	5146      	str	r6, [r0, r5]
100006dc:	e77f      	b.n	100005de <gpio_default_irq_handler+0x1a2>
100006de:	4645      	mov	r5, r8
100006e0:	042d      	lsls	r5, r5, #16
100006e2:	46a8      	mov	r8, r5
100006e4:	4664      	mov	r4, ip
100006e6:	4646      	mov	r6, r8
100006e8:	08e4      	lsrs	r4, r4, #3
100006ea:	4d05      	ldr	r5, [pc, #20]	@ (10000700 <gpio_default_irq_handler+0x2c4>)
100006ec:	343c      	adds	r4, #60	@ 0x3c
100006ee:	00a4      	lsls	r4, r4, #2
100006f0:	5166      	str	r6, [r4, r5]
100006f2:	e789      	b.n	10000608 <gpio_default_irq_handler+0x1cc>
100006f4:	20002068 	.word	0x20002068
100006f8:	40014130 	.word	0x40014130
100006fc:	20002530 	.word	0x20002530
10000700:	40014000 	.word	0x40014000

10000704 <gpio_set_function>:
10000704:	4a09      	ldr	r2, [pc, #36]	@ (1000072c <gpio_set_function+0x28>)
10000706:	0083      	lsls	r3, r0, #2
10000708:	189a      	adds	r2, r3, r2
1000070a:	b510      	push	{r4, lr}
1000070c:	6814      	ldr	r4, [r2, #0]
1000070e:	2240      	movs	r2, #64	@ 0x40
10000710:	4054      	eors	r4, r2
10000712:	3280      	adds	r2, #128	@ 0x80
10000714:	4022      	ands	r2, r4
10000716:	4c06      	ldr	r4, [pc, #24]	@ (10000730 <gpio_set_function+0x2c>)
10000718:	00c0      	lsls	r0, r0, #3
1000071a:	46a4      	mov	ip, r4
1000071c:	4463      	add	r3, ip
1000071e:	601a      	str	r2, [r3, #0]
10000720:	4b04      	ldr	r3, [pc, #16]	@ (10000734 <gpio_set_function+0x30>)
10000722:	469c      	mov	ip, r3
10000724:	4460      	add	r0, ip
10000726:	6041      	str	r1, [r0, #4]
10000728:	bd10      	pop	{r4, pc}
1000072a:	46c0      	nop			@ (mov r8, r8)
1000072c:	4001c004 	.word	0x4001c004
10000730:	4001d004 	.word	0x4001d004
10000734:	40014000 	.word	0x40014000

10000738 <gpio_get_function>:
10000738:	4b03      	ldr	r3, [pc, #12]	@ (10000748 <gpio_get_function+0x10>)
1000073a:	00c0      	lsls	r0, r0, #3
1000073c:	469c      	mov	ip, r3
1000073e:	4460      	add	r0, ip
10000740:	6843      	ldr	r3, [r0, #4]
10000742:	201f      	movs	r0, #31
10000744:	4018      	ands	r0, r3
10000746:	4770      	bx	lr
10000748:	40014000 	.word	0x40014000

1000074c <gpio_set_pulls>:
1000074c:	4b07      	ldr	r3, [pc, #28]	@ (1000076c <gpio_set_pulls+0x20>)
1000074e:	0080      	lsls	r0, r0, #2
10000750:	18c3      	adds	r3, r0, r3
10000752:	681b      	ldr	r3, [r3, #0]
10000754:	00c9      	lsls	r1, r1, #3
10000756:	0092      	lsls	r2, r2, #2
10000758:	430a      	orrs	r2, r1
1000075a:	405a      	eors	r2, r3
1000075c:	230c      	movs	r3, #12
1000075e:	4013      	ands	r3, r2
10000760:	4a03      	ldr	r2, [pc, #12]	@ (10000770 <gpio_set_pulls+0x24>)
10000762:	4694      	mov	ip, r2
10000764:	4460      	add	r0, ip
10000766:	6003      	str	r3, [r0, #0]
10000768:	4770      	bx	lr
1000076a:	46c0      	nop			@ (mov r8, r8)
1000076c:	4001c004 	.word	0x4001c004
10000770:	4001d004 	.word	0x4001d004

10000774 <gpio_set_irq_enabled_with_callback>:
10000774:	b5f8      	push	{r3, r4, r5, r6, r7, lr}
10000776:	4645      	mov	r5, r8
10000778:	4698      	mov	r8, r3
1000077a:	23d0      	movs	r3, #208	@ 0xd0
1000077c:	061b      	lsls	r3, r3, #24
1000077e:	46de      	mov	lr, fp
10000780:	681c      	ldr	r4, [r3, #0]
10000782:	469b      	mov	fp, r3
10000784:	4b2b      	ldr	r3, [pc, #172]	@ (10000834 <gpio_set_irq_enabled_with_callback+0xc0>)
10000786:	4657      	mov	r7, sl
10000788:	469a      	mov	sl, r3
1000078a:	00a3      	lsls	r3, r4, #2
1000078c:	464e      	mov	r6, r9
1000078e:	4699      	mov	r9, r3
10000790:	b5e0      	push	{r5, r6, r7, lr}
10000792:	4653      	mov	r3, sl
10000794:	0016      	movs	r6, r2
10000796:	464a      	mov	r2, r9
10000798:	589b      	ldr	r3, [r3, r2]
1000079a:	0007      	movs	r7, r0
1000079c:	000d      	movs	r5, r1
1000079e:	2b00      	cmp	r3, #0
100007a0:	d034      	beq.n	1000080c <gpio_set_irq_enabled_with_callback+0x98>
100007a2:	4643      	mov	r3, r8
100007a4:	2b00      	cmp	r3, #0
100007a6:	d03f      	beq.n	10000828 <gpio_set_irq_enabled_with_callback+0xb4>
100007a8:	4653      	mov	r3, sl
100007aa:	464a      	mov	r2, r9
100007ac:	4641      	mov	r1, r8
100007ae:	5099      	str	r1, [r3, r2]
100007b0:	23d0      	movs	r3, #208	@ 0xd0
100007b2:	061b      	lsls	r3, r3, #24
100007b4:	681c      	ldr	r4, [r3, #0]
100007b6:	4263      	negs	r3, r4
100007b8:	415c      	adcs	r4, r3
100007ba:	222f      	movs	r2, #47	@ 0x2f
100007bc:	2007      	movs	r0, #7
100007be:	4263      	negs	r3, r4
100007c0:	4393      	bics	r3, r2
100007c2:	4a1d      	ldr	r2, [pc, #116]	@ (10000838 <gpio_set_irq_enabled_with_callback+0xc4>)
100007c4:	4038      	ands	r0, r7
100007c6:	4694      	mov	ip, r2
100007c8:	08fa      	lsrs	r2, r7, #3
100007ca:	0011      	movs	r1, r2
100007cc:	0080      	lsls	r0, r0, #2
100007ce:	4085      	lsls	r5, r0
100007d0:	313c      	adds	r1, #60	@ 0x3c
100007d2:	481a      	ldr	r0, [pc, #104]	@ (1000083c <gpio_set_irq_enabled_with_callback+0xc8>)
100007d4:	4463      	add	r3, ip
100007d6:	0089      	lsls	r1, r1, #2
100007d8:	0092      	lsls	r2, r2, #2
100007da:	500d      	str	r5, [r1, r0]
100007dc:	189b      	adds	r3, r3, r2
100007de:	2e00      	cmp	r6, #0
100007e0:	d00e      	beq.n	10000800 <gpio_set_irq_enabled_with_callback+0x8c>
100007e2:	2280      	movs	r2, #128	@ 0x80
100007e4:	0192      	lsls	r2, r2, #6
100007e6:	4694      	mov	ip, r2
100007e8:	4463      	add	r3, ip
100007ea:	2101      	movs	r1, #1
100007ec:	200d      	movs	r0, #13
100007ee:	601d      	str	r5, [r3, #0]
100007f0:	f000 f91e 	bl	10000a30 <irq_set_enabled>
100007f4:	bcf0      	pop	{r4, r5, r6, r7}
100007f6:	46bb      	mov	fp, r7
100007f8:	46b2      	mov	sl, r6
100007fa:	46a9      	mov	r9, r5
100007fc:	46a0      	mov	r8, r4
100007fe:	bdf8      	pop	{r3, r4, r5, r6, r7, pc}
10000800:	22c0      	movs	r2, #192	@ 0xc0
10000802:	0192      	lsls	r2, r2, #6
10000804:	4694      	mov	ip, r2
10000806:	4463      	add	r3, ip
10000808:	601d      	str	r5, [r3, #0]
1000080a:	e7f3      	b.n	100007f4 <gpio_set_irq_enabled_with_callback+0x80>
1000080c:	4643      	mov	r3, r8
1000080e:	2b00      	cmp	r3, #0
10000810:	d0d1      	beq.n	100007b6 <gpio_set_irq_enabled_with_callback+0x42>
10000812:	4653      	mov	r3, sl
10000814:	4641      	mov	r1, r8
10000816:	200d      	movs	r0, #13
10000818:	5099      	str	r1, [r3, r2]
1000081a:	2200      	movs	r2, #0
1000081c:	4908      	ldr	r1, [pc, #32]	@ (10000840 <gpio_set_irq_enabled_with_callback+0xcc>)
1000081e:	f000 f969 	bl	10000af4 <irq_add_shared_handler>
10000822:	465b      	mov	r3, fp
10000824:	681c      	ldr	r4, [r3, #0]
10000826:	e7c6      	b.n	100007b6 <gpio_set_irq_enabled_with_callback+0x42>
10000828:	200d      	movs	r0, #13
1000082a:	4905      	ldr	r1, [pc, #20]	@ (10000840 <gpio_set_irq_enabled_with_callback+0xcc>)
1000082c:	f000 fa5c 	bl	10000ce8 <irq_remove_handler>
10000830:	e7ba      	b.n	100007a8 <gpio_set_irq_enabled_with_callback+0x34>
10000832:	46c0      	nop			@ (mov r8, r8)
10000834:	20002068 	.word	0x20002068
10000838:	40014130 	.word	0x40014130
1000083c:	40014000 	.word	0x40014000
10000840:	1000043d 	.word	0x1000043d

10000844 <gpio_set_input_enabled>:
10000844:	0080      	lsls	r0, r0, #2
10000846:	2900      	cmp	r1, #0
10000848:	d005      	beq.n	10000856 <gpio_set_input_enabled+0x12>
1000084a:	4b06      	ldr	r3, [pc, #24]	@ (10000864 <gpio_set_input_enabled+0x20>)
1000084c:	469c      	mov	ip, r3
1000084e:	2340      	movs	r3, #64	@ 0x40
10000850:	4460      	add	r0, ip
10000852:	6003      	str	r3, [r0, #0]
10000854:	4770      	bx	lr
10000856:	4b04      	ldr	r3, [pc, #16]	@ (10000868 <gpio_set_input_enabled+0x24>)
10000858:	469c      	mov	ip, r3
1000085a:	2340      	movs	r3, #64	@ 0x40
1000085c:	4460      	add	r0, ip
1000085e:	6003      	str	r3, [r0, #0]
10000860:	e7f8      	b.n	10000854 <gpio_set_input_enabled+0x10>
10000862:	46c0      	nop			@ (mov r8, r8)
10000864:	4001e004 	.word	0x4001e004
10000868:	4001f004 	.word	0x4001f004

1000086c <gpio_init>:
1000086c:	2301      	movs	r3, #1
1000086e:	22d0      	movs	r2, #208	@ 0xd0
10000870:	4083      	lsls	r3, r0
10000872:	0612      	lsls	r2, r2, #24
10000874:	6293      	str	r3, [r2, #40]	@ 0x28
10000876:	6193      	str	r3, [r2, #24]
10000878:	4a09      	ldr	r2, [pc, #36]	@ (100008a0 <gpio_init+0x34>)
1000087a:	0083      	lsls	r3, r0, #2
1000087c:	189a      	adds	r2, r3, r2
1000087e:	6811      	ldr	r1, [r2, #0]
10000880:	2240      	movs	r2, #64	@ 0x40
10000882:	4051      	eors	r1, r2
10000884:	3280      	adds	r2, #128	@ 0x80
10000886:	400a      	ands	r2, r1
10000888:	4906      	ldr	r1, [pc, #24]	@ (100008a4 <gpio_init+0x38>)
1000088a:	00c0      	lsls	r0, r0, #3
1000088c:	468c      	mov	ip, r1
1000088e:	4463      	add	r3, ip
10000890:	601a      	str	r2, [r3, #0]
10000892:	4b05      	ldr	r3, [pc, #20]	@ (100008a8 <gpio_init+0x3c>)
10000894:	469c      	mov	ip, r3
10000896:	2305      	movs	r3, #5
10000898:	4460      	add	r0, ip
1000089a:	6043      	str	r3, [r0, #4]
1000089c:	4770      	bx	lr
1000089e:	46c0      	nop			@ (mov r8, r8)
100008a0:	4001c004 	.word	0x4001c004
100008a4:	4001d004 	.word	0x4001d004
100008a8:	40014000 	.word	0x40014000

100008ac <rp2040_chip_version>:
100008ac:	2380      	movs	r3, #128	@ 0x80
100008ae:	05db      	lsls	r3, r3, #23
100008b0:	6818      	ldr	r0, [r3, #0]
100008b2:	0f00      	lsrs	r0, r0, #28
100008b4:	4770      	bx	lr
100008b6:	46c0      	nop			@ (mov r8, r8)

100008b8 <panic>:
100008b8:	b40f      	push	{r0, r1, r2, r3}
100008ba:	b500      	push	{lr}
100008bc:	4808      	ldr	r0, [pc, #32]	@ (100008e0 <panic+0x28>)
100008be:	b083      	sub	sp, #12
100008c0:	f004 faca 	bl	10004e58 <__wrap_puts>
100008c4:	9b04      	ldr	r3, [sp, #16]
100008c6:	2b00      	cmp	r3, #0
100008c8:	d007      	beq.n	100008da <panic+0x22>
100008ca:	a905      	add	r1, sp, #20
100008cc:	0018      	movs	r0, r3
100008ce:	9101      	str	r1, [sp, #4]
100008d0:	f004 f914 	bl	10004afc <weak_raw_vprintf>
100008d4:	4803      	ldr	r0, [pc, #12]	@ (100008e4 <panic+0x2c>)
100008d6:	f004 fabf 	bl	10004e58 <__wrap_puts>
100008da:	2001      	movs	r0, #1
100008dc:	f004 f926 	bl	10004b2c <_exit>
100008e0:	10008930 	.word	0x10008930
100008e4:	10008940 	.word	0x10008940

100008e8 <hw_claim_or_assert>:
100008e8:	b570      	push	{r4, r5, r6, lr}
100008ea:	f3ef 8c10 	mrs	ip, PRIMASK
100008ee:	b672      	cpsid	i
100008f0:	4d0d      	ldr	r5, [pc, #52]	@ (10000928 <hw_claim_or_assert+0x40>)
100008f2:	682b      	ldr	r3, [r5, #0]
100008f4:	2b00      	cmp	r3, #0
100008f6:	d0fc      	beq.n	100008f2 <hw_claim_or_assert+0xa>
100008f8:	f3bf 8f5f 	dmb	sy
100008fc:	2407      	movs	r4, #7
100008fe:	08cb      	lsrs	r3, r1, #3
10000900:	18c6      	adds	r6, r0, r3
10000902:	5cc0      	ldrb	r0, [r0, r3]
10000904:	2301      	movs	r3, #1
10000906:	400c      	ands	r4, r1
10000908:	40a3      	lsls	r3, r4
1000090a:	001c      	movs	r4, r3
1000090c:	4004      	ands	r4, r0
1000090e:	4203      	tst	r3, r0
10000910:	d107      	bne.n	10000922 <hw_claim_or_assert+0x3a>
10000912:	4318      	orrs	r0, r3
10000914:	7030      	strb	r0, [r6, #0]
10000916:	f3bf 8f5f 	dmb	sy
1000091a:	602c      	str	r4, [r5, #0]
1000091c:	f38c 8810 	msr	PRIMASK, ip
10000920:	bd70      	pop	{r4, r5, r6, pc}
10000922:	0010      	movs	r0, r2
10000924:	f7ff ffc8 	bl	100008b8 <panic>
10000928:	d000012c 	.word	0xd000012c

1000092c <hw_claim_unused_from_range>:
1000092c:	b5f8      	push	{r3, r4, r5, r6, r7, lr}
1000092e:	4647      	mov	r7, r8
10000930:	46ce      	mov	lr, r9
10000932:	4688      	mov	r8, r1
10000934:	b580      	push	{r7, lr}
10000936:	f3ef 8c10 	mrs	ip, PRIMASK
1000093a:	b672      	cpsid	i
1000093c:	4d1c      	ldr	r5, [pc, #112]	@ (100009b0 <hw_claim_unused_from_range+0x84>)
1000093e:	682c      	ldr	r4, [r5, #0]
10000940:	2c00      	cmp	r4, #0
10000942:	d0fc      	beq.n	1000093e <hw_claim_unused_from_range+0x12>
10000944:	f3bf 8f5f 	dmb	sy
10000948:	429a      	cmp	r2, r3
1000094a:	d822      	bhi.n	10000992 <hw_claim_unused_from_range+0x66>
1000094c:	2107      	movs	r1, #7
1000094e:	2601      	movs	r6, #1
10000950:	4689      	mov	r9, r1
10000952:	e002      	b.n	1000095a <hw_claim_unused_from_range+0x2e>
10000954:	3201      	adds	r2, #1
10000956:	4293      	cmp	r3, r2
10000958:	d318      	bcc.n	1000098c <hw_claim_unused_from_range+0x60>
1000095a:	464d      	mov	r5, r9
1000095c:	0037      	movs	r7, r6
1000095e:	4015      	ands	r5, r2
10000960:	40af      	lsls	r7, r5
10000962:	08d4      	lsrs	r4, r2, #3
10000964:	1901      	adds	r1, r0, r4
10000966:	5d04      	ldrb	r4, [r0, r4]
10000968:	4227      	tst	r7, r4
1000096a:	d1f3      	bne.n	10000954 <hw_claim_unused_from_range+0x28>
1000096c:	0010      	movs	r0, r2
1000096e:	433c      	orrs	r4, r7
10000970:	700c      	strb	r4, [r1, #0]
10000972:	f3bf 8f5f 	dmb	sy
10000976:	2200      	movs	r2, #0
10000978:	4b0d      	ldr	r3, [pc, #52]	@ (100009b0 <hw_claim_unused_from_range+0x84>)
1000097a:	601a      	str	r2, [r3, #0]
1000097c:	f38c 8810 	msr	PRIMASK, ip
10000980:	2800      	cmp	r0, #0
10000982:	db0e      	blt.n	100009a2 <hw_claim_unused_from_range+0x76>
10000984:	bcc0      	pop	{r6, r7}
10000986:	46b9      	mov	r9, r7
10000988:	46b0      	mov	r8, r6
1000098a:	bdf8      	pop	{r3, r4, r5, r6, r7, pc}
1000098c:	2001      	movs	r0, #1
1000098e:	4240      	negs	r0, r0
10000990:	e7ef      	b.n	10000972 <hw_claim_unused_from_range+0x46>
10000992:	f3bf 8f5f 	dmb	sy
10000996:	2300      	movs	r3, #0
10000998:	602b      	str	r3, [r5, #0]
1000099a:	f38c 8810 	msr	PRIMASK, ip
1000099e:	2001      	movs	r0, #1
100009a0:	4240      	negs	r0, r0
100009a2:	4643      	mov	r3, r8
100009a4:	2b00      	cmp	r3, #0
100009a6:	d0ed      	beq.n	10000984 <hw_claim_unused_from_range+0x58>
100009a8:	9808      	ldr	r0, [sp, #32]
100009aa:	f7ff ff85 	bl	100008b8 <panic>
100009ae:	46c0      	nop			@ (mov r8, r8)
100009b0:	d000012c 	.word	0xd000012c

100009b4 <next_striped_spin_lock_num>:
100009b4:	4a04      	ldr	r2, [pc, #16]	@ (100009c8 <next_striped_spin_lock_num+0x14>)
100009b6:	7810      	ldrb	r0, [r2, #0]
100009b8:	1c43      	adds	r3, r0, #1
100009ba:	b2db      	uxtb	r3, r3
100009bc:	2b17      	cmp	r3, #23
100009be:	d900      	bls.n	100009c2 <next_striped_spin_lock_num+0xe>
100009c0:	2310      	movs	r3, #16
100009c2:	7013      	strb	r3, [r2, #0]
100009c4:	4770      	bx	lr
100009c6:	46c0      	nop			@ (mov r8, r8)
100009c8:	2000103b 	.word	0x2000103b

100009cc <spin_lock_claim_unused>:
100009cc:	b510      	push	{r4, lr}
100009ce:	4b06      	ldr	r3, [pc, #24]	@ (100009e8 <spin_lock_claim_unused+0x1c>)
100009d0:	4c06      	ldr	r4, [pc, #24]	@ (100009ec <spin_lock_claim_unused+0x20>)
100009d2:	b082      	sub	sp, #8
100009d4:	0001      	movs	r1, r0
100009d6:	9300      	str	r3, [sp, #0]
100009d8:	2218      	movs	r2, #24
100009da:	231f      	movs	r3, #31
100009dc:	0020      	movs	r0, r4
100009de:	f7ff ffa5 	bl	1000092c <hw_claim_unused_from_range>
100009e2:	b002      	add	sp, #8
100009e4:	bd10      	pop	{r4, pc}
100009e6:	46c0      	nop			@ (mov r8, r8)
100009e8:	10008944 	.word	0x10008944
100009ec:	20002080 	.word	0x20002080

100009f0 <spin_locks_reset>:
100009f0:	2100      	movs	r1, #0
100009f2:	4b04      	ldr	r3, [pc, #16]	@ (10000a04 <spin_locks_reset+0x14>)
100009f4:	4a04      	ldr	r2, [pc, #16]	@ (10000a08 <spin_locks_reset+0x18>)
100009f6:	f3bf 8f5f 	dmb	sy
100009fa:	c302      	stmia	r3!, {r1}
100009fc:	4293      	cmp	r3, r2
100009fe:	d1fa      	bne.n	100009f6 <spin_locks_reset+0x6>
10000a00:	4770      	bx	lr
10000a02:	46c0      	nop			@ (mov r8, r8)
10000a04:	d0000100 	.word	0xd0000100
10000a08:	d0000180 	.word	0xd0000180

10000a0c <runtime_init_per_core_irq_priorities>:
10000a0c:	4b05      	ldr	r3, [pc, #20]	@ (10000a24 <runtime_init_per_core_irq_priorities+0x18>)
10000a0e:	4a06      	ldr	r2, [pc, #24]	@ (10000a28 <runtime_init_per_core_irq_priorities+0x1c>)
10000a10:	6013      	str	r3, [r2, #0]
10000a12:	4a06      	ldr	r2, [pc, #24]	@ (10000a2c <runtime_init_per_core_irq_priorities+0x20>)
10000a14:	6013      	str	r3, [r2, #0]
10000a16:	6053      	str	r3, [r2, #4]
10000a18:	6093      	str	r3, [r2, #8]
10000a1a:	60d3      	str	r3, [r2, #12]
10000a1c:	6113      	str	r3, [r2, #16]
10000a1e:	6153      	str	r3, [r2, #20]
10000a20:	6193      	str	r3, [r2, #24]
10000a22:	4770      	bx	lr
10000a24:	80808080 	.word	0x80808080
10000a28:	e000e400 	.word	0xe000e400
10000a2c:	e000e404 	.word	0xe000e404

10000a30 <irq_set_enabled>:
10000a30:	231f      	movs	r3, #31
10000a32:	4018      	ands	r0, r3
10000a34:	3b1e      	subs	r3, #30
10000a36:	4083      	lsls	r3, r0
10000a38:	2900      	cmp	r1, #0
10000a3a:	d005      	beq.n	10000a48 <irq_set_enabled+0x18>
10000a3c:	21c0      	movs	r1, #192	@ 0xc0
10000a3e:	4a04      	ldr	r2, [pc, #16]	@ (10000a50 <irq_set_enabled+0x20>)
10000a40:	0049      	lsls	r1, r1, #1
10000a42:	5053      	str	r3, [r2, r1]
10000a44:	6013      	str	r3, [r2, #0]
10000a46:	4770      	bx	lr
10000a48:	2280      	movs	r2, #128	@ 0x80
10000a4a:	4901      	ldr	r1, [pc, #4]	@ (10000a50 <irq_set_enabled+0x20>)
10000a4c:	508b      	str	r3, [r1, r2]
10000a4e:	e7fa      	b.n	10000a46 <irq_set_enabled+0x16>
10000a50:	e000e100 	.word	0xe000e100

10000a54 <irq_is_enabled>:
10000a54:	2201      	movs	r2, #1
10000a56:	4082      	lsls	r2, r0
10000a58:	4b03      	ldr	r3, [pc, #12]	@ (10000a68 <irq_is_enabled+0x14>)
10000a5a:	681b      	ldr	r3, [r3, #0]
10000a5c:	4013      	ands	r3, r2
10000a5e:	1e5a      	subs	r2, r3, #1
10000a60:	4193      	sbcs	r3, r2
10000a62:	b2d8      	uxtb	r0, r3
10000a64:	4770      	bx	lr
10000a66:	46c0      	nop			@ (mov r8, r8)
10000a68:	e000e100 	.word	0xe000e100

10000a6c <irq_set_pending>:
10000a6c:	2301      	movs	r3, #1
10000a6e:	4083      	lsls	r3, r0
10000a70:	4a01      	ldr	r2, [pc, #4]	@ (10000a78 <irq_set_pending+0xc>)
10000a72:	6013      	str	r3, [r2, #0]
10000a74:	4770      	bx	lr
10000a76:	46c0      	nop			@ (mov r8, r8)
10000a78:	e000e200 	.word	0xe000e200

10000a7c <irq_has_shared_handler>:
10000a7c:	4b06      	ldr	r3, [pc, #24]	@ (10000a98 <irq_has_shared_handler+0x1c>)
10000a7e:	3010      	adds	r0, #16
10000a80:	689b      	ldr	r3, [r3, #8]
10000a82:	0080      	lsls	r0, r0, #2
10000a84:	58c3      	ldr	r3, [r0, r3]
10000a86:	4a05      	ldr	r2, [pc, #20]	@ (10000a9c <irq_has_shared_handler+0x20>)
10000a88:	2000      	movs	r0, #0
10000a8a:	1a9b      	subs	r3, r3, r2
10000a8c:	222f      	movs	r2, #47	@ 0x2f
10000a8e:	429a      	cmp	r2, r3
10000a90:	4140      	adcs	r0, r0
10000a92:	b2c0      	uxtb	r0, r0
10000a94:	4770      	bx	lr
10000a96:	46c0      	nop			@ (mov r8, r8)
10000a98:	e000ed00 	.word	0xe000ed00
10000a9c:	2000103c 	.word	0x2000103c

10000aa0 <irq_set_exclusive_handler>:
10000aa0:	b570      	push	{r4, r5, r6, lr}
10000aa2:	000d      	movs	r5, r1
10000aa4:	f3ef 8610 	mrs	r6, PRIMASK
10000aa8:	b672      	cpsid	i
10000aaa:	4a0f      	ldr	r2, [pc, #60]	@ (10000ae8 <irq_set_exclusive_handler+0x48>)
10000aac:	6813      	ldr	r3, [r2, #0]
10000aae:	2b00      	cmp	r3, #0
10000ab0:	d0fc      	beq.n	10000aac <irq_set_exclusive_handler+0xc>
10000ab2:	f3bf 8f5f 	dmb	sy
10000ab6:	4b0d      	ldr	r3, [pc, #52]	@ (10000aec <irq_set_exclusive_handler+0x4c>)
10000ab8:	3010      	adds	r0, #16
10000aba:	689b      	ldr	r3, [r3, #8]
10000abc:	0084      	lsls	r4, r0, #2
10000abe:	591b      	ldr	r3, [r3, r4]
10000ac0:	4a0b      	ldr	r2, [pc, #44]	@ (10000af0 <irq_set_exclusive_handler+0x50>)
10000ac2:	4293      	cmp	r3, r2
10000ac4:	d003      	beq.n	10000ace <irq_set_exclusive_handler+0x2e>
10000ac6:	429d      	cmp	r5, r3
10000ac8:	d001      	beq.n	10000ace <irq_set_exclusive_handler+0x2e>
10000aca:	f001 fa3f 	bl	10001f4c <hard_assertion_failure>
10000ace:	4b07      	ldr	r3, [pc, #28]	@ (10000aec <irq_set_exclusive_handler+0x4c>)
10000ad0:	689b      	ldr	r3, [r3, #8]
10000ad2:	511d      	str	r5, [r3, r4]
10000ad4:	f3bf 8f5f 	dmb	sy
10000ad8:	f3bf 8f5f 	dmb	sy
10000adc:	2200      	movs	r2, #0
10000ade:	4b02      	ldr	r3, [pc, #8]	@ (10000ae8 <irq_set_exclusive_handler+0x48>)
10000ae0:	601a      	str	r2, [r3, #0]
10000ae2:	f386 8810 	msr	PRIMASK, r6
10000ae6:	bd70      	pop	{r4, r5, r6, pc}
10000ae8:	d0000124 	.word	0xd0000124
10000aec:	e000ed00 	.word	0xe000ed00
10000af0:	100001cd 	.word	0x100001cd

10000af4 <irq_add_shared_handler>:
10000af4:	b5f0      	push	{r4, r5, r6, r7, lr}
10000af6:	4657      	mov	r7, sl
10000af8:	464e      	mov	r6, r9
10000afa:	46de      	mov	lr, fp
10000afc:	4645      	mov	r5, r8
10000afe:	b5e0      	push	{r5, r6, r7, lr}
10000b00:	b085      	sub	sp, #20
10000b02:	0006      	movs	r6, r0
10000b04:	9100      	str	r1, [sp, #0]
10000b06:	0017      	movs	r7, r2
10000b08:	f3ef 8b10 	mrs	fp, PRIMASK
10000b0c:	b672      	cpsid	i
10000b0e:	4a6a      	ldr	r2, [pc, #424]	@ (10000cb8 <irq_add_shared_handler+0x1c4>)
10000b10:	6813      	ldr	r3, [r2, #0]
10000b12:	2b00      	cmp	r3, #0
10000b14:	d0fc      	beq.n	10000b10 <irq_add_shared_handler+0x1c>
10000b16:	f3bf 8f5f 	dmb	sy
10000b1a:	2500      	movs	r5, #0
10000b1c:	4b67      	ldr	r3, [pc, #412]	@ (10000cbc <irq_add_shared_handler+0x1c8>)
10000b1e:	575d      	ldrsb	r5, [r3, r5]
10000b20:	469a      	mov	sl, r3
10000b22:	2d00      	cmp	r5, #0
10000b24:	da00      	bge.n	10000b28 <irq_add_shared_handler+0x34>
10000b26:	e0a9      	b.n	10000c7c <irq_add_shared_handler+0x188>
10000b28:	006b      	lsls	r3, r5, #1
10000b2a:	4c65      	ldr	r4, [pc, #404]	@ (10000cc0 <irq_add_shared_handler+0x1cc>)
10000b2c:	9301      	str	r3, [sp, #4]
10000b2e:	195b      	adds	r3, r3, r5
10000b30:	009b      	lsls	r3, r3, #2
10000b32:	4698      	mov	r8, r3
10000b34:	46a1      	mov	r9, r4
10000b36:	44c1      	add	r9, r8
10000b38:	464b      	mov	r3, r9
10000b3a:	4652      	mov	r2, sl
10000b3c:	799b      	ldrb	r3, [r3, #6]
10000b3e:	3610      	adds	r6, #16
10000b40:	7013      	strb	r3, [r2, #0]
10000b42:	4b60      	ldr	r3, [pc, #384]	@ (10000cc4 <irq_add_shared_handler+0x1d0>)
10000b44:	00b6      	lsls	r6, r6, #2
10000b46:	689b      	ldr	r3, [r3, #8]
10000b48:	5999      	ldr	r1, [r3, r6]
10000b4a:	1b0b      	subs	r3, r1, r4
10000b4c:	2b2f      	cmp	r3, #47	@ 0x2f
10000b4e:	d933      	bls.n	10000bb8 <irq_add_shared_handler+0xc4>
10000b50:	4b5d      	ldr	r3, [pc, #372]	@ (10000cc8 <irq_add_shared_handler+0x1d4>)
10000b52:	4299      	cmp	r1, r3
10000b54:	d000      	beq.n	10000b58 <irq_add_shared_handler+0x64>
10000b56:	e0ac      	b.n	10000cb2 <irq_add_shared_handler+0x1be>
10000b58:	9b01      	ldr	r3, [sp, #4]
10000b5a:	4642      	mov	r2, r8
10000b5c:	469c      	mov	ip, r3
10000b5e:	4b5b      	ldr	r3, [pc, #364]	@ (10000ccc <irq_add_shared_handler+0x1d8>)
10000b60:	4465      	add	r5, ip
10000b62:	00ad      	lsls	r5, r5, #2
10000b64:	5363      	strh	r3, [r4, r5]
10000b66:	4b5a      	ldr	r3, [pc, #360]	@ (10000cd0 <irq_add_shared_handler+0x1dc>)
10000b68:	3202      	adds	r2, #2
10000b6a:	18a2      	adds	r2, r4, r2
10000b6c:	3b04      	subs	r3, #4
10000b6e:	1a9b      	subs	r3, r3, r2
10000b70:	051b      	lsls	r3, r3, #20
10000b72:	4a58      	ldr	r2, [pc, #352]	@ (10000cd4 <irq_add_shared_handler+0x1e0>)
10000b74:	0d5b      	lsrs	r3, r3, #21
10000b76:	1965      	adds	r5, r4, r5
10000b78:	4313      	orrs	r3, r2
10000b7a:	806b      	strh	r3, [r5, #2]
10000b7c:	4b56      	ldr	r3, [pc, #344]	@ (10000cd8 <irq_add_shared_handler+0x1e4>)
10000b7e:	2101      	movs	r1, #1
10000b80:	80ab      	strh	r3, [r5, #4]
10000b82:	23ff      	movs	r3, #255	@ 0xff
10000b84:	71ab      	strb	r3, [r5, #6]
10000b86:	9b00      	ldr	r3, [sp, #0]
10000b88:	71ef      	strb	r7, [r5, #7]
10000b8a:	60ab      	str	r3, [r5, #8]
10000b8c:	464b      	mov	r3, r9
10000b8e:	430b      	orrs	r3, r1
10000b90:	0019      	movs	r1, r3
10000b92:	4b4c      	ldr	r3, [pc, #304]	@ (10000cc4 <irq_add_shared_handler+0x1d0>)
10000b94:	689b      	ldr	r3, [r3, #8]
10000b96:	5199      	str	r1, [r3, r6]
10000b98:	f3bf 8f5f 	dmb	sy
10000b9c:	f3bf 8f5f 	dmb	sy
10000ba0:	2200      	movs	r2, #0
10000ba2:	4b45      	ldr	r3, [pc, #276]	@ (10000cb8 <irq_add_shared_handler+0x1c4>)
10000ba4:	601a      	str	r2, [r3, #0]
10000ba6:	f38b 8810 	msr	PRIMASK, fp
10000baa:	b005      	add	sp, #20
10000bac:	bcf0      	pop	{r4, r5, r6, r7}
10000bae:	46bb      	mov	fp, r7
10000bb0:	46b2      	mov	sl, r6
10000bb2:	46a9      	mov	r9, r5
10000bb4:	46a0      	mov	r8, r4
10000bb6:	bdf0      	pop	{r4, r5, r6, r7, pc}
10000bb8:	2001      	movs	r0, #1
10000bba:	000a      	movs	r2, r1
10000bbc:	4382      	bics	r2, r0
10000bbe:	79d3      	ldrb	r3, [r2, #7]
10000bc0:	468c      	mov	ip, r1
10000bc2:	42bb      	cmp	r3, r7
10000bc4:	d831      	bhi.n	10000c2a <irq_add_shared_handler+0x136>
10000bc6:	4645      	mov	r5, r8
10000bc8:	0013      	movs	r3, r2
10000bca:	4944      	ldr	r1, [pc, #272]	@ (10000cdc <irq_add_shared_handler+0x1e8>)
10000bcc:	1b1b      	subs	r3, r3, r4
10000bce:	415b      	adcs	r3, r3
10000bd0:	4359      	muls	r1, r3
10000bd2:	0d09      	lsrs	r1, r1, #20
10000bd4:	4b3d      	ldr	r3, [pc, #244]	@ (10000ccc <irq_add_shared_handler+0x1d8>)
10000bd6:	5363      	strh	r3, [r4, r5]
10000bd8:	4b3d      	ldr	r3, [pc, #244]	@ (10000cd0 <irq_add_shared_handler+0x1dc>)
10000bda:	3502      	adds	r5, #2
10000bdc:	1965      	adds	r5, r4, r5
10000bde:	3b04      	subs	r3, #4
10000be0:	1b5b      	subs	r3, r3, r5
10000be2:	051b      	lsls	r3, r3, #20
10000be4:	4d3b      	ldr	r5, [pc, #236]	@ (10000cd4 <irq_add_shared_handler+0x1e0>)
10000be6:	0d5b      	lsrs	r3, r3, #21
10000be8:	432b      	orrs	r3, r5
10000bea:	46aa      	mov	sl, r5
10000bec:	464d      	mov	r5, r9
10000bee:	806b      	strh	r3, [r5, #2]
10000bf0:	2504      	movs	r5, #4
10000bf2:	46ac      	mov	ip, r5
10000bf4:	4655      	mov	r5, sl
10000bf6:	44e0      	add	r8, ip
10000bf8:	1f13      	subs	r3, r2, #4
10000bfa:	4444      	add	r4, r8
10000bfc:	1b1b      	subs	r3, r3, r4
10000bfe:	051b      	lsls	r3, r3, #20
10000c00:	0d5b      	lsrs	r3, r3, #21
10000c02:	431d      	orrs	r5, r3
10000c04:	464b      	mov	r3, r9
10000c06:	7199      	strb	r1, [r3, #6]
10000c08:	9900      	ldr	r1, [sp, #0]
10000c0a:	809d      	strh	r5, [r3, #4]
10000c0c:	6099      	str	r1, [r3, #8]
10000c0e:	4649      	mov	r1, r9
10000c10:	71df      	strb	r7, [r3, #7]
10000c12:	4b33      	ldr	r3, [pc, #204]	@ (10000ce0 <irq_add_shared_handler+0x1ec>)
10000c14:	4301      	orrs	r1, r0
10000c16:	6013      	str	r3, [r2, #0]
10000c18:	e7bb      	b.n	10000b92 <irq_add_shared_handler+0x9e>
10000c1a:	0058      	lsls	r0, r3, #1
10000c1c:	18c0      	adds	r0, r0, r3
10000c1e:	0080      	lsls	r0, r0, #2
10000c20:	1820      	adds	r0, r4, r0
10000c22:	79c1      	ldrb	r1, [r0, #7]
10000c24:	42b9      	cmp	r1, r7
10000c26:	d92f      	bls.n	10000c88 <irq_add_shared_handler+0x194>
10000c28:	0002      	movs	r2, r0
10000c2a:	2306      	movs	r3, #6
10000c2c:	56d3      	ldrsb	r3, [r2, r3]
10000c2e:	2b00      	cmp	r3, #0
10000c30:	daf3      	bge.n	10000c1a <irq_add_shared_handler+0x126>
10000c32:	9302      	str	r3, [sp, #8]
10000c34:	4b2b      	ldr	r3, [pc, #172]	@ (10000ce4 <irq_add_shared_handler+0x1f0>)
10000c36:	4661      	mov	r1, ip
10000c38:	9303      	str	r3, [sp, #12]
10000c3a:	1d13      	adds	r3, r2, #4
10000c3c:	469a      	mov	sl, r3
10000c3e:	2304      	movs	r3, #4
10000c40:	425b      	negs	r3, r3
10000c42:	469c      	mov	ip, r3
10000c44:	44e1      	add	r9, ip
10000c46:	4650      	mov	r0, sl
10000c48:	464b      	mov	r3, r9
10000c4a:	1a1b      	subs	r3, r3, r0
10000c4c:	051b      	lsls	r3, r3, #20
10000c4e:	0d5b      	lsrs	r3, r3, #21
10000c50:	469c      	mov	ip, r3
10000c52:	4b20      	ldr	r3, [pc, #128]	@ (10000cd4 <irq_add_shared_handler+0x1e0>)
10000c54:	7195      	strb	r5, [r2, #6]
10000c56:	4698      	mov	r8, r3
10000c58:	4663      	mov	r3, ip
10000c5a:	4640      	mov	r0, r8
10000c5c:	4303      	orrs	r3, r0
10000c5e:	8093      	strh	r3, [r2, #4]
10000c60:	9b01      	ldr	r3, [sp, #4]
10000c62:	195a      	adds	r2, r3, r5
10000c64:	0092      	lsls	r2, r2, #2
10000c66:	9b03      	ldr	r3, [sp, #12]
10000c68:	18a4      	adds	r4, r4, r2
10000c6a:	80a3      	strh	r3, [r4, #4]
10000c6c:	9b02      	ldr	r3, [sp, #8]
10000c6e:	4a1c      	ldr	r2, [pc, #112]	@ (10000ce0 <irq_add_shared_handler+0x1ec>)
10000c70:	71a3      	strb	r3, [r4, #6]
10000c72:	9b00      	ldr	r3, [sp, #0]
10000c74:	6022      	str	r2, [r4, #0]
10000c76:	71e7      	strb	r7, [r4, #7]
10000c78:	60a3      	str	r3, [r4, #8]
10000c7a:	e78a      	b.n	10000b92 <irq_add_shared_handler+0x9e>
10000c7c:	f001 f966 	bl	10001f4c <hard_assertion_failure>
10000c80:	2500      	movs	r5, #0
10000c82:	4653      	mov	r3, sl
10000c84:	575d      	ldrsb	r5, [r3, r5]
10000c86:	e74f      	b.n	10000b28 <irq_add_shared_handler+0x34>
10000c88:	8890      	ldrh	r0, [r2, #4]
10000c8a:	9302      	str	r3, [sp, #8]
10000c8c:	0540      	lsls	r0, r0, #21
10000c8e:	1d13      	adds	r3, r2, #4
10000c90:	469a      	mov	sl, r3
10000c92:	1503      	asrs	r3, r0, #20
10000c94:	4661      	mov	r1, ip
10000c96:	469c      	mov	ip, r3
10000c98:	4640      	mov	r0, r8
10000c9a:	44d4      	add	ip, sl
10000c9c:	4663      	mov	r3, ip
10000c9e:	3004      	adds	r0, #4
10000ca0:	1820      	adds	r0, r4, r0
10000ca2:	1a18      	subs	r0, r3, r0
10000ca4:	23e0      	movs	r3, #224	@ 0xe0
10000ca6:	0500      	lsls	r0, r0, #20
10000ca8:	0d40      	lsrs	r0, r0, #21
10000caa:	021b      	lsls	r3, r3, #8
10000cac:	4318      	orrs	r0, r3
10000cae:	9003      	str	r0, [sp, #12]
10000cb0:	e7c5      	b.n	10000c3e <irq_add_shared_handler+0x14a>
10000cb2:	f001 f94b 	bl	10001f4c <hard_assertion_failure>
10000cb6:	e74f      	b.n	10000b58 <irq_add_shared_handler+0x64>
10000cb8:	d0000124 	.word	0xd0000124
10000cbc:	20002572 	.word	0x20002572
10000cc0:	2000103c 	.word	0x2000103c
10000cc4:	e000ed00 	.word	0xe000ed00
10000cc8:	100001cd 	.word	0x100001cd
10000ccc:	ffffa100 	.word	0xffffa100
10000cd0:	2000106c 	.word	0x2000106c
10000cd4:	ffffe000 	.word	0xffffe000
10000cd8:	ffffbd01 	.word	0xffffbd01
10000cdc:	0000aaaa 	.word	0x0000aaaa
10000ce0:	47804801 	.word	0x47804801
10000ce4:	0000bd01 	.word	0x0000bd01

10000ce8 <irq_remove_handler>:
10000ce8:	b5f0      	push	{r4, r5, r6, r7, lr}
10000cea:	46de      	mov	lr, fp
10000cec:	4657      	mov	r7, sl
10000cee:	464e      	mov	r6, r9
10000cf0:	4645      	mov	r5, r8
10000cf2:	b5e0      	push	{r5, r6, r7, lr}
10000cf4:	000c      	movs	r4, r1
10000cf6:	b083      	sub	sp, #12
10000cf8:	f3ef 8810 	mrs	r8, PRIMASK
10000cfc:	b672      	cpsid	i
10000cfe:	4a63      	ldr	r2, [pc, #396]	@ (10000e8c <irq_remove_handler+0x1a4>)
10000d00:	6813      	ldr	r3, [r2, #0]
10000d02:	2b00      	cmp	r3, #0
10000d04:	d0fc      	beq.n	10000d00 <irq_remove_handler+0x18>
10000d06:	f3bf 8f5f 	dmb	sy
10000d0a:	4b61      	ldr	r3, [pc, #388]	@ (10000e90 <irq_remove_handler+0x1a8>)
10000d0c:	4961      	ldr	r1, [pc, #388]	@ (10000e94 <irq_remove_handler+0x1ac>)
10000d0e:	689a      	ldr	r2, [r3, #8]
10000d10:	0003      	movs	r3, r0
10000d12:	3310      	adds	r3, #16
10000d14:	009f      	lsls	r7, r3, #2
10000d16:	59d5      	ldr	r5, [r2, r7]
10000d18:	9301      	str	r3, [sp, #4]
10000d1a:	428d      	cmp	r5, r1
10000d1c:	d043      	beq.n	10000da6 <irq_remove_handler+0xbe>
10000d1e:	42a5      	cmp	r5, r4
10000d20:	d054      	beq.n	10000dcc <irq_remove_handler+0xe4>
10000d22:	4e5d      	ldr	r6, [pc, #372]	@ (10000e98 <irq_remove_handler+0x1b0>)
10000d24:	1baa      	subs	r2, r5, r6
10000d26:	2a2f      	cmp	r2, #47	@ 0x2f
10000d28:	d83d      	bhi.n	10000da6 <irq_remove_handler+0xbe>
10000d2a:	4b5c      	ldr	r3, [pc, #368]	@ (10000e9c <irq_remove_handler+0x1b4>)
10000d2c:	469b      	mov	fp, r3
10000d2e:	681b      	ldr	r3, [r3, #0]
10000d30:	4699      	mov	r9, r3
10000d32:	2301      	movs	r3, #1
10000d34:	001a      	movs	r2, r3
10000d36:	469c      	mov	ip, r3
10000d38:	4082      	lsls	r2, r0
10000d3a:	464b      	mov	r3, r9
10000d3c:	4013      	ands	r3, r2
10000d3e:	221f      	movs	r2, #31
10000d40:	4699      	mov	r9, r3
10000d42:	4663      	mov	r3, ip
10000d44:	4002      	ands	r2, r0
10000d46:	4093      	lsls	r3, r2
10000d48:	469a      	mov	sl, r3
10000d4a:	2280      	movs	r2, #128	@ 0x80
10000d4c:	465b      	mov	r3, fp
10000d4e:	4650      	mov	r0, sl
10000d50:	5098      	str	r0, [r3, r2]
10000d52:	f3bf 8f5f 	dmb	sy
10000d56:	f3ef 8305 	mrs	r3, IPSR
10000d5a:	469b      	mov	fp, r3
10000d5c:	2b00      	cmp	r3, #0
10000d5e:	d037      	beq.n	10000dd0 <irq_remove_handler+0xe8>
10000d60:	9b01      	ldr	r3, [sp, #4]
10000d62:	455b      	cmp	r3, fp
10000d64:	d001      	beq.n	10000d6a <irq_remove_handler+0x82>
10000d66:	f001 f8f1 	bl	10001f4c <hard_assertion_failure>
10000d6a:	2301      	movs	r3, #1
10000d6c:	002a      	movs	r2, r5
10000d6e:	439a      	bics	r2, r3
10000d70:	6890      	ldr	r0, [r2, #8]
10000d72:	4284      	cmp	r4, r0
10000d74:	d108      	bne.n	10000d88 <irq_remove_handler+0xa0>
10000d76:	e076      	b.n	10000e66 <irq_remove_handler+0x17e>
10000d78:	004b      	lsls	r3, r1, #1
10000d7a:	185b      	adds	r3, r3, r1
10000d7c:	009b      	lsls	r3, r3, #2
10000d7e:	18f3      	adds	r3, r6, r3
10000d80:	6898      	ldr	r0, [r3, #8]
10000d82:	4284      	cmp	r4, r0
10000d84:	d036      	beq.n	10000df4 <irq_remove_handler+0x10c>
10000d86:	001a      	movs	r2, r3
10000d88:	2106      	movs	r1, #6
10000d8a:	5651      	ldrsb	r1, [r2, r1]
10000d8c:	2900      	cmp	r1, #0
10000d8e:	daf3      	bge.n	10000d78 <irq_remove_handler+0x90>
10000d90:	4284      	cmp	r4, r0
10000d92:	d054      	beq.n	10000e3e <irq_remove_handler+0x156>
10000d94:	464b      	mov	r3, r9
10000d96:	2b00      	cmp	r3, #0
10000d98:	d027      	beq.n	10000dea <irq_remove_handler+0x102>
10000d9a:	22c0      	movs	r2, #192	@ 0xc0
10000d9c:	4651      	mov	r1, sl
10000d9e:	4b3f      	ldr	r3, [pc, #252]	@ (10000e9c <irq_remove_handler+0x1b4>)
10000da0:	0052      	lsls	r2, r2, #1
10000da2:	5099      	str	r1, [r3, r2]
10000da4:	6019      	str	r1, [r3, #0]
10000da6:	4b3a      	ldr	r3, [pc, #232]	@ (10000e90 <irq_remove_handler+0x1a8>)
10000da8:	689b      	ldr	r3, [r3, #8]
10000daa:	51dd      	str	r5, [r3, r7]
10000dac:	f3bf 8f5f 	dmb	sy
10000db0:	f3bf 8f5f 	dmb	sy
10000db4:	2200      	movs	r2, #0
10000db6:	4b35      	ldr	r3, [pc, #212]	@ (10000e8c <irq_remove_handler+0x1a4>)
10000db8:	601a      	str	r2, [r3, #0]
10000dba:	f388 8810 	msr	PRIMASK, r8
10000dbe:	b003      	add	sp, #12
10000dc0:	bcf0      	pop	{r4, r5, r6, r7}
10000dc2:	46bb      	mov	fp, r7
10000dc4:	46b2      	mov	sl, r6
10000dc6:	46a9      	mov	r9, r5
10000dc8:	46a0      	mov	r8, r4
10000dca:	bdf0      	pop	{r4, r5, r6, r7, pc}
10000dcc:	000d      	movs	r5, r1
10000dce:	e7ea      	b.n	10000da6 <irq_remove_handler+0xbe>
10000dd0:	002a      	movs	r2, r5
10000dd2:	4663      	mov	r3, ip
10000dd4:	439a      	bics	r2, r3
10000dd6:	6890      	ldr	r0, [r2, #8]
10000dd8:	4284      	cmp	r4, r0
10000dda:	d1d5      	bne.n	10000d88 <irq_remove_handler+0xa0>
10000ddc:	2006      	movs	r0, #6
10000dde:	5610      	ldrsb	r0, [r2, r0]
10000de0:	0013      	movs	r3, r2
10000de2:	2800      	cmp	r0, #0
10000de4:	da0a      	bge.n	10000dfc <irq_remove_handler+0x114>
10000de6:	000d      	movs	r5, r1
10000de8:	e031      	b.n	10000e4e <irq_remove_handler+0x166>
10000dea:	2380      	movs	r3, #128	@ 0x80
10000dec:	4651      	mov	r1, sl
10000dee:	4a2b      	ldr	r2, [pc, #172]	@ (10000e9c <irq_remove_handler+0x1b4>)
10000df0:	50d1      	str	r1, [r2, r3]
10000df2:	e7d8      	b.n	10000da6 <irq_remove_handler+0xbe>
10000df4:	2006      	movs	r0, #6
10000df6:	5618      	ldrsb	r0, [r3, r0]
10000df8:	2800      	cmp	r0, #0
10000dfa:	db21      	blt.n	10000e40 <irq_remove_handler+0x158>
10000dfc:	0042      	lsls	r2, r0, #1
10000dfe:	1811      	adds	r1, r2, r0
10000e00:	0089      	lsls	r1, r1, #2
10000e02:	1874      	adds	r4, r6, r1
10000e04:	468b      	mov	fp, r1
10000e06:	68a1      	ldr	r1, [r4, #8]
10000e08:	6099      	str	r1, [r3, #8]
10000e0a:	79e1      	ldrb	r1, [r4, #7]
10000e0c:	71d9      	strb	r1, [r3, #7]
10000e0e:	2106      	movs	r1, #6
10000e10:	5661      	ldrsb	r1, [r4, r1]
10000e12:	7199      	strb	r1, [r3, #6]
10000e14:	2900      	cmp	r1, #0
10000e16:	db24      	blt.n	10000e62 <irq_remove_handler+0x17a>
10000e18:	88a4      	ldrh	r4, [r4, #4]
10000e1a:	1af1      	subs	r1, r6, r3
10000e1c:	0564      	lsls	r4, r4, #21
10000e1e:	1524      	asrs	r4, r4, #20
10000e20:	445c      	add	r4, fp
10000e22:	1909      	adds	r1, r1, r4
10000e24:	0509      	lsls	r1, r1, #20
10000e26:	4c1e      	ldr	r4, [pc, #120]	@ (10000ea0 <irq_remove_handler+0x1b8>)
10000e28:	0d49      	lsrs	r1, r1, #21
10000e2a:	4321      	orrs	r1, r4
10000e2c:	8099      	strh	r1, [r3, #4]
10000e2e:	1813      	adds	r3, r2, r0
10000e30:	4a1c      	ldr	r2, [pc, #112]	@ (10000ea4 <irq_remove_handler+0x1bc>)
10000e32:	009b      	lsls	r3, r3, #2
10000e34:	7811      	ldrb	r1, [r2, #0]
10000e36:	18f3      	adds	r3, r6, r3
10000e38:	7199      	strb	r1, [r3, #6]
10000e3a:	7010      	strb	r0, [r2, #0]
10000e3c:	e7aa      	b.n	10000d94 <irq_remove_handler+0xac>
10000e3e:	0013      	movs	r3, r2
10000e40:	4659      	mov	r1, fp
10000e42:	2900      	cmp	r1, #0
10000e44:	d114      	bne.n	10000e70 <irq_remove_handler+0x188>
10000e46:	31ff      	adds	r1, #255	@ 0xff
10000e48:	7191      	strb	r1, [r2, #6]
10000e4a:	4917      	ldr	r1, [pc, #92]	@ (10000ea8 <irq_remove_handler+0x1c0>)
10000e4c:	8091      	strh	r1, [r2, #4]
10000e4e:	4915      	ldr	r1, [pc, #84]	@ (10000ea4 <irq_remove_handler+0x1bc>)
10000e50:	780a      	ldrb	r2, [r1, #0]
10000e52:	719a      	strb	r2, [r3, #6]
10000e54:	4a15      	ldr	r2, [pc, #84]	@ (10000eac <irq_remove_handler+0x1c4>)
10000e56:	1b9b      	subs	r3, r3, r6
10000e58:	415b      	adcs	r3, r3
10000e5a:	435a      	muls	r2, r3
10000e5c:	0d12      	lsrs	r2, r2, #20
10000e5e:	700a      	strb	r2, [r1, #0]
10000e60:	e798      	b.n	10000d94 <irq_remove_handler+0xac>
10000e62:	4911      	ldr	r1, [pc, #68]	@ (10000ea8 <irq_remove_handler+0x1c0>)
10000e64:	e7e2      	b.n	10000e2c <irq_remove_handler+0x144>
10000e66:	2006      	movs	r0, #6
10000e68:	5610      	ldrsb	r0, [r2, r0]
10000e6a:	0013      	movs	r3, r2
10000e6c:	2800      	cmp	r0, #0
10000e6e:	dac5      	bge.n	10000dfc <irq_remove_handler+0x114>
10000e70:	4a0f      	ldr	r2, [pc, #60]	@ (10000eb0 <irq_remove_handler+0x1c8>)
10000e72:	4910      	ldr	r1, [pc, #64]	@ (10000eb4 <irq_remove_handler+0x1cc>)
10000e74:	1ad2      	subs	r2, r2, r3
10000e76:	3a08      	subs	r2, #8
10000e78:	0250      	lsls	r0, r2, #9
10000e7a:	0d40      	lsrs	r0, r0, #21
10000e7c:	4301      	orrs	r1, r0
10000e7e:	8099      	strh	r1, [r3, #4]
10000e80:	490d      	ldr	r1, [pc, #52]	@ (10000eb8 <irq_remove_handler+0x1d0>)
10000e82:	0852      	lsrs	r2, r2, #1
10000e84:	430a      	orrs	r2, r1
10000e86:	80da      	strh	r2, [r3, #6]
10000e88:	e784      	b.n	10000d94 <irq_remove_handler+0xac>
10000e8a:	46c0      	nop			@ (mov r8, r8)
10000e8c:	d0000124 	.word	0xd0000124
10000e90:	e000ed00 	.word	0xe000ed00
10000e94:	100001cd 	.word	0x100001cd
10000e98:	2000103c 	.word	0x2000103c
10000e9c:	e000e100 	.word	0xe000e100
10000ea0:	ffffe000 	.word	0xffffe000
10000ea4:	20002572 	.word	0x20002572
10000ea8:	ffffbd01 	.word	0xffffbd01
10000eac:	0000aaaa 	.word	0x0000aaaa
10000eb0:	20001076 	.word	0x20001076
10000eb4:	fffff000 	.word	0xfffff000
10000eb8:	fffff800 	.word	0xfffff800

10000ebc <irq_add_tail_to_free_list>:
10000ebc:	b570      	push	{r4, r5, r6, lr}
10000ebe:	2401      	movs	r4, #1
10000ec0:	4304      	orrs	r4, r0
10000ec2:	f3ef 8105 	mrs	r1, IPSR
10000ec6:	f3ef 8c10 	mrs	ip, PRIMASK
10000eca:	b672      	cpsid	i
10000ecc:	4a21      	ldr	r2, [pc, #132]	@ (10000f54 <irq_add_tail_to_free_list+0x98>)
10000ece:	6813      	ldr	r3, [r2, #0]
10000ed0:	2b00      	cmp	r3, #0
10000ed2:	d0fc      	beq.n	10000ece <irq_add_tail_to_free_list+0x12>
10000ed4:	f3bf 8f5f 	dmb	sy
10000ed8:	4b1f      	ldr	r3, [pc, #124]	@ (10000f58 <irq_add_tail_to_free_list+0x9c>)
10000eda:	0005      	movs	r5, r0
10000edc:	4a1f      	ldr	r2, [pc, #124]	@ (10000f5c <irq_add_tail_to_free_list+0xa0>)
10000ede:	1aed      	subs	r5, r5, r3
10000ee0:	416d      	adcs	r5, r5
10000ee2:	436a      	muls	r2, r5
10000ee4:	0d12      	lsrs	r2, r2, #20
10000ee6:	4d1e      	ldr	r5, [pc, #120]	@ (10000f60 <irq_add_tail_to_free_list+0xa4>)
10000ee8:	0089      	lsls	r1, r1, #2
10000eea:	68ae      	ldr	r6, [r5, #8]
10000eec:	b252      	sxtb	r2, r2
10000eee:	5876      	ldr	r6, [r6, r1]
10000ef0:	42a6      	cmp	r6, r4
10000ef2:	d01c      	beq.n	10000f2e <irq_add_tail_to_free_list+0x72>
10000ef4:	2106      	movs	r1, #6
10000ef6:	5659      	ldrsb	r1, [r3, r1]
10000ef8:	4291      	cmp	r1, r2
10000efa:	d01c      	beq.n	10000f36 <irq_add_tail_to_free_list+0x7a>
10000efc:	2112      	movs	r1, #18
10000efe:	5659      	ldrsb	r1, [r3, r1]
10000f00:	4291      	cmp	r1, r2
10000f02:	d022      	beq.n	10000f4a <irq_add_tail_to_free_list+0x8e>
10000f04:	211e      	movs	r1, #30
10000f06:	5659      	ldrsb	r1, [r3, r1]
10000f08:	4291      	cmp	r1, r2
10000f0a:	d020      	beq.n	10000f4e <irq_add_tail_to_free_list+0x92>
10000f0c:	212a      	movs	r1, #42	@ 0x2a
10000f0e:	5659      	ldrsb	r1, [r3, r1]
10000f10:	2403      	movs	r4, #3
10000f12:	4291      	cmp	r1, r2
10000f14:	d010      	beq.n	10000f38 <irq_add_tail_to_free_list+0x7c>
10000f16:	4b13      	ldr	r3, [pc, #76]	@ (10000f64 <irq_add_tail_to_free_list+0xa8>)
10000f18:	7819      	ldrb	r1, [r3, #0]
10000f1a:	701a      	strb	r2, [r3, #0]
10000f1c:	7181      	strb	r1, [r0, #6]
10000f1e:	f3bf 8f5f 	dmb	sy
10000f22:	2200      	movs	r2, #0
10000f24:	4b0b      	ldr	r3, [pc, #44]	@ (10000f54 <irq_add_tail_to_free_list+0x98>)
10000f26:	601a      	str	r2, [r3, #0]
10000f28:	f38c 8810 	msr	PRIMASK, ip
10000f2c:	bd70      	pop	{r4, r5, r6, pc}
10000f2e:	68ab      	ldr	r3, [r5, #8]
10000f30:	4c0d      	ldr	r4, [pc, #52]	@ (10000f68 <irq_add_tail_to_free_list+0xac>)
10000f32:	505c      	str	r4, [r3, r1]
10000f34:	e7ef      	b.n	10000f16 <irq_add_tail_to_free_list+0x5a>
10000f36:	2400      	movs	r4, #0
10000f38:	0061      	lsls	r1, r4, #1
10000f3a:	1909      	adds	r1, r1, r4
10000f3c:	0089      	lsls	r1, r1, #2
10000f3e:	185b      	adds	r3, r3, r1
10000f40:	21ff      	movs	r1, #255	@ 0xff
10000f42:	7199      	strb	r1, [r3, #6]
10000f44:	4909      	ldr	r1, [pc, #36]	@ (10000f6c <irq_add_tail_to_free_list+0xb0>)
10000f46:	8099      	strh	r1, [r3, #4]
10000f48:	e7e5      	b.n	10000f16 <irq_add_tail_to_free_list+0x5a>
10000f4a:	2401      	movs	r4, #1
10000f4c:	e7f4      	b.n	10000f38 <irq_add_tail_to_free_list+0x7c>
10000f4e:	2402      	movs	r4, #2
10000f50:	e7f2      	b.n	10000f38 <irq_add_tail_to_free_list+0x7c>
10000f52:	46c0      	nop			@ (mov r8, r8)
10000f54:	d0000124 	.word	0xd0000124
10000f58:	2000103c 	.word	0x2000103c
10000f5c:	0000aaaa 	.word	0x0000aaaa
10000f60:	e000ed00 	.word	0xe000ed00
10000f64:	20002572 	.word	0x20002572
10000f68:	100001cd 	.word	0x100001cd
10000f6c:	ffffbd01 	.word	0xffffbd01

10000f70 <user_irq_claim_unused>:
10000f70:	b510      	push	{r4, lr}
10000f72:	4b08      	ldr	r3, [pc, #32]	@ (10000f94 <user_irq_claim_unused+0x24>)
10000f74:	4c08      	ldr	r4, [pc, #32]	@ (10000f98 <user_irq_claim_unused+0x28>)
10000f76:	b082      	sub	sp, #8
10000f78:	0001      	movs	r1, r0
10000f7a:	9300      	str	r3, [sp, #0]
10000f7c:	2200      	movs	r2, #0
10000f7e:	2305      	movs	r3, #5
10000f80:	0020      	movs	r0, r4
10000f82:	f7ff fcd3 	bl	1000092c <hw_claim_unused_from_range>
10000f86:	2800      	cmp	r0, #0
10000f88:	db01      	blt.n	10000f8e <user_irq_claim_unused+0x1e>
10000f8a:	231f      	movs	r3, #31
10000f8c:	1a18      	subs	r0, r3, r0
10000f8e:	b002      	add	sp, #8
10000f90:	bd10      	pop	{r4, pc}
10000f92:	46c0      	nop			@ (mov r8, r8)
10000f94:	10008960 	.word	0x10008960
10000f98:	2000257c 	.word	0x2000257c

10000f9c <lock_init>:
10000f9c:	4b02      	ldr	r3, [pc, #8]	@ (10000fa8 <lock_init+0xc>)
10000f9e:	469c      	mov	ip, r3
10000fa0:	4461      	add	r1, ip
10000fa2:	0089      	lsls	r1, r1, #2
10000fa4:	6001      	str	r1, [r0, #0]
10000fa6:	4770      	bx	lr
10000fa8:	34000040 	.word	0x34000040

10000fac <runtime_init_mutex>:
10000fac:	b570      	push	{r4, r5, r6, lr}
10000fae:	4c11      	ldr	r4, [pc, #68]	@ (10000ff4 <runtime_init_mutex+0x48>)
10000fb0:	4d11      	ldr	r5, [pc, #68]	@ (10000ff8 <runtime_init_mutex+0x4c>)
10000fb2:	42ac      	cmp	r4, r5
10000fb4:	d20f      	bcs.n	10000fd6 <runtime_init_mutex+0x2a>
10000fb6:	26ff      	movs	r6, #255	@ 0xff
10000fb8:	6823      	ldr	r3, [r4, #0]
10000fba:	2b00      	cmp	r3, #0
10000fbc:	d00c      	beq.n	10000fd8 <runtime_init_mutex+0x2c>
10000fbe:	f7ff fcf9 	bl	100009b4 <next_striped_spin_lock_num>
10000fc2:	0001      	movs	r1, r0
10000fc4:	0020      	movs	r0, r4
10000fc6:	f7ff ffe9 	bl	10000f9c <lock_init>
10000fca:	80a6      	strh	r6, [r4, #4]
10000fcc:	f3bf 8f5f 	dmb	sy
10000fd0:	3408      	adds	r4, #8
10000fd2:	42ac      	cmp	r4, r5
10000fd4:	d3f0      	bcc.n	10000fb8 <runtime_init_mutex+0xc>
10000fd6:	bd70      	pop	{r4, r5, r6, pc}
10000fd8:	f7ff fcec 	bl	100009b4 <next_striped_spin_lock_num>
10000fdc:	0001      	movs	r1, r0
10000fde:	0020      	movs	r0, r4
10000fe0:	f7ff ffdc 	bl	10000f9c <lock_init>
10000fe4:	7126      	strb	r6, [r4, #4]
10000fe6:	f3bf 8f5f 	dmb	sy
10000fea:	3408      	adds	r4, #8
10000fec:	42ac      	cmp	r4, r5
10000fee:	d3e3      	bcc.n	10000fb8 <runtime_init_mutex+0xc>
10000ff0:	e7f1      	b.n	10000fd6 <runtime_init_mutex+0x2a>
10000ff2:	46c0      	nop			@ (mov r8, r8)
10000ff4:	20001120 	.word	0x20001120
10000ff8:	20001128 	.word	0x20001128

10000ffc <mutex_init>:
10000ffc:	b510      	push	{r4, lr}
10000ffe:	0004      	movs	r4, r0
10001000:	f7ff fcd8 	bl	100009b4 <next_striped_spin_lock_num>
10001004:	0001      	movs	r1, r0
10001006:	0020      	movs	r0, r4
10001008:	f7ff ffc8 	bl	10000f9c <lock_init>
1000100c:	23ff      	movs	r3, #255	@ 0xff
1000100e:	7123      	strb	r3, [r4, #4]
10001010:	f3bf 8f5f 	dmb	sy
10001014:	bd10      	pop	{r4, pc}
10001016:	46c0      	nop			@ (mov r8, r8)

10001018 <critical_section_init>:
10001018:	b510      	push	{r4, lr}
1000101a:	0004      	movs	r4, r0
1000101c:	2001      	movs	r0, #1
1000101e:	f7ff fcd5 	bl	100009cc <spin_lock_claim_unused>
10001022:	4b03      	ldr	r3, [pc, #12]	@ (10001030 <critical_section_init+0x18>)
10001024:	18c3      	adds	r3, r0, r3
10001026:	009b      	lsls	r3, r3, #2
10001028:	6023      	str	r3, [r4, #0]
1000102a:	f3bf 8f5f 	dmb	sy
1000102e:	bd10      	pop	{r4, pc}
10001030:	34000040 	.word	0x34000040

10001034 <critical_section_init_with_lock_num>:
10001034:	4b03      	ldr	r3, [pc, #12]	@ (10001044 <critical_section_init_with_lock_num+0x10>)
10001036:	469c      	mov	ip, r3
10001038:	4461      	add	r1, ip
1000103a:	0089      	lsls	r1, r1, #2
1000103c:	6001      	str	r1, [r0, #0]
1000103e:	f3bf 8f5f 	dmb	sy
10001042:	4770      	bx	lr
10001044:	34000040 	.word	0x34000040

10001048 <sleep_until_callback>:
10001048:	4b0a      	ldr	r3, [pc, #40]	@ (10001074 <sleep_until_callback+0x2c>)
1000104a:	6819      	ldr	r1, [r3, #0]
1000104c:	f3ef 8010 	mrs	r0, PRIMASK
10001050:	b672      	cpsid	i
10001052:	680a      	ldr	r2, [r1, #0]
10001054:	2a00      	cmp	r2, #0
10001056:	d0fc      	beq.n	10001052 <sleep_until_callback+0xa>
10001058:	f3bf 8f5f 	dmb	sy
1000105c:	681b      	ldr	r3, [r3, #0]
1000105e:	f3bf 8f5f 	dmb	sy
10001062:	2200      	movs	r2, #0
10001064:	601a      	str	r2, [r3, #0]
10001066:	f380 8810 	msr	PRIMASK, r0
1000106a:	bf40      	sev
1000106c:	2000      	movs	r0, #0
1000106e:	2100      	movs	r1, #0
10001070:	4770      	bx	lr
10001072:	46c0      	nop			@ (mov r8, r8)
10001074:	20002544 	.word	0x20002544

10001078 <alarm_pool_irq_handler>:
10001078:	b5f0      	push	{r4, r5, r6, r7, lr}
1000107a:	46de      	mov	lr, fp
1000107c:	4657      	mov	r7, sl
1000107e:	464e      	mov	r6, r9
10001080:	4645      	mov	r5, r8
10001082:	b5e0      	push	{r5, r6, r7, lr}
10001084:	b087      	sub	sp, #28
10001086:	f3ef 8305 	mrs	r3, IPSR
1000108a:	2203      	movs	r2, #3
1000108c:	2501      	movs	r5, #1
1000108e:	401a      	ands	r2, r3
10001090:	4095      	lsls	r5, r2
10001092:	0091      	lsls	r1, r2, #2
10001094:	4688      	mov	r8, r1
10001096:	46a9      	mov	r9, r5
10001098:	4bb3      	ldr	r3, [pc, #716]	@ (10001368 <alarm_pool_irq_handler+0x2f0>)
1000109a:	9203      	str	r2, [sp, #12]
1000109c:	585c      	ldr	r4, [r3, r1]
1000109e:	4bb3      	ldr	r3, [pc, #716]	@ (1000136c <alarm_pool_irq_handler+0x2f4>)
100010a0:	601d      	str	r5, [r3, #0]
100010a2:	4bb3      	ldr	r3, [pc, #716]	@ (10001370 <alarm_pool_irq_handler+0x2f8>)
100010a4:	9304      	str	r3, [sp, #16]
100010a6:	464b      	mov	r3, r9
100010a8:	48b2      	ldr	r0, [pc, #712]	@ (10001374 <alarm_pool_irq_handler+0x2fc>)
100010aa:	6343      	str	r3, [r0, #52]	@ 0x34
100010ac:	2308      	movs	r3, #8
100010ae:	5ee5      	ldrsh	r5, [r4, r3]
100010b0:	2d00      	cmp	r5, #0
100010b2:	da37      	bge.n	10001124 <alarm_pool_irq_handler+0xac>
100010b4:	88a3      	ldrh	r3, [r4, #4]
100010b6:	b21b      	sxth	r3, r3
100010b8:	2b00      	cmp	r3, #0
100010ba:	db00      	blt.n	100010be <alarm_pool_irq_handler+0x46>
100010bc:	e0ad      	b.n	1000121a <alarm_pool_irq_handler+0x1a2>
100010be:	79a3      	ldrb	r3, [r4, #6]
100010c0:	2b00      	cmp	r3, #0
100010c2:	d000      	beq.n	100010c6 <alarm_pool_irq_handler+0x4e>
100010c4:	e0ee      	b.n	100012a4 <alarm_pool_irq_handler+0x22c>
100010c6:	2308      	movs	r3, #8
100010c8:	5ee0      	ldrsh	r0, [r4, r3]
100010ca:	2800      	cmp	r0, #0
100010cc:	db20      	blt.n	10001110 <alarm_pool_irq_handler+0x98>
100010ce:	0043      	lsls	r3, r0, #1
100010d0:	6962      	ldr	r2, [r4, #20]
100010d2:	181b      	adds	r3, r3, r0
100010d4:	00db      	lsls	r3, r3, #3
100010d6:	18d3      	adds	r3, r2, r3
100010d8:	689e      	ldr	r6, [r3, #8]
100010da:	68dd      	ldr	r5, [r3, #12]
100010dc:	1c73      	adds	r3, r6, #1
100010de:	d100      	bne.n	100010e2 <alarm_pool_irq_handler+0x6a>
100010e0:	e111      	b.n	10001306 <alarm_pool_irq_handler+0x28e>
100010e2:	48a4      	ldr	r0, [pc, #656]	@ (10001374 <alarm_pool_irq_handler+0x2fc>)
100010e4:	0001      	movs	r1, r0
100010e6:	4441      	add	r1, r8
100010e8:	6a82      	ldr	r2, [r0, #40]	@ 0x28
100010ea:	690b      	ldr	r3, [r1, #16]
100010ec:	1ab7      	subs	r7, r6, r2
100010ee:	1a9b      	subs	r3, r3, r2
100010f0:	429f      	cmp	r7, r3
100010f2:	d315      	bcc.n	10001120 <alarm_pool_irq_handler+0xa8>
100010f4:	2301      	movs	r3, #1
100010f6:	6a02      	ldr	r2, [r0, #32]
100010f8:	9803      	ldr	r0, [sp, #12]
100010fa:	4083      	lsls	r3, r0
100010fc:	421a      	tst	r2, r3
100010fe:	d00f      	beq.n	10001120 <alarm_pool_irq_handler+0xa8>
10001100:	489c      	ldr	r0, [pc, #624]	@ (10001374 <alarm_pool_irq_handler+0x2fc>)
10001102:	f000 fc47 	bl	10001994 <timer_time_us_64>
10001106:	428d      	cmp	r5, r1
10001108:	dc02      	bgt.n	10001110 <alarm_pool_irq_handler+0x98>
1000110a:	d1cc      	bne.n	100010a6 <alarm_pool_irq_handler+0x2e>
1000110c:	4286      	cmp	r6, r0
1000110e:	d9ca      	bls.n	100010a6 <alarm_pool_irq_handler+0x2e>
10001110:	bf40      	sev
10001112:	b007      	add	sp, #28
10001114:	bcf0      	pop	{r4, r5, r6, r7}
10001116:	46bb      	mov	fp, r7
10001118:	46b2      	mov	sl, r6
1000111a:	46a9      	mov	r9, r5
1000111c:	46a0      	mov	r8, r4
1000111e:	bdf0      	pop	{r4, r5, r6, r7, pc}
10001120:	610e      	str	r6, [r1, #16]
10001122:	e7ed      	b.n	10001100 <alarm_pool_irq_handler+0x88>
10001124:	6962      	ldr	r2, [r4, #20]
10001126:	006b      	lsls	r3, r5, #1
10001128:	4692      	mov	sl, r2
1000112a:	195b      	adds	r3, r3, r5
1000112c:	00db      	lsls	r3, r3, #3
1000112e:	449a      	add	sl, r3
10001130:	4653      	mov	r3, sl
10001132:	689e      	ldr	r6, [r3, #8]
10001134:	68df      	ldr	r7, [r3, #12]
10001136:	f000 fc2d 	bl	10001994 <timer_time_us_64>
1000113a:	428f      	cmp	r7, r1
1000113c:	dcba      	bgt.n	100010b4 <alarm_pool_irq_handler+0x3c>
1000113e:	d100      	bne.n	10001142 <alarm_pool_irq_handler+0xca>
10001140:	e103      	b.n	1000134a <alarm_pool_irq_handler+0x2d2>
10001142:	2f00      	cmp	r7, #0
10001144:	da00      	bge.n	10001148 <alarm_pool_irq_handler+0xd0>
10001146:	e0e8      	b.n	1000131a <alarm_pool_irq_handler+0x2a2>
10001148:	4652      	mov	r2, sl
1000114a:	4653      	mov	r3, sl
1000114c:	6952      	ldr	r2, [r2, #20]
1000114e:	691b      	ldr	r3, [r3, #16]
10001150:	4693      	mov	fp, r2
10001152:	9a04      	ldr	r2, [sp, #16]
10001154:	4293      	cmp	r3, r2
10001156:	d100      	bne.n	1000115a <alarm_pool_irq_handler+0xe2>
10001158:	e0d9      	b.n	1000130e <alarm_pool_irq_handler+0x296>
1000115a:	4652      	mov	r2, sl
1000115c:	2108      	movs	r1, #8
1000115e:	5e60      	ldrsh	r0, [r4, r1]
10001160:	8852      	ldrh	r2, [r2, #2]
10001162:	0400      	lsls	r0, r0, #16
10001164:	4659      	mov	r1, fp
10001166:	4310      	orrs	r0, r2
10001168:	4798      	blx	r3
1000116a:	9000      	str	r0, [sp, #0]
1000116c:	9101      	str	r1, [sp, #4]
1000116e:	9900      	ldr	r1, [sp, #0]
10001170:	9a01      	ldr	r2, [sp, #4]
10001172:	000b      	movs	r3, r1
10001174:	0010      	movs	r0, r2
10001176:	4313      	orrs	r3, r2
10001178:	d100      	bne.n	1000117c <alarm_pool_irq_handler+0x104>
1000117a:	e0ce      	b.n	1000131a <alarm_pool_irq_handler+0x2a2>
1000117c:	0013      	movs	r3, r2
1000117e:	000a      	movs	r2, r1
10001180:	1ab6      	subs	r6, r6, r2
10001182:	419f      	sbcs	r7, r3
10001184:	2800      	cmp	r0, #0
10001186:	db06      	blt.n	10001196 <alarm_pool_irq_handler+0x11e>
10001188:	487a      	ldr	r0, [pc, #488]	@ (10001374 <alarm_pool_irq_handler+0x2fc>)
1000118a:	f000 fc03 	bl	10001994 <timer_time_us_64>
1000118e:	9e00      	ldr	r6, [sp, #0]
10001190:	9f01      	ldr	r7, [sp, #4]
10001192:	1836      	adds	r6, r6, r0
10001194:	414f      	adcs	r7, r1
10001196:	4653      	mov	r3, sl
10001198:	609e      	str	r6, [r3, #8]
1000119a:	60df      	str	r7, [r3, #12]
1000119c:	2200      	movs	r2, #0
1000119e:	5e9a      	ldrsh	r2, [r3, r2]
100011a0:	2a00      	cmp	r2, #0
100011a2:	da00      	bge.n	100011a6 <alarm_pool_irq_handler+0x12e>
100011a4:	e786      	b.n	100010b4 <alarm_pool_irq_handler+0x3c>
100011a6:	0053      	lsls	r3, r2, #1
100011a8:	1899      	adds	r1, r3, r2
100011aa:	6960      	ldr	r0, [r4, #20]
100011ac:	00c9      	lsls	r1, r1, #3
100011ae:	1841      	adds	r1, r0, r1
100011b0:	9302      	str	r3, [sp, #8]
100011b2:	688b      	ldr	r3, [r1, #8]
100011b4:	68c9      	ldr	r1, [r1, #12]
100011b6:	469b      	mov	fp, r3
100011b8:	42b9      	cmp	r1, r7
100011ba:	dd00      	ble.n	100011be <alarm_pool_irq_handler+0x146>
100011bc:	e77a      	b.n	100010b4 <alarm_pool_irq_handler+0x3c>
100011be:	d102      	bne.n	100011c6 <alarm_pool_irq_handler+0x14e>
100011c0:	42b3      	cmp	r3, r6
100011c2:	d900      	bls.n	100011c6 <alarm_pool_irq_handler+0x14e>
100011c4:	e776      	b.n	100010b4 <alarm_pool_irq_handler+0x3c>
100011c6:	2308      	movs	r3, #8
100011c8:	469c      	mov	ip, r3
100011ca:	44a4      	add	ip, r4
100011cc:	9505      	str	r5, [sp, #20]
100011ce:	4665      	mov	r5, ip
100011d0:	8122      	strh	r2, [r4, #8]
100011d2:	46a4      	mov	ip, r4
100011d4:	9b02      	ldr	r3, [sp, #8]
100011d6:	002c      	movs	r4, r5
100011d8:	e006      	b.n	100011e8 <alarm_pool_irq_handler+0x170>
100011da:	0053      	lsls	r3, r2, #1
100011dc:	1899      	adds	r1, r3, r2
100011de:	00c9      	lsls	r1, r1, #3
100011e0:	1841      	adds	r1, r0, r1
100011e2:	688d      	ldr	r5, [r1, #8]
100011e4:	68c9      	ldr	r1, [r1, #12]
100011e6:	46ab      	mov	fp, r5
100011e8:	189b      	adds	r3, r3, r2
100011ea:	00db      	lsls	r3, r3, #3
100011ec:	18c3      	adds	r3, r0, r3
100011ee:	42b9      	cmp	r1, r7
100011f0:	dc06      	bgt.n	10001200 <alarm_pool_irq_handler+0x188>
100011f2:	d100      	bne.n	100011f6 <alarm_pool_irq_handler+0x17e>
100011f4:	e0b3      	b.n	1000135e <alarm_pool_irq_handler+0x2e6>
100011f6:	001c      	movs	r4, r3
100011f8:	2300      	movs	r3, #0
100011fa:	5ee2      	ldrsh	r2, [r4, r3]
100011fc:	2a00      	cmp	r2, #0
100011fe:	daec      	bge.n	100011da <alarm_pool_irq_handler+0x162>
10001200:	0023      	movs	r3, r4
10001202:	4664      	mov	r4, ip
10001204:	469c      	mov	ip, r3
10001206:	4653      	mov	r3, sl
10001208:	801a      	strh	r2, [r3, #0]
1000120a:	4663      	mov	r3, ip
1000120c:	9d05      	ldr	r5, [sp, #20]
1000120e:	801d      	strh	r5, [r3, #0]
10001210:	88a3      	ldrh	r3, [r4, #4]
10001212:	b21b      	sxth	r3, r3
10001214:	2b00      	cmp	r3, #0
10001216:	da00      	bge.n	1000121a <alarm_pool_irq_handler+0x1a2>
10001218:	e751      	b.n	100010be <alarm_pool_irq_handler+0x46>
1000121a:	6922      	ldr	r2, [r4, #16]
1000121c:	f3ef 8110 	mrs	r1, PRIMASK
10001220:	b672      	cpsid	i
10001222:	6813      	ldr	r3, [r2, #0]
10001224:	2b00      	cmp	r3, #0
10001226:	d0fc      	beq.n	10001222 <alarm_pool_irq_handler+0x1aa>
10001228:	f3bf 8f5f 	dmb	sy
1000122c:	2301      	movs	r3, #1
1000122e:	88a7      	ldrh	r7, [r4, #4]
10001230:	425b      	negs	r3, r3
10001232:	80a3      	strh	r3, [r4, #4]
10001234:	b23f      	sxth	r7, r7
10001236:	6923      	ldr	r3, [r4, #16]
10001238:	f3bf 8f5f 	dmb	sy
1000123c:	2200      	movs	r2, #0
1000123e:	601a      	str	r2, [r3, #0]
10001240:	f381 8810 	msr	PRIMASK, r1
10001244:	2f00      	cmp	r7, #0
10001246:	da00      	bge.n	1000124a <alarm_pool_irq_handler+0x1d2>
10001248:	e739      	b.n	100010be <alarm_pool_irq_handler+0x46>
1000124a:	0023      	movs	r3, r4
1000124c:	3308      	adds	r3, #8
1000124e:	0022      	movs	r2, r4
10001250:	469a      	mov	sl, r3
10001252:	6966      	ldr	r6, [r4, #20]
10001254:	007b      	lsls	r3, r7, #1
10001256:	19db      	adds	r3, r3, r7
10001258:	00db      	lsls	r3, r3, #3
1000125a:	18f3      	adds	r3, r6, r3
1000125c:	6899      	ldr	r1, [r3, #8]
1000125e:	4650      	mov	r0, sl
10001260:	468c      	mov	ip, r1
10001262:	2408      	movs	r4, #8
10001264:	5f11      	ldrsh	r1, [r2, r4]
10001266:	68dd      	ldr	r5, [r3, #12]
10001268:	2900      	cmp	r1, #0
1000126a:	db10      	blt.n	1000128e <alarm_pool_irq_handler+0x216>
1000126c:	9302      	str	r3, [sp, #8]
1000126e:	e006      	b.n	1000127e <alarm_pool_irq_handler+0x206>
10001270:	42ab      	cmp	r3, r5
10001272:	d044      	beq.n	100012fe <alarm_pool_irq_handler+0x286>
10001274:	2300      	movs	r3, #0
10001276:	5ee1      	ldrsh	r1, [r4, r3]
10001278:	0020      	movs	r0, r4
1000127a:	2900      	cmp	r1, #0
1000127c:	db06      	blt.n	1000128c <alarm_pool_irq_handler+0x214>
1000127e:	004c      	lsls	r4, r1, #1
10001280:	1864      	adds	r4, r4, r1
10001282:	00e4      	lsls	r4, r4, #3
10001284:	1934      	adds	r4, r6, r4
10001286:	68e3      	ldr	r3, [r4, #12]
10001288:	42ab      	cmp	r3, r5
1000128a:	ddf1      	ble.n	10001270 <alarm_pool_irq_handler+0x1f8>
1000128c:	9b02      	ldr	r3, [sp, #8]
1000128e:	8007      	strh	r7, [r0, #0]
10001290:	2000      	movs	r0, #0
10001292:	5e1f      	ldrsh	r7, [r3, r0]
10001294:	8019      	strh	r1, [r3, #0]
10001296:	2f00      	cmp	r7, #0
10001298:	dadc      	bge.n	10001254 <alarm_pool_irq_handler+0x1dc>
1000129a:	0014      	movs	r4, r2
1000129c:	79a3      	ldrb	r3, [r4, #6]
1000129e:	2b00      	cmp	r3, #0
100012a0:	d100      	bne.n	100012a4 <alarm_pool_irq_handler+0x22c>
100012a2:	e710      	b.n	100010c6 <alarm_pool_irq_handler+0x4e>
100012a4:	2300      	movs	r3, #0
100012a6:	71a3      	strb	r3, [r4, #6]
100012a8:	0026      	movs	r6, r4
100012aa:	2308      	movs	r3, #8
100012ac:	5ee1      	ldrsh	r1, [r4, r3]
100012ae:	3608      	adds	r6, #8
100012b0:	1c4b      	adds	r3, r1, #1
100012b2:	d100      	bne.n	100012b6 <alarm_pool_irq_handler+0x23e>
100012b4:	e72c      	b.n	10001110 <alarm_pool_irq_handler+0x98>
100012b6:	0008      	movs	r0, r1
100012b8:	46a2      	mov	sl, r4
100012ba:	6965      	ldr	r5, [r4, #20]
100012bc:	e002      	b.n	100012c4 <alarm_pool_irq_handler+0x24c>
100012be:	003e      	movs	r6, r7
100012c0:	1c4b      	adds	r3, r1, #1
100012c2:	d01a      	beq.n	100012fa <alarm_pool_irq_handler+0x282>
100012c4:	004b      	lsls	r3, r1, #1
100012c6:	185b      	adds	r3, r3, r1
100012c8:	00db      	lsls	r3, r3, #3
100012ca:	18ef      	adds	r7, r5, r3
100012cc:	000a      	movs	r2, r1
100012ce:	468c      	mov	ip, r1
100012d0:	5ee9      	ldrsh	r1, [r5, r3]
100012d2:	887b      	ldrh	r3, [r7, #2]
100012d4:	b21b      	sxth	r3, r3
100012d6:	2b00      	cmp	r3, #0
100012d8:	daf1      	bge.n	100012be <alarm_pool_irq_handler+0x246>
100012da:	2301      	movs	r3, #1
100012dc:	425b      	negs	r3, r3
100012de:	17dc      	asrs	r4, r3, #31
100012e0:	60bb      	str	r3, [r7, #8]
100012e2:	60fc      	str	r4, [r7, #12]
100012e4:	4282      	cmp	r2, r0
100012e6:	d005      	beq.n	100012f4 <alarm_pool_irq_handler+0x27c>
100012e8:	4653      	mov	r3, sl
100012ea:	8031      	strh	r1, [r6, #0]
100012ec:	891b      	ldrh	r3, [r3, #8]
100012ee:	803b      	strh	r3, [r7, #0]
100012f0:	4653      	mov	r3, sl
100012f2:	811a      	strh	r2, [r3, #8]
100012f4:	4660      	mov	r0, ip
100012f6:	1c4b      	adds	r3, r1, #1
100012f8:	d1e4      	bne.n	100012c4 <alarm_pool_irq_handler+0x24c>
100012fa:	4654      	mov	r4, sl
100012fc:	e6e5      	b.n	100010ca <alarm_pool_irq_handler+0x52>
100012fe:	68a3      	ldr	r3, [r4, #8]
10001300:	4563      	cmp	r3, ip
10001302:	d9b7      	bls.n	10001274 <alarm_pool_irq_handler+0x1fc>
10001304:	e7c2      	b.n	1000128c <alarm_pool_irq_handler+0x214>
10001306:	1c6b      	adds	r3, r5, #1
10001308:	d000      	beq.n	1000130c <alarm_pool_irq_handler+0x294>
1000130a:	e6ea      	b.n	100010e2 <alarm_pool_irq_handler+0x6a>
1000130c:	e6f8      	b.n	10001100 <alarm_pool_irq_handler+0x88>
1000130e:	465b      	mov	r3, fp
10001310:	4658      	mov	r0, fp
10001312:	691b      	ldr	r3, [r3, #16]
10001314:	4798      	blx	r3
10001316:	2800      	cmp	r0, #0
10001318:	d11b      	bne.n	10001352 <alarm_pool_irq_handler+0x2da>
1000131a:	4653      	mov	r3, sl
1000131c:	881b      	ldrh	r3, [r3, #0]
1000131e:	6922      	ldr	r2, [r4, #16]
10001320:	8123      	strh	r3, [r4, #8]
10001322:	f3ef 8310 	mrs	r3, PRIMASK
10001326:	b672      	cpsid	i
10001328:	6811      	ldr	r1, [r2, #0]
1000132a:	2900      	cmp	r1, #0
1000132c:	d0fc      	beq.n	10001328 <alarm_pool_irq_handler+0x2b0>
1000132e:	f3bf 8f5f 	dmb	sy
10001332:	4651      	mov	r1, sl
10001334:	8862      	ldrh	r2, [r4, #2]
10001336:	800a      	strh	r2, [r1, #0]
10001338:	6922      	ldr	r2, [r4, #16]
1000133a:	8065      	strh	r5, [r4, #2]
1000133c:	f3bf 8f5f 	dmb	sy
10001340:	2100      	movs	r1, #0
10001342:	6011      	str	r1, [r2, #0]
10001344:	f383 8810 	msr	PRIMASK, r3
10001348:	e6b4      	b.n	100010b4 <alarm_pool_irq_handler+0x3c>
1000134a:	4286      	cmp	r6, r0
1000134c:	d800      	bhi.n	10001350 <alarm_pool_irq_handler+0x2d8>
1000134e:	e6f8      	b.n	10001142 <alarm_pool_irq_handler+0xca>
10001350:	e6b0      	b.n	100010b4 <alarm_pool_irq_handler+0x3c>
10001352:	465b      	mov	r3, fp
10001354:	681a      	ldr	r2, [r3, #0]
10001356:	685b      	ldr	r3, [r3, #4]
10001358:	9200      	str	r2, [sp, #0]
1000135a:	9301      	str	r3, [sp, #4]
1000135c:	e707      	b.n	1000116e <alarm_pool_irq_handler+0xf6>
1000135e:	45b3      	cmp	fp, r6
10001360:	d800      	bhi.n	10001364 <alarm_pool_irq_handler+0x2ec>
10001362:	e748      	b.n	100011f6 <alarm_pool_irq_handler+0x17e>
10001364:	e74c      	b.n	10001200 <alarm_pool_irq_handler+0x188>
10001366:	46c0      	nop			@ (mov r8, r8)
10001368:	20002520 	.word	0x20002520
1000136c:	4005703c 	.word	0x4005703c
10001370:	10001079 	.word	0x10001079
10001374:	40054000 	.word	0x40054000

10001378 <runtime_init_default_alarm_pool>:
10001378:	b570      	push	{r4, r5, r6, lr}
1000137a:	4c2e      	ldr	r4, [pc, #184]	@ (10001434 <runtime_init_default_alarm_pool+0xbc>)
1000137c:	6925      	ldr	r5, [r4, #16]
1000137e:	2d00      	cmp	r5, #0
10001380:	d004      	beq.n	1000138c <runtime_init_default_alarm_pool+0x14>
10001382:	210a      	movs	r1, #10
10001384:	482c      	ldr	r0, [pc, #176]	@ (10001438 <runtime_init_default_alarm_pool+0xc0>)
10001386:	f7ff fe09 	bl	10000f9c <lock_init>
1000138a:	bd70      	pop	{r4, r5, r6, pc}
1000138c:	4e2b      	ldr	r6, [pc, #172]	@ (1000143c <runtime_init_default_alarm_pool+0xc4>)
1000138e:	2103      	movs	r1, #3
10001390:	0030      	movs	r0, r6
10001392:	f000 faf5 	bl	10001980 <timer_hardware_alarm_claim>
10001396:	60e6      	str	r6, [r4, #12]
10001398:	f7ff fb0c 	bl	100009b4 <next_striped_spin_lock_num>
1000139c:	4b28      	ldr	r3, [pc, #160]	@ (10001440 <runtime_init_default_alarm_pool+0xc8>)
1000139e:	2203      	movs	r2, #3
100013a0:	469c      	mov	ip, r3
100013a2:	23d0      	movs	r3, #208	@ 0xd0
100013a4:	7022      	strb	r2, [r4, #0]
100013a6:	061b      	lsls	r3, r3, #24
100013a8:	681b      	ldr	r3, [r3, #0]
100013aa:	2101      	movs	r1, #1
100013ac:	7063      	strb	r3, [r4, #1]
100013ae:	4b25      	ldr	r3, [pc, #148]	@ (10001444 <runtime_init_default_alarm_pool+0xcc>)
100013b0:	4460      	add	r0, ip
100013b2:	60a3      	str	r3, [r4, #8]
100013b4:	230f      	movs	r3, #15
100013b6:	0080      	lsls	r0, r0, #2
100013b8:	6120      	str	r0, [r4, #16]
100013ba:	2002      	movs	r0, #2
100013bc:	8063      	strh	r3, [r4, #2]
100013be:	6963      	ldr	r3, [r4, #20]
100013c0:	4249      	negs	r1, r1
100013c2:	80a1      	strh	r1, [r4, #4]
100013c4:	8019      	strh	r1, [r3, #0]
100013c6:	3102      	adds	r1, #2
100013c8:	8619      	strh	r1, [r3, #48]	@ 0x30
100013ca:	3147      	adds	r1, #71	@ 0x47
100013cc:	831d      	strh	r5, [r3, #24]
100013ce:	5258      	strh	r0, [r3, r1]
100013d0:	3118      	adds	r1, #24
100013d2:	525a      	strh	r2, [r3, r1]
100013d4:	3275      	adds	r2, #117	@ 0x75
100013d6:	395c      	subs	r1, #92	@ 0x5c
100013d8:	5299      	strh	r1, [r3, r2]
100013da:	3218      	adds	r2, #24
100013dc:	3101      	adds	r1, #1
100013de:	5299      	strh	r1, [r3, r2]
100013e0:	3218      	adds	r2, #24
100013e2:	3101      	adds	r1, #1
100013e4:	5299      	strh	r1, [r3, r2]
100013e6:	3218      	adds	r2, #24
100013e8:	3101      	adds	r1, #1
100013ea:	5299      	strh	r1, [r3, r2]
100013ec:	3508      	adds	r5, #8
100013ee:	3218      	adds	r2, #24
100013f0:	529d      	strh	r5, [r3, r2]
100013f2:	3102      	adds	r1, #2
100013f4:	3218      	adds	r2, #24
100013f6:	5299      	strh	r1, [r3, r2]
100013f8:	3218      	adds	r2, #24
100013fa:	3101      	adds	r1, #1
100013fc:	5299      	strh	r1, [r3, r2]
100013fe:	3218      	adds	r2, #24
10001400:	3101      	adds	r1, #1
10001402:	5299      	strh	r1, [r3, r2]
10001404:	3218      	adds	r2, #24
10001406:	3101      	adds	r1, #1
10001408:	5299      	strh	r1, [r3, r2]
1000140a:	3218      	adds	r2, #24
1000140c:	3101      	adds	r1, #1
1000140e:	5299      	strh	r1, [r3, r2]
10001410:	3218      	adds	r2, #24
10001412:	3101      	adds	r1, #1
10001414:	5299      	strh	r1, [r3, r2]
10001416:	4b0c      	ldr	r3, [pc, #48]	@ (10001448 <runtime_init_default_alarm_pool+0xd0>)
10001418:	490c      	ldr	r1, [pc, #48]	@ (1000144c <runtime_init_default_alarm_pool+0xd4>)
1000141a:	60dc      	str	r4, [r3, #12]
1000141c:	3001      	adds	r0, #1
1000141e:	6235      	str	r5, [r6, #32]
10001420:	f7ff fb3e 	bl	10000aa0 <irq_set_exclusive_handler>
10001424:	2101      	movs	r1, #1
10001426:	2003      	movs	r0, #3
10001428:	f7ff fb02 	bl	10000a30 <irq_set_enabled>
1000142c:	4b08      	ldr	r3, [pc, #32]	@ (10001450 <runtime_init_default_alarm_pool+0xd8>)
1000142e:	601d      	str	r5, [r3, #0]
10001430:	e7a7      	b.n	10001382 <runtime_init_default_alarm_pool+0xa>
10001432:	46c0      	nop			@ (mov r8, r8)
10001434:	20001084 	.word	0x20001084
10001438:	20002544 	.word	0x20002544
1000143c:	40054000 	.word	0x40054000
10001440:	34000040 	.word	0x34000040
10001444:	0010ffff 	.word	0x0010ffff
10001448:	20002520 	.word	0x20002520
1000144c:	10001079 	.word	0x10001079
10001450:	40056038 	.word	0x40056038

10001454 <alarm_pool_get_default>:
10001454:	4800      	ldr	r0, [pc, #0]	@ (10001458 <alarm_pool_get_default+0x4>)
10001456:	4770      	bx	lr
10001458:	20001084 	.word	0x20001084

1000145c <alarm_pool_add_alarm_at>:
1000145c:	b5f8      	push	{r3, r4, r5, r6, r7, lr}
1000145e:	001f      	movs	r7, r3
10001460:	ab08      	add	r3, sp, #32
10001462:	781b      	ldrb	r3, [r3, #0]
10001464:	0004      	movs	r4, r0
10001466:	0016      	movs	r6, r2
10001468:	2b00      	cmp	r3, #0
1000146a:	d108      	bne.n	1000147e <alarm_pool_add_alarm_at+0x22>
1000146c:	f000 fa9a 	bl	100019a4 <time_us_64>
10001470:	0032      	movs	r2, r6
10001472:	003b      	movs	r3, r7
10001474:	1a12      	subs	r2, r2, r0
10001476:	418b      	sbcs	r3, r1
10001478:	2b00      	cmp	r3, #0
1000147a:	da00      	bge.n	1000147e <alarm_pool_add_alarm_at+0x22>
1000147c:	e052      	b.n	10001524 <alarm_pool_add_alarm_at+0xc8>
1000147e:	6922      	ldr	r2, [r4, #16]
10001480:	f3ef 8010 	mrs	r0, PRIMASK
10001484:	b672      	cpsid	i
10001486:	6813      	ldr	r3, [r2, #0]
10001488:	2b00      	cmp	r3, #0
1000148a:	d0fc      	beq.n	10001486 <alarm_pool_add_alarm_at+0x2a>
1000148c:	f3bf 8f5f 	dmb	sy
10001490:	2302      	movs	r3, #2
10001492:	5ee1      	ldrsh	r1, [r4, r3]
10001494:	6963      	ldr	r3, [r4, #20]
10001496:	004a      	lsls	r2, r1, #1
10001498:	1852      	adds	r2, r2, r1
1000149a:	00d2      	lsls	r2, r2, #3
1000149c:	189b      	adds	r3, r3, r2
1000149e:	6922      	ldr	r2, [r4, #16]
100014a0:	2900      	cmp	r1, #0
100014a2:	db36      	blt.n	10001512 <alarm_pool_add_alarm_at+0xb6>
100014a4:	881d      	ldrh	r5, [r3, #0]
100014a6:	8065      	strh	r5, [r4, #2]
100014a8:	f3bf 8f5f 	dmb	sy
100014ac:	2500      	movs	r5, #0
100014ae:	6015      	str	r5, [r2, #0]
100014b0:	f380 8810 	msr	PRIMASK, r0
100014b4:	9a06      	ldr	r2, [sp, #24]
100014b6:	609e      	str	r6, [r3, #8]
100014b8:	60df      	str	r7, [r3, #12]
100014ba:	611a      	str	r2, [r3, #16]
100014bc:	9a07      	ldr	r2, [sp, #28]
100014be:	615a      	str	r2, [r3, #20]
100014c0:	885a      	ldrh	r2, [r3, #2]
100014c2:	3201      	adds	r2, #1
100014c4:	0452      	lsls	r2, r2, #17
100014c6:	0c52      	lsrs	r2, r2, #17
100014c8:	1c10      	adds	r0, r2, #0
100014ca:	2a00      	cmp	r2, #0
100014cc:	d01f      	beq.n	1000150e <alarm_pool_add_alarm_at+0xb2>
100014ce:	b282      	uxth	r2, r0
100014d0:	8058      	strh	r0, [r3, #2]
100014d2:	0408      	lsls	r0, r1, #16
100014d4:	4310      	orrs	r0, r2
100014d6:	6926      	ldr	r6, [r4, #16]
100014d8:	f3ef 8710 	mrs	r7, PRIMASK
100014dc:	b672      	cpsid	i
100014de:	6832      	ldr	r2, [r6, #0]
100014e0:	2a00      	cmp	r2, #0
100014e2:	d0fc      	beq.n	100014de <alarm_pool_add_alarm_at+0x82>
100014e4:	f3bf 8f5f 	dmb	sy
100014e8:	88a2      	ldrh	r2, [r4, #4]
100014ea:	801a      	strh	r2, [r3, #0]
100014ec:	80a1      	strh	r1, [r4, #4]
100014ee:	6923      	ldr	r3, [r4, #16]
100014f0:	f3bf 8f5f 	dmb	sy
100014f4:	2200      	movs	r2, #0
100014f6:	601a      	str	r2, [r3, #0]
100014f8:	f387 8810 	msr	PRIMASK, r7
100014fc:	490a      	ldr	r1, [pc, #40]	@ (10001528 <alarm_pool_add_alarm_at+0xcc>)
100014fe:	7823      	ldrb	r3, [r4, #0]
10001500:	468c      	mov	ip, r1
10001502:	3201      	adds	r2, #1
10001504:	409a      	lsls	r2, r3
10001506:	68e3      	ldr	r3, [r4, #12]
10001508:	4463      	add	r3, ip
1000150a:	601a      	str	r2, [r3, #0]
1000150c:	bdf8      	pop	{r3, r4, r5, r6, r7, pc}
1000150e:	2001      	movs	r0, #1
10001510:	e7dd      	b.n	100014ce <alarm_pool_add_alarm_at+0x72>
10001512:	f3bf 8f5f 	dmb	sy
10001516:	2300      	movs	r3, #0
10001518:	6013      	str	r3, [r2, #0]
1000151a:	f380 8810 	msr	PRIMASK, r0
1000151e:	2001      	movs	r0, #1
10001520:	4240      	negs	r0, r0
10001522:	e7f3      	b.n	1000150c <alarm_pool_add_alarm_at+0xb0>
10001524:	2000      	movs	r0, #0
10001526:	e7f1      	b.n	1000150c <alarm_pool_add_alarm_at+0xb0>
10001528:	0000203c 	.word	0x0000203c

1000152c <alarm_pool_add_alarm_at_force_in_context>:
1000152c:	b570      	push	{r4, r5, r6, lr}
1000152e:	0001      	movs	r1, r0
10001530:	6904      	ldr	r4, [r0, #16]
10001532:	f3ef 8c10 	mrs	ip, PRIMASK
10001536:	b672      	cpsid	i
10001538:	6820      	ldr	r0, [r4, #0]
1000153a:	2800      	cmp	r0, #0
1000153c:	d0fc      	beq.n	10001538 <alarm_pool_add_alarm_at_force_in_context+0xc>
1000153e:	f3bf 8f5f 	dmb	sy
10001542:	2002      	movs	r0, #2
10001544:	5e0d      	ldrsh	r5, [r1, r0]
10001546:	694c      	ldr	r4, [r1, #20]
10001548:	0068      	lsls	r0, r5, #1
1000154a:	1940      	adds	r0, r0, r5
1000154c:	00c0      	lsls	r0, r0, #3
1000154e:	1824      	adds	r4, r4, r0
10001550:	6908      	ldr	r0, [r1, #16]
10001552:	2d00      	cmp	r5, #0
10001554:	db36      	blt.n	100015c4 <alarm_pool_add_alarm_at_force_in_context+0x98>
10001556:	8826      	ldrh	r6, [r4, #0]
10001558:	804e      	strh	r6, [r1, #2]
1000155a:	f3bf 8f5f 	dmb	sy
1000155e:	2600      	movs	r6, #0
10001560:	6006      	str	r6, [r0, #0]
10001562:	f38c 8810 	msr	PRIMASK, ip
10001566:	60e3      	str	r3, [r4, #12]
10001568:	8863      	ldrh	r3, [r4, #2]
1000156a:	9804      	ldr	r0, [sp, #16]
1000156c:	3301      	adds	r3, #1
1000156e:	6120      	str	r0, [r4, #16]
10001570:	045b      	lsls	r3, r3, #17
10001572:	9805      	ldr	r0, [sp, #20]
10001574:	0c5b      	lsrs	r3, r3, #17
10001576:	60a2      	str	r2, [r4, #8]
10001578:	6160      	str	r0, [r4, #20]
1000157a:	1c1a      	adds	r2, r3, #0
1000157c:	2b00      	cmp	r3, #0
1000157e:	d01f      	beq.n	100015c0 <alarm_pool_add_alarm_at_force_in_context+0x94>
10001580:	b293      	uxth	r3, r2
10001582:	0428      	lsls	r0, r5, #16
10001584:	8062      	strh	r2, [r4, #2]
10001586:	4318      	orrs	r0, r3
10001588:	690a      	ldr	r2, [r1, #16]
1000158a:	f3ef 8c10 	mrs	ip, PRIMASK
1000158e:	b672      	cpsid	i
10001590:	6813      	ldr	r3, [r2, #0]
10001592:	2b00      	cmp	r3, #0
10001594:	d0fc      	beq.n	10001590 <alarm_pool_add_alarm_at_force_in_context+0x64>
10001596:	f3bf 8f5f 	dmb	sy
1000159a:	888b      	ldrh	r3, [r1, #4]
1000159c:	8023      	strh	r3, [r4, #0]
1000159e:	808d      	strh	r5, [r1, #4]
100015a0:	690b      	ldr	r3, [r1, #16]
100015a2:	f3bf 8f5f 	dmb	sy
100015a6:	2200      	movs	r2, #0
100015a8:	601a      	str	r2, [r3, #0]
100015aa:	f38c 8810 	msr	PRIMASK, ip
100015ae:	780b      	ldrb	r3, [r1, #0]
100015b0:	3201      	adds	r2, #1
100015b2:	409a      	lsls	r2, r3
100015b4:	68cb      	ldr	r3, [r1, #12]
100015b6:	4908      	ldr	r1, [pc, #32]	@ (100015d8 <alarm_pool_add_alarm_at_force_in_context+0xac>)
100015b8:	468c      	mov	ip, r1
100015ba:	4463      	add	r3, ip
100015bc:	601a      	str	r2, [r3, #0]
100015be:	bd70      	pop	{r4, r5, r6, pc}
100015c0:	2201      	movs	r2, #1
100015c2:	e7dd      	b.n	10001580 <alarm_pool_add_alarm_at_force_in_context+0x54>
100015c4:	f3bf 8f5f 	dmb	sy
100015c8:	2300      	movs	r3, #0
100015ca:	6003      	str	r3, [r0, #0]
100015cc:	f38c 8810 	msr	PRIMASK, ip
100015d0:	2001      	movs	r0, #1
100015d2:	4240      	negs	r0, r0
100015d4:	e7f3      	b.n	100015be <alarm_pool_add_alarm_at_force_in_context+0x92>
100015d6:	46c0      	nop			@ (mov r8, r8)
100015d8:	0000203c 	.word	0x0000203c

100015dc <alarm_pool_cancel_alarm>:
100015dc:	b510      	push	{r4, lr}
100015de:	8943      	ldrh	r3, [r0, #10]
100015e0:	140a      	asrs	r2, r1, #16
100015e2:	4293      	cmp	r3, r2
100015e4:	dd1a      	ble.n	1000161c <alarm_pool_cancel_alarm+0x40>
100015e6:	0053      	lsls	r3, r2, #1
100015e8:	189b      	adds	r3, r3, r2
100015ea:	6942      	ldr	r2, [r0, #20]
100015ec:	00db      	lsls	r3, r3, #3
100015ee:	18d3      	adds	r3, r2, r3
100015f0:	6904      	ldr	r4, [r0, #16]
100015f2:	f3ef 8c10 	mrs	ip, PRIMASK
100015f6:	b672      	cpsid	i
100015f8:	6822      	ldr	r2, [r4, #0]
100015fa:	2a00      	cmp	r2, #0
100015fc:	d0fc      	beq.n	100015f8 <alarm_pool_cancel_alarm+0x1c>
100015fe:	f3bf 8f5f 	dmb	sy
10001602:	885a      	ldrh	r2, [r3, #2]
10001604:	0409      	lsls	r1, r1, #16
10001606:	b294      	uxth	r4, r2
10001608:	0c09      	lsrs	r1, r1, #16
1000160a:	428a      	cmp	r2, r1
1000160c:	d008      	beq.n	10001620 <alarm_pool_cancel_alarm+0x44>
1000160e:	6903      	ldr	r3, [r0, #16]
10001610:	f3bf 8f5f 	dmb	sy
10001614:	2200      	movs	r2, #0
10001616:	601a      	str	r2, [r3, #0]
10001618:	f38c 8810 	msr	PRIMASK, ip
1000161c:	2000      	movs	r0, #0
1000161e:	bd10      	pop	{r4, pc}
10001620:	2280      	movs	r2, #128	@ 0x80
10001622:	0212      	lsls	r2, r2, #8
10001624:	4314      	orrs	r4, r2
10001626:	805c      	strh	r4, [r3, #2]
10001628:	2301      	movs	r3, #1
1000162a:	6902      	ldr	r2, [r0, #16]
1000162c:	7183      	strb	r3, [r0, #6]
1000162e:	f3bf 8f5f 	dmb	sy
10001632:	2100      	movs	r1, #0
10001634:	6011      	str	r1, [r2, #0]
10001636:	f38c 8810 	msr	PRIMASK, ip
1000163a:	4904      	ldr	r1, [pc, #16]	@ (1000164c <alarm_pool_cancel_alarm+0x70>)
1000163c:	7802      	ldrb	r2, [r0, #0]
1000163e:	468c      	mov	ip, r1
10001640:	4093      	lsls	r3, r2
10001642:	68c2      	ldr	r2, [r0, #12]
10001644:	2001      	movs	r0, #1
10001646:	4462      	add	r2, ip
10001648:	6013      	str	r3, [r2, #0]
1000164a:	e7e8      	b.n	1000161e <alarm_pool_cancel_alarm+0x42>
1000164c:	0000203c 	.word	0x0000203c

10001650 <alarm_pool_core_num>:
10001650:	7840      	ldrb	r0, [r0, #1]
10001652:	4770      	bx	lr

10001654 <sleep_ms>:
10001654:	b5f0      	push	{r4, r5, r6, r7, lr}
10001656:	46c6      	mov	lr, r8
10001658:	b500      	push	{lr}
1000165a:	b082      	sub	sp, #8
1000165c:	0004      	movs	r4, r0
1000165e:	f000 f9a1 	bl	100019a4 <time_us_64>
10001662:	22fa      	movs	r2, #250	@ 0xfa
10001664:	0006      	movs	r6, r0
10001666:	000f      	movs	r7, r1
10001668:	0020      	movs	r0, r4
1000166a:	2300      	movs	r3, #0
1000166c:	2100      	movs	r1, #0
1000166e:	0092      	lsls	r2, r2, #2
10001670:	f001 fd6c 	bl	1000314c <__wrap___aeabi_lmul>
10001674:	1980      	adds	r0, r0, r6
10001676:	4179      	adcs	r1, r7
10001678:	0004      	movs	r4, r0
1000167a:	1e0d      	subs	r5, r1, #0
1000167c:	da02      	bge.n	10001684 <sleep_ms+0x30>
1000167e:	2401      	movs	r4, #1
10001680:	4d2e      	ldr	r5, [pc, #184]	@ (1000173c <sleep_ms+0xe8>)
10001682:	4264      	negs	r4, r4
10001684:	2606      	movs	r6, #6
10001686:	4276      	negs	r6, r6
10001688:	17f7      	asrs	r7, r6, #31
1000168a:	1936      	adds	r6, r6, r4
1000168c:	416f      	adcs	r7, r5
1000168e:	42af      	cmp	r7, r5
10001690:	d814      	bhi.n	100016bc <sleep_ms+0x68>
10001692:	d011      	beq.n	100016b8 <sleep_ms+0x64>
10001694:	f000 f986 	bl	100019a4 <time_us_64>
10001698:	0032      	movs	r2, r6
1000169a:	003b      	movs	r3, r7
1000169c:	1a12      	subs	r2, r2, r0
1000169e:	418b      	sbcs	r3, r1
100016a0:	2b00      	cmp	r3, #0
100016a2:	dc15      	bgt.n	100016d0 <sleep_ms+0x7c>
100016a4:	2b00      	cmp	r3, #0
100016a6:	d046      	beq.n	10001736 <sleep_ms+0xe2>
100016a8:	0020      	movs	r0, r4
100016aa:	0029      	movs	r1, r5
100016ac:	f000 f9b8 	bl	10001a20 <busy_wait_until>
100016b0:	b002      	add	sp, #8
100016b2:	bc80      	pop	{r7}
100016b4:	46b8      	mov	r8, r7
100016b6:	bdf0      	pop	{r4, r5, r6, r7, pc}
100016b8:	42a6      	cmp	r6, r4
100016ba:	d9eb      	bls.n	10001694 <sleep_ms+0x40>
100016bc:	2600      	movs	r6, #0
100016be:	2700      	movs	r7, #0
100016c0:	f000 f970 	bl	100019a4 <time_us_64>
100016c4:	0032      	movs	r2, r6
100016c6:	003b      	movs	r3, r7
100016c8:	1a12      	subs	r2, r2, r0
100016ca:	418b      	sbcs	r3, r1
100016cc:	2b00      	cmp	r3, #0
100016ce:	dde9      	ble.n	100016a4 <sleep_ms+0x50>
100016d0:	f000 f968 	bl	100019a4 <time_us_64>
100016d4:	0032      	movs	r2, r6
100016d6:	003b      	movs	r3, r7
100016d8:	1a12      	subs	r2, r2, r0
100016da:	418b      	sbcs	r3, r1
100016dc:	2b00      	cmp	r3, #0
100016de:	db0a      	blt.n	100016f6 <sleep_ms+0xa2>
100016e0:	2300      	movs	r3, #0
100016e2:	9301      	str	r3, [sp, #4]
100016e4:	4b16      	ldr	r3, [pc, #88]	@ (10001740 <sleep_ms+0xec>)
100016e6:	0032      	movs	r2, r6
100016e8:	9300      	str	r3, [sp, #0]
100016ea:	4816      	ldr	r0, [pc, #88]	@ (10001744 <sleep_ms+0xf0>)
100016ec:	003b      	movs	r3, r7
100016ee:	f7ff ff1d 	bl	1000152c <alarm_pool_add_alarm_at_force_in_context>
100016f2:	3001      	adds	r0, #1
100016f4:	d0d8      	beq.n	100016a8 <sleep_ms+0x54>
100016f6:	2300      	movs	r3, #0
100016f8:	0039      	movs	r1, r7
100016fa:	46b0      	mov	r8, r6
100016fc:	469c      	mov	ip, r3
100016fe:	4a12      	ldr	r2, [pc, #72]	@ (10001748 <sleep_ms+0xf4>)
10001700:	4812      	ldr	r0, [pc, #72]	@ (1000174c <sleep_ms+0xf8>)
10001702:	6a53      	ldr	r3, [r2, #36]	@ 0x24
10001704:	4299      	cmp	r1, r3
10001706:	d804      	bhi.n	10001712 <sleep_ms+0xbe>
10001708:	6a96      	ldr	r6, [r2, #40]	@ 0x28
1000170a:	4546      	cmp	r6, r8
1000170c:	d2cc      	bcs.n	100016a8 <sleep_ms+0x54>
1000170e:	4299      	cmp	r1, r3
10001710:	d1ca      	bne.n	100016a8 <sleep_ms+0x54>
10001712:	6806      	ldr	r6, [r0, #0]
10001714:	f3ef 8710 	mrs	r7, PRIMASK
10001718:	b672      	cpsid	i
1000171a:	6833      	ldr	r3, [r6, #0]
1000171c:	2b00      	cmp	r3, #0
1000171e:	d0fc      	beq.n	1000171a <sleep_ms+0xc6>
10001720:	f3bf 8f5f 	dmb	sy
10001724:	6803      	ldr	r3, [r0, #0]
10001726:	f3bf 8f5f 	dmb	sy
1000172a:	4666      	mov	r6, ip
1000172c:	601e      	str	r6, [r3, #0]
1000172e:	f387 8810 	msr	PRIMASK, r7
10001732:	bf20      	wfe
10001734:	e7e5      	b.n	10001702 <sleep_ms+0xae>
10001736:	2a00      	cmp	r2, #0
10001738:	d0b6      	beq.n	100016a8 <sleep_ms+0x54>
1000173a:	e7c9      	b.n	100016d0 <sleep_ms+0x7c>
1000173c:	7fffffff 	.word	0x7fffffff
10001740:	10001049 	.word	0x10001049
10001744:	20001084 	.word	0x20001084
10001748:	40054000 	.word	0x40054000
1000174c:	20002544 	.word	0x20002544

10001750 <best_effort_wfe_or_timeout>:
10001750:	b5f0      	push	{r4, r5, r6, r7, lr}
10001752:	4657      	mov	r7, sl
10001754:	464e      	mov	r6, r9
10001756:	46de      	mov	lr, fp
10001758:	4645      	mov	r5, r8
1000175a:	b5e0      	push	{r5, r6, r7, lr}
1000175c:	0006      	movs	r6, r0
1000175e:	000f      	movs	r7, r1
10001760:	b085      	sub	sp, #20
10001762:	f3ef 8305 	mrs	r3, IPSR
10001766:	4699      	mov	r9, r3
10001768:	468b      	mov	fp, r1
1000176a:	2b00      	cmp	r3, #0
1000176c:	d012      	beq.n	10001794 <best_effort_wfe_or_timeout+0x44>
1000176e:	4938      	ldr	r1, [pc, #224]	@ (10001850 <best_effort_wfe_or_timeout+0x100>)
10001770:	2000      	movs	r0, #0
10001772:	6a4b      	ldr	r3, [r1, #36]	@ 0x24
10001774:	42bb      	cmp	r3, r7
10001776:	d306      	bcc.n	10001786 <best_effort_wfe_or_timeout+0x36>
10001778:	6a8a      	ldr	r2, [r1, #40]	@ 0x28
1000177a:	1bdb      	subs	r3, r3, r7
1000177c:	1e59      	subs	r1, r3, #1
1000177e:	418b      	sbcs	r3, r1
10001780:	42b2      	cmp	r2, r6
10001782:	4140      	adcs	r0, r0
10001784:	4318      	orrs	r0, r3
10001786:	b005      	add	sp, #20
10001788:	bcf0      	pop	{r4, r5, r6, r7}
1000178a:	46bb      	mov	fp, r7
1000178c:	46b2      	mov	sl, r6
1000178e:	46a9      	mov	r9, r5
10001790:	46a0      	mov	r8, r4
10001792:	bdf0      	pop	{r4, r5, r6, r7, pc}
10001794:	4b2f      	ldr	r3, [pc, #188]	@ (10001854 <best_effort_wfe_or_timeout+0x104>)
10001796:	469a      	mov	sl, r3
10001798:	68db      	ldr	r3, [r3, #12]
1000179a:	4698      	mov	r8, r3
1000179c:	4653      	mov	r3, sl
1000179e:	781b      	ldrb	r3, [r3, #0]
100017a0:	4640      	mov	r0, r8
100017a2:	9303      	str	r3, [sp, #12]
100017a4:	f000 f8f6 	bl	10001994 <timer_time_us_64>
100017a8:	4642      	mov	r2, r8
100017aa:	9b03      	ldr	r3, [sp, #12]
100017ac:	0004      	movs	r4, r0
100017ae:	3304      	adds	r3, #4
100017b0:	009b      	lsls	r3, r3, #2
100017b2:	589b      	ldr	r3, [r3, r2]
100017b4:	000d      	movs	r5, r1
100017b6:	1a1b      	subs	r3, r3, r0
100017b8:	0039      	movs	r1, r7
100017ba:	0030      	movs	r0, r6
100017bc:	1b00      	subs	r0, r0, r4
100017be:	41a9      	sbcs	r1, r5
100017c0:	4589      	cmp	r9, r1
100017c2:	dc10      	bgt.n	100017e6 <best_effort_wfe_or_timeout+0x96>
100017c4:	d00d      	beq.n	100017e2 <best_effort_wfe_or_timeout+0x92>
100017c6:	bf20      	wfe
100017c8:	4a21      	ldr	r2, [pc, #132]	@ (10001850 <best_effort_wfe_or_timeout+0x100>)
100017ca:	2000      	movs	r0, #0
100017cc:	6a53      	ldr	r3, [r2, #36]	@ 0x24
100017ce:	455b      	cmp	r3, fp
100017d0:	d3d9      	bcc.n	10001786 <best_effort_wfe_or_timeout+0x36>
100017d2:	6a92      	ldr	r2, [r2, #40]	@ 0x28
100017d4:	1bdb      	subs	r3, r3, r7
100017d6:	1e59      	subs	r1, r3, #1
100017d8:	418b      	sbcs	r3, r1
100017da:	42b2      	cmp	r2, r6
100017dc:	4140      	adcs	r0, r0
100017de:	4318      	orrs	r0, r3
100017e0:	e7d1      	b.n	10001786 <best_effort_wfe_or_timeout+0x36>
100017e2:	4283      	cmp	r3, r0
100017e4:	d9ef      	bls.n	100017c6 <best_effort_wfe_or_timeout+0x76>
100017e6:	f000 f8dd 	bl	100019a4 <time_us_64>
100017ea:	0032      	movs	r2, r6
100017ec:	003b      	movs	r3, r7
100017ee:	1a12      	subs	r2, r2, r0
100017f0:	418b      	sbcs	r3, r1
100017f2:	2b00      	cmp	r3, #0
100017f4:	db1a      	blt.n	1000182c <best_effort_wfe_or_timeout+0xdc>
100017f6:	2300      	movs	r3, #0
100017f8:	9301      	str	r3, [sp, #4]
100017fa:	4b17      	ldr	r3, [pc, #92]	@ (10001858 <best_effort_wfe_or_timeout+0x108>)
100017fc:	0032      	movs	r2, r6
100017fe:	9300      	str	r3, [sp, #0]
10001800:	4650      	mov	r0, sl
10001802:	003b      	movs	r3, r7
10001804:	f7ff fe92 	bl	1000152c <alarm_pool_add_alarm_at_force_in_context>
10001808:	1e01      	subs	r1, r0, #0
1000180a:	dd0f      	ble.n	1000182c <best_effort_wfe_or_timeout+0xdc>
1000180c:	4b10      	ldr	r3, [pc, #64]	@ (10001850 <best_effort_wfe_or_timeout+0x100>)
1000180e:	6a5a      	ldr	r2, [r3, #36]	@ 0x24
10001810:	455a      	cmp	r2, fp
10001812:	d31b      	bcc.n	1000184c <best_effort_wfe_or_timeout+0xfc>
10001814:	6a9b      	ldr	r3, [r3, #40]	@ 0x28
10001816:	42b3      	cmp	r3, r6
10001818:	d316      	bcc.n	10001848 <best_effort_wfe_or_timeout+0xf8>
1000181a:	4650      	mov	r0, sl
1000181c:	f7ff fede 	bl	100015dc <alarm_pool_cancel_alarm>
10001820:	4a0b      	ldr	r2, [pc, #44]	@ (10001850 <best_effort_wfe_or_timeout+0x100>)
10001822:	2000      	movs	r0, #0
10001824:	6a53      	ldr	r3, [r2, #36]	@ 0x24
10001826:	455b      	cmp	r3, fp
10001828:	d3ad      	bcc.n	10001786 <best_effort_wfe_or_timeout+0x36>
1000182a:	e7d2      	b.n	100017d2 <best_effort_wfe_or_timeout+0x82>
1000182c:	4a08      	ldr	r2, [pc, #32]	@ (10001850 <best_effort_wfe_or_timeout+0x100>)
1000182e:	2000      	movs	r0, #0
10001830:	6a53      	ldr	r3, [r2, #36]	@ 0x24
10001832:	455b      	cmp	r3, fp
10001834:	d3a7      	bcc.n	10001786 <best_effort_wfe_or_timeout+0x36>
10001836:	2000      	movs	r0, #0
10001838:	6a92      	ldr	r2, [r2, #40]	@ 0x28
1000183a:	1bdb      	subs	r3, r3, r7
1000183c:	42b2      	cmp	r2, r6
1000183e:	4140      	adcs	r0, r0
10001840:	1e5a      	subs	r2, r3, #1
10001842:	4193      	sbcs	r3, r2
10001844:	4318      	orrs	r0, r3
10001846:	e79e      	b.n	10001786 <best_effort_wfe_or_timeout+0x36>
10001848:	455a      	cmp	r2, fp
1000184a:	d1e6      	bne.n	1000181a <best_effort_wfe_or_timeout+0xca>
1000184c:	bf20      	wfe
1000184e:	e7e4      	b.n	1000181a <best_effort_wfe_or_timeout+0xca>
10001850:	40054000 	.word	0x40054000
10001854:	20001084 	.word	0x20001084
10001858:	10001049 	.word	0x10001049

1000185c <alarm_pool_add_repeating_timer_us>:
1000185c:	b5f0      	push	{r4, r5, r6, r7, lr}
1000185e:	46ce      	mov	lr, r9
10001860:	4647      	mov	r7, r8
10001862:	0011      	movs	r1, r2
10001864:	b580      	push	{r7, lr}
10001866:	b083      	sub	sp, #12
10001868:	0004      	movs	r4, r0
1000186a:	469c      	mov	ip, r3
1000186c:	9d0c      	ldr	r5, [sp, #48]	@ 0x30
1000186e:	4319      	orrs	r1, r3
10001870:	d100      	bne.n	10001874 <alarm_pool_add_repeating_timer_us+0x18>
10001872:	e06c      	b.n	1000194e <alarm_pool_add_repeating_timer_us+0xf2>
10001874:	4661      	mov	r1, ip
10001876:	17db      	asrs	r3, r3, #31
10001878:	9301      	str	r3, [sp, #4]
1000187a:	9300      	str	r3, [sp, #0]
1000187c:	4053      	eors	r3, r2
1000187e:	001e      	movs	r6, r3
10001880:	9b01      	ldr	r3, [sp, #4]
10001882:	404b      	eors	r3, r1
10001884:	001f      	movs	r7, r3
10001886:	9800      	ldr	r0, [sp, #0]
10001888:	9901      	ldr	r1, [sp, #4]
1000188a:	1a36      	subs	r6, r6, r0
1000188c:	418f      	sbcs	r7, r1
1000188e:	4663      	mov	r3, ip
10001890:	990a      	ldr	r1, [sp, #40]	@ 0x28
10001892:	606b      	str	r3, [r5, #4]
10001894:	9b0b      	ldr	r3, [sp, #44]	@ 0x2c
10001896:	60ac      	str	r4, [r5, #8]
10001898:	6129      	str	r1, [r5, #16]
1000189a:	602a      	str	r2, [r5, #0]
1000189c:	616b      	str	r3, [r5, #20]
1000189e:	f000 f881 	bl	100019a4 <time_us_64>
100018a2:	1980      	adds	r0, r0, r6
100018a4:	4179      	adcs	r1, r7
100018a6:	2900      	cmp	r1, #0
100018a8:	da02      	bge.n	100018b0 <alarm_pool_add_repeating_timer_us+0x54>
100018aa:	2001      	movs	r0, #1
100018ac:	4931      	ldr	r1, [pc, #196]	@ (10001974 <alarm_pool_add_repeating_timer_us+0x118>)
100018ae:	4240      	negs	r0, r0
100018b0:	6922      	ldr	r2, [r4, #16]
100018b2:	f3ef 8910 	mrs	r9, PRIMASK
100018b6:	b672      	cpsid	i
100018b8:	6813      	ldr	r3, [r2, #0]
100018ba:	2b00      	cmp	r3, #0
100018bc:	d0fc      	beq.n	100018b8 <alarm_pool_add_repeating_timer_us+0x5c>
100018be:	f3bf 8f5f 	dmb	sy
100018c2:	2302      	movs	r3, #2
100018c4:	5ee6      	ldrsh	r6, [r4, r3]
100018c6:	6963      	ldr	r3, [r4, #20]
100018c8:	0072      	lsls	r2, r6, #1
100018ca:	1992      	adds	r2, r2, r6
100018cc:	00d2      	lsls	r2, r2, #3
100018ce:	189b      	adds	r3, r3, r2
100018d0:	6922      	ldr	r2, [r4, #16]
100018d2:	4690      	mov	r8, r2
100018d4:	2e00      	cmp	r6, #0
100018d6:	db42      	blt.n	1000195e <alarm_pool_add_repeating_timer_us+0x102>
100018d8:	881a      	ldrh	r2, [r3, #0]
100018da:	8062      	strh	r2, [r4, #2]
100018dc:	f3bf 8f5f 	dmb	sy
100018e0:	2200      	movs	r2, #0
100018e2:	4647      	mov	r7, r8
100018e4:	603a      	str	r2, [r7, #0]
100018e6:	f389 8810 	msr	PRIMASK, r9
100018ea:	4a23      	ldr	r2, [pc, #140]	@ (10001978 <alarm_pool_add_repeating_timer_us+0x11c>)
100018ec:	6098      	str	r0, [r3, #8]
100018ee:	60d9      	str	r1, [r3, #12]
100018f0:	611a      	str	r2, [r3, #16]
100018f2:	885a      	ldrh	r2, [r3, #2]
100018f4:	615d      	str	r5, [r3, #20]
100018f6:	3201      	adds	r2, #1
100018f8:	0452      	lsls	r2, r2, #17
100018fa:	0c52      	lsrs	r2, r2, #17
100018fc:	1c11      	adds	r1, r2, #0
100018fe:	2a00      	cmp	r2, #0
10001900:	d02b      	beq.n	1000195a <alarm_pool_add_repeating_timer_us+0xfe>
10001902:	b288      	uxth	r0, r1
10001904:	0432      	lsls	r2, r6, #16
10001906:	4302      	orrs	r2, r0
10001908:	8059      	strh	r1, [r3, #2]
1000190a:	6920      	ldr	r0, [r4, #16]
1000190c:	f3ef 8710 	mrs	r7, PRIMASK
10001910:	b672      	cpsid	i
10001912:	6801      	ldr	r1, [r0, #0]
10001914:	2900      	cmp	r1, #0
10001916:	d0fc      	beq.n	10001912 <alarm_pool_add_repeating_timer_us+0xb6>
10001918:	f3bf 8f5f 	dmb	sy
1000191c:	88a1      	ldrh	r1, [r4, #4]
1000191e:	8019      	strh	r1, [r3, #0]
10001920:	80a6      	strh	r6, [r4, #4]
10001922:	6923      	ldr	r3, [r4, #16]
10001924:	f3bf 8f5f 	dmb	sy
10001928:	2100      	movs	r1, #0
1000192a:	6019      	str	r1, [r3, #0]
1000192c:	f387 8810 	msr	PRIMASK, r7
10001930:	4812      	ldr	r0, [pc, #72]	@ (1000197c <alarm_pool_add_repeating_timer_us+0x120>)
10001932:	7823      	ldrb	r3, [r4, #0]
10001934:	4684      	mov	ip, r0
10001936:	3101      	adds	r1, #1
10001938:	4099      	lsls	r1, r3
1000193a:	2001      	movs	r0, #1
1000193c:	68e3      	ldr	r3, [r4, #12]
1000193e:	4463      	add	r3, ip
10001940:	6019      	str	r1, [r3, #0]
10001942:	60ea      	str	r2, [r5, #12]
10001944:	b003      	add	sp, #12
10001946:	bcc0      	pop	{r6, r7}
10001948:	46b9      	mov	r9, r7
1000194a:	46b0      	mov	r8, r6
1000194c:	bdf0      	pop	{r4, r5, r6, r7, pc}
1000194e:	2300      	movs	r3, #0
10001950:	2601      	movs	r6, #1
10001952:	2700      	movs	r7, #0
10001954:	2201      	movs	r2, #1
10001956:	469c      	mov	ip, r3
10001958:	e799      	b.n	1000188e <alarm_pool_add_repeating_timer_us+0x32>
1000195a:	2101      	movs	r1, #1
1000195c:	e7d1      	b.n	10001902 <alarm_pool_add_repeating_timer_us+0xa6>
1000195e:	f3bf 8f5f 	dmb	sy
10001962:	2300      	movs	r3, #0
10001964:	6013      	str	r3, [r2, #0]
10001966:	f389 8810 	msr	PRIMASK, r9
1000196a:	2201      	movs	r2, #1
1000196c:	2000      	movs	r0, #0
1000196e:	4252      	negs	r2, r2
10001970:	e7e7      	b.n	10001942 <alarm_pool_add_repeating_timer_us+0xe6>
10001972:	46c0      	nop			@ (mov r8, r8)
10001974:	7fffffff 	.word	0x7fffffff
10001978:	10001079 	.word	0x10001079
1000197c:	0000203c 	.word	0x0000203c

10001980 <timer_hardware_alarm_claim>:
10001980:	b510      	push	{r4, lr}
10001982:	4a02      	ldr	r2, [pc, #8]	@ (1000198c <timer_hardware_alarm_claim+0xc>)
10001984:	4802      	ldr	r0, [pc, #8]	@ (10001990 <timer_hardware_alarm_claim+0x10>)
10001986:	f7fe ffaf 	bl	100008e8 <hw_claim_or_assert>
1000198a:	bd10      	pop	{r4, pc}
1000198c:	1000897c 	.word	0x1000897c
10001990:	20002084 	.word	0x20002084

10001994 <timer_time_us_64>:
10001994:	0003      	movs	r3, r0
10001996:	6a41      	ldr	r1, [r0, #36]	@ 0x24
10001998:	000a      	movs	r2, r1
1000199a:	6a98      	ldr	r0, [r3, #40]	@ 0x28
1000199c:	6a59      	ldr	r1, [r3, #36]	@ 0x24
1000199e:	428a      	cmp	r2, r1
100019a0:	d1fa      	bne.n	10001998 <timer_time_us_64+0x4>
100019a2:	4770      	bx	lr

100019a4 <time_us_64>:
100019a4:	4b03      	ldr	r3, [pc, #12]	@ (100019b4 <time_us_64+0x10>)
100019a6:	6a59      	ldr	r1, [r3, #36]	@ 0x24
100019a8:	000a      	movs	r2, r1
100019aa:	6a98      	ldr	r0, [r3, #40]	@ 0x28
100019ac:	6a59      	ldr	r1, [r3, #36]	@ 0x24
100019ae:	4291      	cmp	r1, r2
100019b0:	d1fa      	bne.n	100019a8 <time_us_64+0x4>
100019b2:	4770      	bx	lr
100019b4:	40054000 	.word	0x40054000

100019b8 <busy_wait_us>:
100019b8:	b570      	push	{r4, r5, r6, lr}
100019ba:	0004      	movs	r4, r0
100019bc:	000d      	movs	r5, r1
100019be:	4a17      	ldr	r2, [pc, #92]	@ (10001a1c <busy_wait_us+0x64>)
100019c0:	6a53      	ldr	r3, [r2, #36]	@ 0x24
100019c2:	0019      	movs	r1, r3
100019c4:	6a96      	ldr	r6, [r2, #40]	@ 0x28
100019c6:	6a53      	ldr	r3, [r2, #36]	@ 0x24
100019c8:	428b      	cmp	r3, r1
100019ca:	d1fa      	bne.n	100019c2 <busy_wait_us+0xa>
100019cc:	0030      	movs	r0, r6
100019ce:	0019      	movs	r1, r3
100019d0:	1824      	adds	r4, r4, r0
100019d2:	414d      	adcs	r5, r1
100019d4:	42ab      	cmp	r3, r5
100019d6:	d816      	bhi.n	10001a06 <busy_wait_us+0x4e>
100019d8:	d013      	beq.n	10001a02 <busy_wait_us+0x4a>
100019da:	4b10      	ldr	r3, [pc, #64]	@ (10001a1c <busy_wait_us+0x64>)
100019dc:	002a      	movs	r2, r5
100019de:	6a5b      	ldr	r3, [r3, #36]	@ 0x24
100019e0:	429d      	cmp	r5, r3
100019e2:	d903      	bls.n	100019ec <busy_wait_us+0x34>
100019e4:	490d      	ldr	r1, [pc, #52]	@ (10001a1c <busy_wait_us+0x64>)
100019e6:	6a4b      	ldr	r3, [r1, #36]	@ 0x24
100019e8:	4293      	cmp	r3, r2
100019ea:	d3fc      	bcc.n	100019e6 <busy_wait_us+0x2e>
100019ec:	4293      	cmp	r3, r2
100019ee:	d107      	bne.n	10001a00 <busy_wait_us+0x48>
100019f0:	4a0a      	ldr	r2, [pc, #40]	@ (10001a1c <busy_wait_us+0x64>)
100019f2:	e002      	b.n	100019fa <busy_wait_us+0x42>
100019f4:	6a51      	ldr	r1, [r2, #36]	@ 0x24
100019f6:	4299      	cmp	r1, r3
100019f8:	d102      	bne.n	10001a00 <busy_wait_us+0x48>
100019fa:	6a91      	ldr	r1, [r2, #40]	@ 0x28
100019fc:	42a1      	cmp	r1, r4
100019fe:	d3f9      	bcc.n	100019f4 <busy_wait_us+0x3c>
10001a00:	bd70      	pop	{r4, r5, r6, pc}
10001a02:	42a6      	cmp	r6, r4
10001a04:	d9e9      	bls.n	100019da <busy_wait_us+0x22>
10001a06:	4b05      	ldr	r3, [pc, #20]	@ (10001a1c <busy_wait_us+0x64>)
10001a08:	6a5b      	ldr	r3, [r3, #36]	@ 0x24
10001a0a:	001c      	movs	r4, r3
10001a0c:	1c5a      	adds	r2, r3, #1
10001a0e:	d0ef      	beq.n	100019f0 <busy_wait_us+0x38>
10001a10:	2201      	movs	r2, #1
10001a12:	2401      	movs	r4, #1
10001a14:	4264      	negs	r4, r4
10001a16:	17e5      	asrs	r5, r4, #31
10001a18:	4252      	negs	r2, r2
10001a1a:	e7e3      	b.n	100019e4 <busy_wait_us+0x2c>
10001a1c:	40054000 	.word	0x40054000

10001a20 <busy_wait_until>:
10001a20:	4a06      	ldr	r2, [pc, #24]	@ (10001a3c <busy_wait_until+0x1c>)
10001a22:	6a53      	ldr	r3, [r2, #36]	@ 0x24
10001a24:	4299      	cmp	r1, r3
10001a26:	d8fc      	bhi.n	10001a22 <busy_wait_until+0x2>
10001a28:	d107      	bne.n	10001a3a <busy_wait_until+0x1a>
10001a2a:	4b04      	ldr	r3, [pc, #16]	@ (10001a3c <busy_wait_until+0x1c>)
10001a2c:	e002      	b.n	10001a34 <busy_wait_until+0x14>
10001a2e:	6a5a      	ldr	r2, [r3, #36]	@ 0x24
10001a30:	4291      	cmp	r1, r2
10001a32:	d102      	bne.n	10001a3a <busy_wait_until+0x1a>
10001a34:	6a9a      	ldr	r2, [r3, #40]	@ 0x28
10001a36:	4290      	cmp	r0, r2
10001a38:	d8f9      	bhi.n	10001a2e <busy_wait_until+0xe>
10001a3a:	4770      	bx	lr
10001a3c:	40054000 	.word	0x40054000

10001a40 <uart_init>:
10001a40:	b5f8      	push	{r3, r4, r5, r6, r7, lr}
10001a42:	0004      	movs	r4, r0
10001a44:	2006      	movs	r0, #6
10001a46:	000d      	movs	r5, r1
10001a48:	f000 f978 	bl	10001d3c <clock_get_hz>
10001a4c:	2800      	cmp	r0, #0
10001a4e:	d044      	beq.n	10001ada <uart_init+0x9a>
10001a50:	4b37      	ldr	r3, [pc, #220]	@ (10001b30 <uart_init+0xf0>)
10001a52:	4938      	ldr	r1, [pc, #224]	@ (10001b34 <uart_init+0xf4>)
10001a54:	18e3      	adds	r3, r4, r3
10001a56:	1e5a      	subs	r2, r3, #1
10001a58:	4193      	sbcs	r3, r2
10001a5a:	2280      	movs	r2, #128	@ 0x80
10001a5c:	0412      	lsls	r2, r2, #16
10001a5e:	4694      	mov	ip, r2
10001a60:	425b      	negs	r3, r3
10001a62:	0d9b      	lsrs	r3, r3, #22
10001a64:	4a34      	ldr	r2, [pc, #208]	@ (10001b38 <uart_init+0xf8>)
10001a66:	059b      	lsls	r3, r3, #22
10001a68:	4463      	add	r3, ip
10001a6a:	6013      	str	r3, [r2, #0]
10001a6c:	4a33      	ldr	r2, [pc, #204]	@ (10001b3c <uart_init+0xfc>)
10001a6e:	6013      	str	r3, [r2, #0]
10001a70:	0018      	movs	r0, r3
10001a72:	680a      	ldr	r2, [r1, #0]
10001a74:	4390      	bics	r0, r2
10001a76:	d1fb      	bne.n	10001a70 <uart_init+0x30>
10001a78:	4b2d      	ldr	r3, [pc, #180]	@ (10001b30 <uart_init+0xf0>)
10001a7a:	4a31      	ldr	r2, [pc, #196]	@ (10001b40 <uart_init+0x100>)
10001a7c:	18e3      	adds	r3, r4, r3
10001a7e:	4259      	negs	r1, r3
10001a80:	414b      	adcs	r3, r1
10001a82:	2180      	movs	r1, #128	@ 0x80
10001a84:	005b      	lsls	r3, r3, #1
10001a86:	0049      	lsls	r1, r1, #1
10001a88:	2006      	movs	r0, #6
10001a8a:	5299      	strh	r1, [r3, r2]
10001a8c:	f000 f956 	bl	10001d3c <clock_get_hz>
10001a90:	0029      	movs	r1, r5
10001a92:	00c0      	lsls	r0, r0, #3
10001a94:	f000 fb60 	bl	10002158 <__wrap___aeabi_uidiv>
10001a98:	3001      	adds	r0, #1
10001a9a:	09c3      	lsrs	r3, r0, #7
10001a9c:	d11e      	bne.n	10001adc <uart_init+0x9c>
10001a9e:	2740      	movs	r7, #64	@ 0x40
10001aa0:	2201      	movs	r2, #1
10001aa2:	6262      	str	r2, [r4, #36]	@ 0x24
10001aa4:	62a3      	str	r3, [r4, #40]	@ 0x28
10001aa6:	6b26      	ldr	r6, [r4, #48]	@ 0x30
10001aa8:	07f3      	lsls	r3, r6, #31
10001aaa:	d422      	bmi.n	10001af2 <uart_init+0xb2>
10001aac:	6ae3      	ldr	r3, [r4, #44]	@ 0x2c
10001aae:	4b25      	ldr	r3, [pc, #148]	@ (10001b44 <uart_init+0x104>)
10001ab0:	2006      	movs	r0, #6
10001ab2:	18e5      	adds	r5, r4, r3
10001ab4:	2300      	movs	r3, #0
10001ab6:	602b      	str	r3, [r5, #0]
10001ab8:	6326      	str	r6, [r4, #48]	@ 0x30
10001aba:	f000 f93f 	bl	10001d3c <clock_get_hz>
10001abe:	0039      	movs	r1, r7
10001ac0:	0080      	lsls	r0, r0, #2
10001ac2:	f000 fb49 	bl	10002158 <__wrap___aeabi_uidiv>
10001ac6:	2370      	movs	r3, #112	@ 0x70
10001ac8:	6ae2      	ldr	r2, [r4, #44]	@ 0x2c
10001aca:	405a      	eors	r2, r3
10001acc:	330e      	adds	r3, #14
10001ace:	4013      	ands	r3, r2
10001ad0:	602b      	str	r3, [r5, #0]
10001ad2:	4b1d      	ldr	r3, [pc, #116]	@ (10001b48 <uart_init+0x108>)
10001ad4:	6323      	str	r3, [r4, #48]	@ 0x30
10001ad6:	2303      	movs	r3, #3
10001ad8:	64a3      	str	r3, [r4, #72]	@ 0x48
10001ada:	bdf8      	pop	{r3, r4, r5, r6, r7, pc}
10001adc:	4a1b      	ldr	r2, [pc, #108]	@ (10001b4c <uart_init+0x10c>)
10001ade:	4293      	cmp	r3, r2
10001ae0:	d91e      	bls.n	10001b20 <uart_init+0xe0>
10001ae2:	2300      	movs	r3, #0
10001ae4:	4a1a      	ldr	r2, [pc, #104]	@ (10001b50 <uart_init+0x110>)
10001ae6:	4f1b      	ldr	r7, [pc, #108]	@ (10001b54 <uart_init+0x114>)
10001ae8:	6262      	str	r2, [r4, #36]	@ 0x24
10001aea:	62a3      	str	r3, [r4, #40]	@ 0x28
10001aec:	6b26      	ldr	r6, [r4, #48]	@ 0x30
10001aee:	07f3      	lsls	r3, r6, #31
10001af0:	d5dc      	bpl.n	10001aac <uart_init+0x6c>
10001af2:	4b19      	ldr	r3, [pc, #100]	@ (10001b58 <uart_init+0x118>)
10001af4:	4a14      	ldr	r2, [pc, #80]	@ (10001b48 <uart_init+0x108>)
10001af6:	18e3      	adds	r3, r4, r3
10001af8:	601a      	str	r2, [r3, #0]
10001afa:	6a65      	ldr	r5, [r4, #36]	@ 0x24
10001afc:	6aa3      	ldr	r3, [r4, #40]	@ 0x28
10001afe:	2006      	movs	r0, #6
10001b00:	01ad      	lsls	r5, r5, #6
10001b02:	18ed      	adds	r5, r5, r3
10001b04:	f000 f91a 	bl	10001d3c <clock_get_hz>
10001b08:	4914      	ldr	r1, [pc, #80]	@ (10001b5c <uart_init+0x11c>)
10001b0a:	f000 fb25 	bl	10002158 <__wrap___aeabi_uidiv>
10001b0e:	02ad      	lsls	r5, r5, #10
10001b10:	0001      	movs	r1, r0
10001b12:	0028      	movs	r0, r5
10001b14:	f000 fb20 	bl	10002158 <__wrap___aeabi_uidiv>
10001b18:	2100      	movs	r1, #0
10001b1a:	f7ff ff4d 	bl	100019b8 <busy_wait_us>
10001b1e:	e7c5      	b.n	10001aac <uart_init+0x6c>
10001b20:	0640      	lsls	r0, r0, #25
10001b22:	0e80      	lsrs	r0, r0, #26
10001b24:	019f      	lsls	r7, r3, #6
10001b26:	001a      	movs	r2, r3
10001b28:	183f      	adds	r7, r7, r0
10001b2a:	0003      	movs	r3, r0
10001b2c:	e7b9      	b.n	10001aa2 <uart_init+0x62>
10001b2e:	46c0      	nop			@ (mov r8, r8)
10001b30:	bffc8000 	.word	0xbffc8000
10001b34:	4000c008 	.word	0x4000c008
10001b38:	4000e000 	.word	0x4000e000
10001b3c:	4000f000 	.word	0x4000f000
10001b40:	20002550 	.word	0x20002550
10001b44:	0000102c 	.word	0x0000102c
10001b48:	00000301 	.word	0x00000301
10001b4c:	0000fffe 	.word	0x0000fffe
10001b50:	0000ffff 	.word	0x0000ffff
10001b54:	003fffc0 	.word	0x003fffc0
10001b58:	00003030 	.word	0x00003030
10001b5c:	00000e4e 	.word	0x00000e4e

10001b60 <clock_configure_int_divider>:
10001b60:	b5f8      	push	{r3, r4, r5, r6, r7, lr}
10001b62:	46de      	mov	lr, fp
10001b64:	464e      	mov	r6, r9
10001b66:	4657      	mov	r7, sl
10001b68:	4645      	mov	r5, r8
10001b6a:	b5e0      	push	{r5, r6, r7, lr}
10001b6c:	468b      	mov	fp, r1
10001b6e:	0005      	movs	r5, r0
10001b70:	990a      	ldr	r1, [sp, #40]	@ 0x28
10001b72:	0018      	movs	r0, r3
10001b74:	0016      	movs	r6, r2
10001b76:	f000 faef 	bl	10002158 <__wrap___aeabi_uidiv>
10001b7a:	9b0a      	ldr	r3, [sp, #40]	@ 0x28
10001b7c:	006c      	lsls	r4, r5, #1
10001b7e:	021f      	lsls	r7, r3, #8
10001b80:	4b32      	ldr	r3, [pc, #200]	@ (10001c4c <clock_configure_int_divider+0xec>)
10001b82:	1964      	adds	r4, r4, r5
10001b84:	469c      	mov	ip, r3
10001b86:	00a4      	lsls	r4, r4, #2
10001b88:	4464      	add	r4, ip
10001b8a:	6863      	ldr	r3, [r4, #4]
10001b8c:	4681      	mov	r9, r0
10001b8e:	429f      	cmp	r7, r3
10001b90:	d900      	bls.n	10001b94 <clock_configure_int_divider+0x34>
10001b92:	6067      	str	r7, [r4, #4]
10001b94:	1f2b      	subs	r3, r5, #4
10001b96:	b2db      	uxtb	r3, r3
10001b98:	4698      	mov	r8, r3
10001b9a:	2b01      	cmp	r3, #1
10001b9c:	d930      	bls.n	10001c00 <clock_configure_int_divider+0xa0>
10001b9e:	23c0      	movs	r3, #192	@ 0xc0
10001ba0:	2280      	movs	r2, #128	@ 0x80
10001ba2:	019b      	lsls	r3, r3, #6
10001ba4:	18e3      	adds	r3, r4, r3
10001ba6:	0112      	lsls	r2, r2, #4
10001ba8:	601a      	str	r2, [r3, #0]
10001baa:	4b29      	ldr	r3, [pc, #164]	@ (10001c50 <clock_configure_int_divider+0xf0>)
10001bac:	00ad      	lsls	r5, r5, #2
10001bae:	5959      	ldr	r1, [r3, r5]
10001bb0:	469a      	mov	sl, r3
10001bb2:	2900      	cmp	r1, #0
10001bb4:	d11b      	bne.n	10001bee <clock_configure_int_divider+0x8e>
10001bb6:	0173      	lsls	r3, r6, #5
10001bb8:	26e0      	movs	r6, #224	@ 0xe0
10001bba:	6822      	ldr	r2, [r4, #0]
10001bbc:	4053      	eors	r3, r2
10001bbe:	401e      	ands	r6, r3
10001bc0:	2380      	movs	r3, #128	@ 0x80
10001bc2:	4642      	mov	r2, r8
10001bc4:	015b      	lsls	r3, r3, #5
10001bc6:	18e3      	adds	r3, r4, r3
10001bc8:	601e      	str	r6, [r3, #0]
10001bca:	2a01      	cmp	r2, #1
10001bcc:	d930      	bls.n	10001c30 <clock_configure_int_divider+0xd0>
10001bce:	2380      	movs	r3, #128	@ 0x80
10001bd0:	2280      	movs	r2, #128	@ 0x80
10001bd2:	019b      	lsls	r3, r3, #6
10001bd4:	18e3      	adds	r3, r4, r3
10001bd6:	0112      	lsls	r2, r2, #4
10001bd8:	601a      	str	r2, [r3, #0]
10001bda:	4653      	mov	r3, sl
10001bdc:	464a      	mov	r2, r9
10001bde:	6067      	str	r7, [r4, #4]
10001be0:	515a      	str	r2, [r3, r5]
10001be2:	bcf0      	pop	{r4, r5, r6, r7}
10001be4:	46bb      	mov	fp, r7
10001be6:	46b2      	mov	sl, r6
10001be8:	46a9      	mov	r9, r5
10001bea:	46a0      	mov	r8, r4
10001bec:	bdf8      	pop	{r3, r4, r5, r6, r7, pc}
10001bee:	6958      	ldr	r0, [r3, #20]
10001bf0:	f000 fab2 	bl	10002158 <__wrap___aeabi_uidiv>
10001bf4:	3001      	adds	r0, #1
10001bf6:	0043      	lsls	r3, r0, #1
10001bf8:	181b      	adds	r3, r3, r0
10001bfa:	3b03      	subs	r3, #3
10001bfc:	d2fd      	bcs.n	10001bfa <clock_configure_int_divider+0x9a>
10001bfe:	e7da      	b.n	10001bb6 <clock_configure_int_divider+0x56>
10001c00:	465b      	mov	r3, fp
10001c02:	2b01      	cmp	r3, #1
10001c04:	d1cb      	bne.n	10001b9e <clock_configure_int_divider+0x3e>
10001c06:	23c0      	movs	r3, #192	@ 0xc0
10001c08:	2203      	movs	r2, #3
10001c0a:	019b      	lsls	r3, r3, #6
10001c0c:	18e3      	adds	r3, r4, r3
10001c0e:	601a      	str	r2, [r3, #0]
10001c10:	3a02      	subs	r2, #2
10001c12:	68a3      	ldr	r3, [r4, #8]
10001c14:	421a      	tst	r2, r3
10001c16:	d0fc      	beq.n	10001c12 <clock_configure_int_divider+0xb2>
10001c18:	0173      	lsls	r3, r6, #5
10001c1a:	26e0      	movs	r6, #224	@ 0xe0
10001c1c:	6822      	ldr	r2, [r4, #0]
10001c1e:	00ad      	lsls	r5, r5, #2
10001c20:	4053      	eors	r3, r2
10001c22:	401e      	ands	r6, r3
10001c24:	2380      	movs	r3, #128	@ 0x80
10001c26:	4a0a      	ldr	r2, [pc, #40]	@ (10001c50 <clock_configure_int_divider+0xf0>)
10001c28:	015b      	lsls	r3, r3, #5
10001c2a:	4692      	mov	sl, r2
10001c2c:	18e3      	adds	r3, r4, r3
10001c2e:	601e      	str	r6, [r3, #0]
10001c30:	465a      	mov	r2, fp
10001c32:	6821      	ldr	r1, [r4, #0]
10001c34:	4051      	eors	r1, r2
10001c36:	2203      	movs	r2, #3
10001c38:	400a      	ands	r2, r1
10001c3a:	601a      	str	r2, [r3, #0]
10001c3c:	2201      	movs	r2, #1
10001c3e:	465b      	mov	r3, fp
10001c40:	409a      	lsls	r2, r3
10001c42:	68a3      	ldr	r3, [r4, #8]
10001c44:	421a      	tst	r2, r3
10001c46:	d0fc      	beq.n	10001c42 <clock_configure_int_divider+0xe2>
10001c48:	e7c1      	b.n	10001bce <clock_configure_int_divider+0x6e>
10001c4a:	46c0      	nop			@ (mov r8, r8)
10001c4c:	40008000 	.word	0x40008000
10001c50:	20002088 	.word	0x20002088

10001c54 <clock_configure_undivided>:
10001c54:	b5f0      	push	{r4, r5, r6, r7, lr}
10001c56:	4646      	mov	r6, r8
10001c58:	464f      	mov	r7, r9
10001c5a:	46d6      	mov	lr, sl
10001c5c:	b5c0      	push	{r6, r7, lr}
10001c5e:	001f      	movs	r7, r3
10001c60:	4b34      	ldr	r3, [pc, #208]	@ (10001d34 <clock_configure_undivided+0xe0>)
10001c62:	0044      	lsls	r4, r0, #1
10001c64:	469c      	mov	ip, r3
10001c66:	1824      	adds	r4, r4, r0
10001c68:	00a4      	lsls	r4, r4, #2
10001c6a:	4464      	add	r4, ip
10001c6c:	6863      	ldr	r3, [r4, #4]
10001c6e:	4688      	mov	r8, r1
10001c70:	0016      	movs	r6, r2
10001c72:	2bff      	cmp	r3, #255	@ 0xff
10001c74:	d802      	bhi.n	10001c7c <clock_configure_undivided+0x28>
10001c76:	2380      	movs	r3, #128	@ 0x80
10001c78:	005b      	lsls	r3, r3, #1
10001c7a:	6063      	str	r3, [r4, #4]
10001c7c:	1f03      	subs	r3, r0, #4
10001c7e:	b2db      	uxtb	r3, r3
10001c80:	469a      	mov	sl, r3
10001c82:	2b01      	cmp	r3, #1
10001c84:	d930      	bls.n	10001ce8 <clock_configure_undivided+0x94>
10001c86:	23c0      	movs	r3, #192	@ 0xc0
10001c88:	2280      	movs	r2, #128	@ 0x80
10001c8a:	019b      	lsls	r3, r3, #6
10001c8c:	18e3      	adds	r3, r4, r3
10001c8e:	0112      	lsls	r2, r2, #4
10001c90:	601a      	str	r2, [r3, #0]
10001c92:	4b29      	ldr	r3, [pc, #164]	@ (10001d38 <clock_configure_undivided+0xe4>)
10001c94:	0085      	lsls	r5, r0, #2
10001c96:	5959      	ldr	r1, [r3, r5]
10001c98:	4699      	mov	r9, r3
10001c9a:	2900      	cmp	r1, #0
10001c9c:	d11b      	bne.n	10001cd6 <clock_configure_undivided+0x82>
10001c9e:	0173      	lsls	r3, r6, #5
10001ca0:	26e0      	movs	r6, #224	@ 0xe0
10001ca2:	6822      	ldr	r2, [r4, #0]
10001ca4:	4053      	eors	r3, r2
10001ca6:	401e      	ands	r6, r3
10001ca8:	2380      	movs	r3, #128	@ 0x80
10001caa:	4652      	mov	r2, sl
10001cac:	015b      	lsls	r3, r3, #5
10001cae:	18e3      	adds	r3, r4, r3
10001cb0:	601e      	str	r6, [r3, #0]
10001cb2:	2a01      	cmp	r2, #1
10001cb4:	d930      	bls.n	10001d18 <clock_configure_undivided+0xc4>
10001cb6:	2380      	movs	r3, #128	@ 0x80
10001cb8:	2280      	movs	r2, #128	@ 0x80
10001cba:	019b      	lsls	r3, r3, #6
10001cbc:	18e3      	adds	r3, r4, r3
10001cbe:	0112      	lsls	r2, r2, #4
10001cc0:	601a      	str	r2, [r3, #0]
10001cc2:	2380      	movs	r3, #128	@ 0x80
10001cc4:	005b      	lsls	r3, r3, #1
10001cc6:	6063      	str	r3, [r4, #4]
10001cc8:	464b      	mov	r3, r9
10001cca:	515f      	str	r7, [r3, r5]
10001ccc:	bce0      	pop	{r5, r6, r7}
10001cce:	46ba      	mov	sl, r7
10001cd0:	46b1      	mov	r9, r6
10001cd2:	46a8      	mov	r8, r5
10001cd4:	bdf0      	pop	{r4, r5, r6, r7, pc}
10001cd6:	6958      	ldr	r0, [r3, #20]
10001cd8:	f000 fa3e 	bl	10002158 <__wrap___aeabi_uidiv>
10001cdc:	3001      	adds	r0, #1
10001cde:	0043      	lsls	r3, r0, #1
10001ce0:	181b      	adds	r3, r3, r0
10001ce2:	3b03      	subs	r3, #3
10001ce4:	d2fd      	bcs.n	10001ce2 <clock_configure_undivided+0x8e>
10001ce6:	e7da      	b.n	10001c9e <clock_configure_undivided+0x4a>
10001ce8:	4643      	mov	r3, r8
10001cea:	2b01      	cmp	r3, #1
10001cec:	d1cb      	bne.n	10001c86 <clock_configure_undivided+0x32>
10001cee:	23c0      	movs	r3, #192	@ 0xc0
10001cf0:	2203      	movs	r2, #3
10001cf2:	019b      	lsls	r3, r3, #6
10001cf4:	18e3      	adds	r3, r4, r3
10001cf6:	601a      	str	r2, [r3, #0]
10001cf8:	3a02      	subs	r2, #2
10001cfa:	68a3      	ldr	r3, [r4, #8]
10001cfc:	421a      	tst	r2, r3
10001cfe:	d0fc      	beq.n	10001cfa <clock_configure_undivided+0xa6>
10001d00:	0173      	lsls	r3, r6, #5
10001d02:	26e0      	movs	r6, #224	@ 0xe0
10001d04:	6822      	ldr	r2, [r4, #0]
10001d06:	0085      	lsls	r5, r0, #2
10001d08:	4053      	eors	r3, r2
10001d0a:	401e      	ands	r6, r3
10001d0c:	2380      	movs	r3, #128	@ 0x80
10001d0e:	4a0a      	ldr	r2, [pc, #40]	@ (10001d38 <clock_configure_undivided+0xe4>)
10001d10:	015b      	lsls	r3, r3, #5
10001d12:	4691      	mov	r9, r2
10001d14:	18e3      	adds	r3, r4, r3
10001d16:	601e      	str	r6, [r3, #0]
10001d18:	4642      	mov	r2, r8
10001d1a:	6821      	ldr	r1, [r4, #0]
10001d1c:	4051      	eors	r1, r2
10001d1e:	2203      	movs	r2, #3
10001d20:	400a      	ands	r2, r1
10001d22:	601a      	str	r2, [r3, #0]
10001d24:	2301      	movs	r3, #1
10001d26:	4642      	mov	r2, r8
10001d28:	4093      	lsls	r3, r2
10001d2a:	68a2      	ldr	r2, [r4, #8]
10001d2c:	4213      	tst	r3, r2
10001d2e:	d0fc      	beq.n	10001d2a <clock_configure_undivided+0xd6>
10001d30:	e7c1      	b.n	10001cb6 <clock_configure_undivided+0x62>
10001d32:	46c0      	nop			@ (mov r8, r8)
10001d34:	40008000 	.word	0x40008000
10001d38:	20002088 	.word	0x20002088

10001d3c <clock_get_hz>:
10001d3c:	4b01      	ldr	r3, [pc, #4]	@ (10001d44 <clock_get_hz+0x8>)
10001d3e:	0080      	lsls	r0, r0, #2
10001d40:	58c0      	ldr	r0, [r0, r3]
10001d42:	4770      	bx	lr
10001d44:	20002088 	.word	0x20002088

10001d48 <pll_init>:
10001d48:	b5f8      	push	{r3, r4, r5, r6, r7, lr}
10001d4a:	0004      	movs	r4, r0
10001d4c:	4821      	ldr	r0, [pc, #132]	@ (10001dd4 <pll_init+0x8c>)
10001d4e:	001e      	movs	r6, r3
10001d50:	0017      	movs	r7, r2
10001d52:	000d      	movs	r5, r1
10001d54:	f000 fa00 	bl	10002158 <__wrap___aeabi_uidiv>
10001d58:	0001      	movs	r1, r0
10001d5a:	0038      	movs	r0, r7
10001d5c:	f000 f9fc 	bl	10002158 <__wrap___aeabi_uidiv>
10001d60:	9b06      	ldr	r3, [sp, #24]
10001d62:	0436      	lsls	r6, r6, #16
10001d64:	031b      	lsls	r3, r3, #12
10001d66:	431e      	orrs	r6, r3
10001d68:	6823      	ldr	r3, [r4, #0]
10001d6a:	2b00      	cmp	r3, #0
10001d6c:	db20      	blt.n	10001db0 <pll_init+0x68>
10001d6e:	4b1a      	ldr	r3, [pc, #104]	@ (10001dd8 <pll_init+0x90>)
10001d70:	491a      	ldr	r1, [pc, #104]	@ (10001ddc <pll_init+0x94>)
10001d72:	18e3      	adds	r3, r4, r3
10001d74:	1e5a      	subs	r2, r3, #1
10001d76:	4193      	sbcs	r3, r2
10001d78:	2280      	movs	r2, #128	@ 0x80
10001d7a:	0192      	lsls	r2, r2, #6
10001d7c:	4694      	mov	ip, r2
10001d7e:	425b      	negs	r3, r3
10001d80:	0b1b      	lsrs	r3, r3, #12
10001d82:	4a17      	ldr	r2, [pc, #92]	@ (10001de0 <pll_init+0x98>)
10001d84:	031b      	lsls	r3, r3, #12
10001d86:	4463      	add	r3, ip
10001d88:	6013      	str	r3, [r2, #0]
10001d8a:	4a16      	ldr	r2, [pc, #88]	@ (10001de4 <pll_init+0x9c>)
10001d8c:	6013      	str	r3, [r2, #0]
10001d8e:	001f      	movs	r7, r3
10001d90:	680a      	ldr	r2, [r1, #0]
10001d92:	4397      	bics	r7, r2
10001d94:	d1fb      	bne.n	10001d8e <pll_init+0x46>
10001d96:	4b14      	ldr	r3, [pc, #80]	@ (10001de8 <pll_init+0xa0>)
10001d98:	6025      	str	r5, [r4, #0]
10001d9a:	18e2      	adds	r2, r4, r3
10001d9c:	2321      	movs	r3, #33	@ 0x21
10001d9e:	60a0      	str	r0, [r4, #8]
10001da0:	6013      	str	r3, [r2, #0]
10001da2:	6823      	ldr	r3, [r4, #0]
10001da4:	2b00      	cmp	r3, #0
10001da6:	dafc      	bge.n	10001da2 <pll_init+0x5a>
10001da8:	2308      	movs	r3, #8
10001daa:	60e6      	str	r6, [r4, #12]
10001dac:	6013      	str	r3, [r2, #0]
10001dae:	bdf8      	pop	{r3, r4, r5, r6, r7, pc}
10001db0:	233f      	movs	r3, #63	@ 0x3f
10001db2:	6822      	ldr	r2, [r4, #0]
10001db4:	4013      	ands	r3, r2
10001db6:	42ab      	cmp	r3, r5
10001db8:	d1d9      	bne.n	10001d6e <pll_init+0x26>
10001dba:	68a3      	ldr	r3, [r4, #8]
10001dbc:	051b      	lsls	r3, r3, #20
10001dbe:	0d1b      	lsrs	r3, r3, #20
10001dc0:	4283      	cmp	r3, r0
10001dc2:	d1d4      	bne.n	10001d6e <pll_init+0x26>
10001dc4:	22ee      	movs	r2, #238	@ 0xee
10001dc6:	68e3      	ldr	r3, [r4, #12]
10001dc8:	02d2      	lsls	r2, r2, #11
10001dca:	4013      	ands	r3, r2
10001dcc:	42b3      	cmp	r3, r6
10001dce:	d1ce      	bne.n	10001d6e <pll_init+0x26>
10001dd0:	e7ed      	b.n	10001dae <pll_init+0x66>
10001dd2:	46c0      	nop			@ (mov r8, r8)
10001dd4:	00b71b00 	.word	0x00b71b00
10001dd8:	bffd4000 	.word	0xbffd4000
10001ddc:	4000c008 	.word	0x4000c008
10001de0:	4000e000 	.word	0x4000e000
10001de4:	4000f000 	.word	0x4000f000
10001de8:	00003004 	.word	0x00003004

10001dec <watchdog_reboot>:
10001dec:	b510      	push	{r4, lr}
10001dee:	2480      	movs	r4, #128	@ 0x80
10001df0:	4b1c      	ldr	r3, [pc, #112]	@ (10001e64 <watchdog_reboot+0x78>)
10001df2:	05e4      	lsls	r4, r4, #23
10001df4:	601c      	str	r4, [r3, #0]
10001df6:	2800      	cmp	r0, #0
10001df8:	d01a      	beq.n	10001e30 <watchdog_reboot+0x44>
10001dfa:	2301      	movs	r3, #1
10001dfc:	4c1a      	ldr	r4, [pc, #104]	@ (10001e68 <watchdog_reboot+0x7c>)
10001dfe:	4318      	orrs	r0, r3
10001e00:	4b1a      	ldr	r3, [pc, #104]	@ (10001e6c <watchdog_reboot+0x80>)
10001e02:	61dc      	str	r4, [r3, #28]
10001e04:	4c1a      	ldr	r4, [pc, #104]	@ (10001e70 <watchdog_reboot+0x84>)
10001e06:	4044      	eors	r4, r0
10001e08:	621c      	str	r4, [r3, #32]
10001e0a:	6259      	str	r1, [r3, #36]	@ 0x24
10001e0c:	6298      	str	r0, [r3, #40]	@ 0x28
10001e0e:	2180      	movs	r1, #128	@ 0x80
10001e10:	4b14      	ldr	r3, [pc, #80]	@ (10001e64 <watchdog_reboot+0x78>)
10001e12:	05c9      	lsls	r1, r1, #23
10001e14:	6019      	str	r1, [r3, #0]
10001e16:	4817      	ldr	r0, [pc, #92]	@ (10001e74 <watchdog_reboot+0x88>)
10001e18:	4917      	ldr	r1, [pc, #92]	@ (10001e78 <watchdog_reboot+0x8c>)
10001e1a:	6008      	str	r0, [r1, #0]
10001e1c:	21e0      	movs	r1, #224	@ 0xe0
10001e1e:	04c9      	lsls	r1, r1, #19
10001e20:	6019      	str	r1, [r3, #0]
10001e22:	2a00      	cmp	r2, #0
10001e24:	d107      	bne.n	10001e36 <watchdog_reboot+0x4a>
10001e26:	2280      	movs	r2, #128	@ 0x80
10001e28:	4b14      	ldr	r3, [pc, #80]	@ (10001e7c <watchdog_reboot+0x90>)
10001e2a:	0612      	lsls	r2, r2, #24
10001e2c:	601a      	str	r2, [r3, #0]
10001e2e:	bd10      	pop	{r4, pc}
10001e30:	4b0e      	ldr	r3, [pc, #56]	@ (10001e6c <watchdog_reboot+0x80>)
10001e32:	61d8      	str	r0, [r3, #28]
10001e34:	e7eb      	b.n	10001e0e <watchdog_reboot+0x22>
10001e36:	0153      	lsls	r3, r2, #5
10001e38:	1a9b      	subs	r3, r3, r2
10001e3a:	009b      	lsls	r3, r3, #2
10001e3c:	189a      	adds	r2, r3, r2
10001e3e:	2380      	movs	r3, #128	@ 0x80
10001e40:	0112      	lsls	r2, r2, #4
10001e42:	045b      	lsls	r3, r3, #17
10001e44:	429a      	cmp	r2, r3
10001e46:	d209      	bcs.n	10001e5c <watchdog_reboot+0x70>
10001e48:	0013      	movs	r3, r2
10001e4a:	490d      	ldr	r1, [pc, #52]	@ (10001e80 <watchdog_reboot+0x94>)
10001e4c:	600b      	str	r3, [r1, #0]
10001e4e:	4b07      	ldr	r3, [pc, #28]	@ (10001e6c <watchdog_reboot+0x80>)
10001e50:	605a      	str	r2, [r3, #4]
10001e52:	2280      	movs	r2, #128	@ 0x80
10001e54:	4b09      	ldr	r3, [pc, #36]	@ (10001e7c <watchdog_reboot+0x90>)
10001e56:	05d2      	lsls	r2, r2, #23
10001e58:	601a      	str	r2, [r3, #0]
10001e5a:	e7e8      	b.n	10001e2e <watchdog_reboot+0x42>
10001e5c:	4b09      	ldr	r3, [pc, #36]	@ (10001e84 <watchdog_reboot+0x98>)
10001e5e:	001a      	movs	r2, r3
10001e60:	e7f3      	b.n	10001e4a <watchdog_reboot+0x5e>
10001e62:	46c0      	nop			@ (mov r8, r8)
10001e64:	4005b000 	.word	0x4005b000
10001e68:	b007c0d3 	.word	0xb007c0d3
10001e6c:	40058000 	.word	0x40058000
10001e70:	4ff83f2d 	.word	0x4ff83f2d
10001e74:	0001fffc 	.word	0x0001fffc
10001e78:	40012008 	.word	0x40012008
10001e7c:	4005a000 	.word	0x4005a000
10001e80:	200024f8 	.word	0x200024f8
10001e84:	00ffffff 	.word	0x00ffffff

10001e88 <tick_start>:
10001e88:	2380      	movs	r3, #128	@ 0x80
10001e8a:	4a02      	ldr	r2, [pc, #8]	@ (10001e94 <tick_start+0xc>)
10001e8c:	009b      	lsls	r3, r3, #2
10001e8e:	430b      	orrs	r3, r1
10001e90:	62d3      	str	r3, [r2, #44]	@ 0x2c
10001e92:	4770      	bx	lr
10001e94:	40058000 	.word	0x40058000

10001e98 <rom_func_lookup>:
10001e98:	2300      	movs	r3, #0
10001e9a:	b510      	push	{r4, lr}
10001e9c:	0001      	movs	r1, r0
10001e9e:	8a98      	ldrh	r0, [r3, #20]
10001ea0:	8b1b      	ldrh	r3, [r3, #24]
10001ea2:	4798      	blx	r3
10001ea4:	bd10      	pop	{r4, pc}
10001ea6:	46c0      	nop			@ (mov r8, r8)

10001ea8 <rom_data_lookup>:
10001ea8:	2316      	movs	r3, #22
10001eaa:	b510      	push	{r4, lr}
10001eac:	0001      	movs	r1, r0
10001eae:	8818      	ldrh	r0, [r3, #0]
10001eb0:	3302      	adds	r3, #2
10001eb2:	881b      	ldrh	r3, [r3, #0]
10001eb4:	4798      	blx	r3
10001eb6:	bd10      	pop	{r4, pc}

10001eb8 <rom_funcs_lookup>:
10001eb8:	b5f8      	push	{r3, r4, r5, r6, r7, lr}
10001eba:	4647      	mov	r7, r8
10001ebc:	46ce      	mov	lr, r9
10001ebe:	b580      	push	{r7, lr}
10001ec0:	1e0f      	subs	r7, r1, #0
10001ec2:	d018      	beq.n	10001ef6 <rom_funcs_lookup+0x3e>
10001ec4:	2314      	movs	r3, #20
10001ec6:	4699      	mov	r9, r3
10001ec8:	3304      	adds	r3, #4
10001eca:	0004      	movs	r4, r0
10001ecc:	2500      	movs	r5, #0
10001ece:	2601      	movs	r6, #1
10001ed0:	4698      	mov	r8, r3
10001ed2:	464b      	mov	r3, r9
10001ed4:	8818      	ldrh	r0, [r3, #0]
10001ed6:	4643      	mov	r3, r8
10001ed8:	6821      	ldr	r1, [r4, #0]
10001eda:	881b      	ldrh	r3, [r3, #0]
10001edc:	4798      	blx	r3
10001ede:	c401      	stmia	r4!, {r0}
10001ee0:	1e43      	subs	r3, r0, #1
10001ee2:	4198      	sbcs	r0, r3
10001ee4:	3501      	adds	r5, #1
10001ee6:	4006      	ands	r6, r0
10001ee8:	42af      	cmp	r7, r5
10001eea:	d1f2      	bne.n	10001ed2 <rom_funcs_lookup+0x1a>
10001eec:	0030      	movs	r0, r6
10001eee:	bcc0      	pop	{r6, r7}
10001ef0:	46b9      	mov	r9, r7
10001ef2:	46b0      	mov	r8, r6
10001ef4:	bdf8      	pop	{r3, r4, r5, r6, r7, pc}
10001ef6:	2601      	movs	r6, #1
10001ef8:	e7f8      	b.n	10001eec <rom_funcs_lookup+0x34>
10001efa:	46c0      	nop			@ (mov r8, r8)

10001efc <rom_reset_usb_boot_extra>:
10001efc:	2300      	movs	r3, #0
10001efe:	b570      	push	{r4, r5, r6, lr}
10001f00:	0004      	movs	r4, r0
10001f02:	000d      	movs	r5, r1
10001f04:	8a98      	ldrh	r0, [r3, #20]
10001f06:	4905      	ldr	r1, [pc, #20]	@ (10001f1c <rom_reset_usb_boot_extra+0x20>)
10001f08:	8b1b      	ldrh	r3, [r3, #24]
10001f0a:	4798      	blx	r3
10001f0c:	0003      	movs	r3, r0
10001f0e:	2000      	movs	r0, #0
10001f10:	2c00      	cmp	r4, #0
10001f12:	db01      	blt.n	10001f18 <rom_reset_usb_boot_extra+0x1c>
10001f14:	3001      	adds	r0, #1
10001f16:	40a0      	lsls	r0, r4
10001f18:	0029      	movs	r1, r5
10001f1a:	4798      	blx	r3
10001f1c:	00004255 	.word	0x00004255

10001f20 <xosc_init>:
10001f20:	23aa      	movs	r3, #170	@ 0xaa
10001f22:	4a06      	ldr	r2, [pc, #24]	@ (10001f3c <xosc_init+0x1c>)
10001f24:	011b      	lsls	r3, r3, #4
10001f26:	6013      	str	r3, [r2, #0]
10001f28:	238d      	movs	r3, #141	@ 0x8d
10001f2a:	005b      	lsls	r3, r3, #1
10001f2c:	60d3      	str	r3, [r2, #12]
10001f2e:	4904      	ldr	r1, [pc, #16]	@ (10001f40 <xosc_init+0x20>)
10001f30:	4b04      	ldr	r3, [pc, #16]	@ (10001f44 <xosc_init+0x24>)
10001f32:	6019      	str	r1, [r3, #0]
10001f34:	6853      	ldr	r3, [r2, #4]
10001f36:	2b00      	cmp	r3, #0
10001f38:	dafc      	bge.n	10001f34 <xosc_init+0x14>
10001f3a:	4770      	bx	lr
10001f3c:	40024000 	.word	0x40024000
10001f40:	00fab000 	.word	0x00fab000
10001f44:	40026000 	.word	0x40026000

10001f48 <first_per_core_initializer>:
10001f48:	4770      	bx	lr
10001f4a:	46c0      	nop			@ (mov r8, r8)

10001f4c <hard_assertion_failure>:
10001f4c:	b510      	push	{r4, lr}
10001f4e:	4801      	ldr	r0, [pc, #4]	@ (10001f54 <hard_assertion_failure+0x8>)
10001f50:	f7fe fcb2 	bl	100008b8 <panic>
10001f54:	100089a0 	.word	0x100089a0

10001f58 <runtime_run_initializers>:
10001f58:	b570      	push	{r4, r5, r6, lr}
10001f5a:	4d07      	ldr	r5, [pc, #28]	@ (10001f78 <runtime_run_initializers+0x20>)
10001f5c:	4e07      	ldr	r6, [pc, #28]	@ (10001f7c <runtime_run_initializers+0x24>)
10001f5e:	42b5      	cmp	r5, r6
10001f60:	d209      	bcs.n	10001f76 <runtime_run_initializers+0x1e>
10001f62:	2400      	movs	r4, #0
10001f64:	3e01      	subs	r6, #1
10001f66:	1b76      	subs	r6, r6, r5
10001f68:	08b6      	lsrs	r6, r6, #2
10001f6a:	cd08      	ldmia	r5!, {r3}
10001f6c:	4798      	blx	r3
10001f6e:	0023      	movs	r3, r4
10001f70:	3401      	adds	r4, #1
10001f72:	42b3      	cmp	r3, r6
10001f74:	d1f9      	bne.n	10001f6a <runtime_run_initializers+0x12>
10001f76:	bd70      	pop	{r4, r5, r6, pc}
10001f78:	100088c0 	.word	0x100088c0
10001f7c:	100088fc 	.word	0x100088fc

10001f80 <runtime_init_early_resets>:
10001f80:	4b05      	ldr	r3, [pc, #20]	@ (10001f98 <runtime_init_early_resets+0x18>)
10001f82:	4a06      	ldr	r2, [pc, #24]	@ (10001f9c <runtime_init_early_resets+0x1c>)
10001f84:	4906      	ldr	r1, [pc, #24]	@ (10001fa0 <runtime_init_early_resets+0x20>)
10001f86:	601a      	str	r2, [r3, #0]
10001f88:	4a06      	ldr	r2, [pc, #24]	@ (10001fa4 <runtime_init_early_resets+0x24>)
10001f8a:	4b07      	ldr	r3, [pc, #28]	@ (10001fa8 <runtime_init_early_resets+0x28>)
10001f8c:	601a      	str	r2, [r3, #0]
10001f8e:	0010      	movs	r0, r2
10001f90:	680b      	ldr	r3, [r1, #0]
10001f92:	4398      	bics	r0, r3
10001f94:	d1fb      	bne.n	10001f8e <runtime_init_early_resets+0xe>
10001f96:	4770      	bx	lr
10001f98:	4000e000 	.word	0x4000e000
10001f9c:	fefbcdbf 	.word	0xfefbcdbf
10001fa0:	4000c008 	.word	0x4000c008
10001fa4:	003c7ffe 	.word	0x003c7ffe
10001fa8:	4000f000 	.word	0x4000f000

10001fac <runtime_init_usb_power_down>:
10001fac:	4b04      	ldr	r3, [pc, #16]	@ (10001fc0 <runtime_init_usb_power_down+0x14>)
10001fae:	6cdb      	ldr	r3, [r3, #76]	@ 0x4c
10001fb0:	2b00      	cmp	r3, #0
10001fb2:	d103      	bne.n	10001fbc <runtime_init_usb_power_down+0x10>
10001fb4:	2280      	movs	r2, #128	@ 0x80
10001fb6:	4b03      	ldr	r3, [pc, #12]	@ (10001fc4 <runtime_init_usb_power_down+0x18>)
10001fb8:	02d2      	lsls	r2, r2, #11
10001fba:	601a      	str	r2, [r3, #0]
10001fbc:	4770      	bx	lr
10001fbe:	46c0      	nop			@ (mov r8, r8)
10001fc0:	50110000 	.word	0x50110000
10001fc4:	5011204c 	.word	0x5011204c

10001fc8 <runtime_init_post_clock_resets>:
10001fc8:	4a04      	ldr	r2, [pc, #16]	@ (10001fdc <runtime_init_post_clock_resets+0x14>)
10001fca:	4b05      	ldr	r3, [pc, #20]	@ (10001fe0 <runtime_init_post_clock_resets+0x18>)
10001fcc:	601a      	str	r2, [r3, #0]
10001fce:	4a05      	ldr	r2, [pc, #20]	@ (10001fe4 <runtime_init_post_clock_resets+0x1c>)
10001fd0:	6813      	ldr	r3, [r2, #0]
10001fd2:	01db      	lsls	r3, r3, #7
10001fd4:	3380      	adds	r3, #128	@ 0x80
10001fd6:	d1fb      	bne.n	10001fd0 <runtime_init_post_clock_resets+0x8>
10001fd8:	4770      	bx	lr
10001fda:	46c0      	nop			@ (mov r8, r8)
10001fdc:	01ffffff 	.word	0x01ffffff
10001fe0:	4000f000 	.word	0x4000f000
10001fe4:	4000c008 	.word	0x4000c008

10001fe8 <runtime_init_rp2040_gpio_ie_disable>:
10001fe8:	2240      	movs	r2, #64	@ 0x40
10001fea:	4b03      	ldr	r3, [pc, #12]	@ (10001ff8 <runtime_init_rp2040_gpio_ie_disable+0x10>)
10001fec:	679a      	str	r2, [r3, #120]	@ 0x78
10001fee:	675a      	str	r2, [r3, #116]	@ 0x74
10001ff0:	671a      	str	r2, [r3, #112]	@ 0x70
10001ff2:	66da      	str	r2, [r3, #108]	@ 0x6c
10001ff4:	4770      	bx	lr
10001ff6:	46c0      	nop			@ (mov r8, r8)
10001ff8:	4001f000 	.word	0x4001f000

10001ffc <runtime_init_spin_locks_reset>:
10001ffc:	b510      	push	{r4, lr}
10001ffe:	f7fe fcf7 	bl	100009f0 <spin_locks_reset>
10002002:	bd10      	pop	{r4, pc}

10002004 <runtime_init_install_ram_vector_table>:
10002004:	b570      	push	{r4, r5, r6, lr}
10002006:	4d04      	ldr	r5, [pc, #16]	@ (10002018 <runtime_init_install_ram_vector_table+0x14>)
10002008:	4c04      	ldr	r4, [pc, #16]	@ (1000201c <runtime_init_install_ram_vector_table+0x18>)
1000200a:	68a9      	ldr	r1, [r5, #8]
1000200c:	22c0      	movs	r2, #192	@ 0xc0
1000200e:	0020      	movs	r0, r4
10002010:	f001 f90c 	bl	1000322c <__wrap___aeabi_memcpy>
10002014:	60ac      	str	r4, [r5, #8]
10002016:	bd70      	pop	{r4, r5, r6, pc}
10002018:	e000ed00 	.word	0xe000ed00
1000201c:	20000000 	.word	0x20000000

10002020 <runtime_init_clocks>:
10002020:	2300      	movs	r3, #0
10002022:	b510      	push	{r4, lr}
10002024:	4c29      	ldr	r4, [pc, #164]	@ (100020cc <runtime_init_clocks+0xac>)
10002026:	b082      	sub	sp, #8
10002028:	67a3      	str	r3, [r4, #120]	@ 0x78
1000202a:	f7ff ff79 	bl	10001f20 <xosc_init>
1000202e:	2201      	movs	r2, #1
10002030:	4b27      	ldr	r3, [pc, #156]	@ (100020d0 <runtime_init_clocks+0xb0>)
10002032:	601a      	str	r2, [r3, #0]
10002034:	6c63      	ldr	r3, [r4, #68]	@ 0x44
10002036:	2b01      	cmp	r3, #1
10002038:	d1fc      	bne.n	10002034 <runtime_init_clocks+0x14>
1000203a:	2203      	movs	r2, #3
1000203c:	4b25      	ldr	r3, [pc, #148]	@ (100020d4 <runtime_init_clocks+0xb4>)
1000203e:	601a      	str	r2, [r3, #0]
10002040:	4a22      	ldr	r2, [pc, #136]	@ (100020cc <runtime_init_clocks+0xac>)
10002042:	6b93      	ldr	r3, [r2, #56]	@ 0x38
10002044:	2b01      	cmp	r3, #1
10002046:	d1fc      	bne.n	10002042 <runtime_init_clocks+0x22>
10002048:	3301      	adds	r3, #1
1000204a:	9300      	str	r3, [sp, #0]
1000204c:	2101      	movs	r1, #1
1000204e:	4a22      	ldr	r2, [pc, #136]	@ (100020d8 <runtime_init_clocks+0xb8>)
10002050:	4822      	ldr	r0, [pc, #136]	@ (100020dc <runtime_init_clocks+0xbc>)
10002052:	3304      	adds	r3, #4
10002054:	f7ff fe78 	bl	10001d48 <pll_init>
10002058:	2305      	movs	r3, #5
1000205a:	2101      	movs	r1, #1
1000205c:	9300      	str	r3, [sp, #0]
1000205e:	4a20      	ldr	r2, [pc, #128]	@ (100020e0 <runtime_init_clocks+0xc0>)
10002060:	4820      	ldr	r0, [pc, #128]	@ (100020e4 <runtime_init_clocks+0xc4>)
10002062:	f7ff fe71 	bl	10001d48 <pll_init>
10002066:	2200      	movs	r2, #0
10002068:	2102      	movs	r1, #2
1000206a:	2004      	movs	r0, #4
1000206c:	4b1e      	ldr	r3, [pc, #120]	@ (100020e8 <runtime_init_clocks+0xc8>)
1000206e:	f7ff fdf1 	bl	10001c54 <clock_configure_undivided>
10002072:	2200      	movs	r2, #0
10002074:	2101      	movs	r1, #1
10002076:	2005      	movs	r0, #5
10002078:	4b1c      	ldr	r3, [pc, #112]	@ (100020ec <runtime_init_clocks+0xcc>)
1000207a:	f7ff fdeb 	bl	10001c54 <clock_configure_undivided>
1000207e:	2200      	movs	r2, #0
10002080:	2100      	movs	r1, #0
10002082:	2007      	movs	r0, #7
10002084:	4b1a      	ldr	r3, [pc, #104]	@ (100020f0 <runtime_init_clocks+0xd0>)
10002086:	f7ff fde5 	bl	10001c54 <clock_configure_undivided>
1000208a:	2200      	movs	r2, #0
1000208c:	2100      	movs	r1, #0
1000208e:	2008      	movs	r0, #8
10002090:	4b17      	ldr	r3, [pc, #92]	@ (100020f0 <runtime_init_clocks+0xd0>)
10002092:	f7ff fddf 	bl	10001c54 <clock_configure_undivided>
10002096:	2380      	movs	r3, #128	@ 0x80
10002098:	00db      	lsls	r3, r3, #3
1000209a:	9300      	str	r3, [sp, #0]
1000209c:	2200      	movs	r2, #0
1000209e:	2100      	movs	r1, #0
100020a0:	2009      	movs	r0, #9
100020a2:	4b13      	ldr	r3, [pc, #76]	@ (100020f0 <runtime_init_clocks+0xd0>)
100020a4:	f7ff fd5c 	bl	10001b60 <clock_configure_int_divider>
100020a8:	2200      	movs	r2, #0
100020aa:	4b10      	ldr	r3, [pc, #64]	@ (100020ec <runtime_init_clocks+0xcc>)
100020ac:	2100      	movs	r1, #0
100020ae:	2006      	movs	r0, #6
100020b0:	f7ff fdd0 	bl	10001c54 <clock_configure_undivided>
100020b4:	2004      	movs	r0, #4
100020b6:	f7ff fe41 	bl	10001d3c <clock_get_hz>
100020ba:	490e      	ldr	r1, [pc, #56]	@ (100020f4 <runtime_init_clocks+0xd4>)
100020bc:	f000 f84c 	bl	10002158 <__wrap___aeabi_uidiv>
100020c0:	0001      	movs	r1, r0
100020c2:	2000      	movs	r0, #0
100020c4:	f7ff fee0 	bl	10001e88 <tick_start>
100020c8:	b002      	add	sp, #8
100020ca:	bd10      	pop	{r4, pc}
100020cc:	40008000 	.word	0x40008000
100020d0:	4000b03c 	.word	0x4000b03c
100020d4:	4000b030 	.word	0x4000b030
100020d8:	59682f00 	.word	0x59682f00
100020dc:	40028000 	.word	0x40028000
100020e0:	47868c00 	.word	0x47868c00
100020e4:	4002c000 	.word	0x4002c000
100020e8:	00b71b00 	.word	0x00b71b00
100020ec:	07735940 	.word	0x07735940
100020f0:	02dc6c00 	.word	0x02dc6c00
100020f4:	000f4240 	.word	0x000f4240

100020f8 <__aeabi_bits_init>:
100020f8:	4801      	ldr	r0, [pc, #4]	@ (10002100 <__aeabi_bits_init+0x8>)
100020fa:	2104      	movs	r1, #4
100020fc:	4b01      	ldr	r3, [pc, #4]	@ (10002104 <__aeabi_bits_init+0xc>)
100020fe:	4718      	bx	r3
10002100:	200010a0 	.word	0x200010a0
10002104:	10001eb9 	.word	0x10001eb9

10002108 <__wrap___aeabi_idiv>:
10002108:	4a12      	ldr	r2, [pc, #72]	@ (10002154 <divmod_s32s32_savestate+0x18>)
1000210a:	6f93      	ldr	r3, [r2, #120]	@ 0x78
1000210c:	089b      	lsrs	r3, r3, #2
1000210e:	d215      	bcs.n	1000213c <divmod_s32s32_savestate>

10002110 <divmod_s32s32_unsafe>:
10002110:	6690      	str	r0, [r2, #104]	@ 0x68
10002112:	66d1      	str	r1, [r2, #108]	@ 0x6c
10002114:	2900      	cmp	r1, #0
10002116:	d005      	beq.n	10002124 <divmod_s32s32_unsafe+0x14>
10002118:	e7ff      	b.n	1000211a <divmod_s32s32_unsafe+0xa>
1000211a:	e7ff      	b.n	1000211c <divmod_s32s32_unsafe+0xc>
1000211c:	e7ff      	b.n	1000211e <divmod_s32s32_unsafe+0xe>
1000211e:	6f51      	ldr	r1, [r2, #116]	@ 0x74
10002120:	6f10      	ldr	r0, [r2, #112]	@ 0x70
10002122:	4770      	bx	lr
10002124:	b504      	push	{r2, lr}
10002126:	2180      	movs	r1, #128	@ 0x80
10002128:	0609      	lsls	r1, r1, #24
1000212a:	17c2      	asrs	r2, r0, #31
1000212c:	4051      	eors	r1, r2
1000212e:	2800      	cmp	r0, #0
10002130:	d000      	beq.n	10002134 <divmod_s32s32_unsafe+0x24>
10002132:	43c8      	mvns	r0, r1
10002134:	f006 fb8c 	bl	10008850 <____aeabi_idiv0_veneer>
10002138:	2100      	movs	r1, #0
1000213a:	bd04      	pop	{r2, pc}

1000213c <divmod_s32s32_savestate>:
1000213c:	b5f0      	push	{r4, r5, r6, r7, lr}
1000213e:	6e14      	ldr	r4, [r2, #96]	@ 0x60
10002140:	6e55      	ldr	r5, [r2, #100]	@ 0x64
10002142:	6f57      	ldr	r7, [r2, #116]	@ 0x74
10002144:	6f16      	ldr	r6, [r2, #112]	@ 0x70
10002146:	f7ff ffe3 	bl	10002110 <divmod_s32s32_unsafe>
1000214a:	6614      	str	r4, [r2, #96]	@ 0x60
1000214c:	6655      	str	r5, [r2, #100]	@ 0x64
1000214e:	6757      	str	r7, [r2, #116]	@ 0x74
10002150:	6716      	str	r6, [r2, #112]	@ 0x70
10002152:	bdf0      	pop	{r4, r5, r6, r7, pc}
10002154:	d0000000 	.word	0xd0000000

10002158 <__wrap___aeabi_uidiv>:
10002158:	4a11      	ldr	r2, [pc, #68]	@ (100021a0 <divmod_u32u32_savestate+0x18>)
1000215a:	6f93      	ldr	r3, [r2, #120]	@ 0x78
1000215c:	089b      	lsrs	r3, r3, #2
1000215e:	d213      	bcs.n	10002188 <divmod_u32u32_savestate>

10002160 <divmod_u32u32_unsafe>:
10002160:	6610      	str	r0, [r2, #96]	@ 0x60
10002162:	6651      	str	r1, [r2, #100]	@ 0x64
10002164:	2900      	cmp	r1, #0
10002166:	d005      	beq.n	10002174 <divmod_u32u32_unsafe+0x14>
10002168:	e7ff      	b.n	1000216a <divmod_u32u32_unsafe+0xa>
1000216a:	e7ff      	b.n	1000216c <divmod_u32u32_unsafe+0xc>
1000216c:	e7ff      	b.n	1000216e <divmod_u32u32_unsafe+0xe>
1000216e:	6f51      	ldr	r1, [r2, #116]	@ 0x74
10002170:	6f10      	ldr	r0, [r2, #112]	@ 0x70
10002172:	4770      	bx	lr
10002174:	b504      	push	{r2, lr}
10002176:	2800      	cmp	r0, #0
10002178:	d001      	beq.n	1000217e <divmod_u32u32_unsafe+0x1e>
1000217a:	2000      	movs	r0, #0
1000217c:	43c0      	mvns	r0, r0
1000217e:	f006 fb67 	bl	10008850 <____aeabi_idiv0_veneer>
10002182:	2100      	movs	r1, #0
10002184:	bd04      	pop	{r2, pc}
10002186:	46c0      	nop			@ (mov r8, r8)

10002188 <divmod_u32u32_savestate>:
10002188:	b5f0      	push	{r4, r5, r6, r7, lr}
1000218a:	6e14      	ldr	r4, [r2, #96]	@ 0x60
1000218c:	6e55      	ldr	r5, [r2, #100]	@ 0x64
1000218e:	6f57      	ldr	r7, [r2, #116]	@ 0x74
10002190:	6f16      	ldr	r6, [r2, #112]	@ 0x70
10002192:	f7ff ffe5 	bl	10002160 <divmod_u32u32_unsafe>
10002196:	6614      	str	r4, [r2, #96]	@ 0x60
10002198:	6655      	str	r5, [r2, #100]	@ 0x64
1000219a:	6757      	str	r7, [r2, #116]	@ 0x74
1000219c:	6716      	str	r6, [r2, #112]	@ 0x70
1000219e:	bdf0      	pop	{r4, r5, r6, r7, pc}
100021a0:	d0000000 	.word	0xd0000000

100021a4 <__wrap___aeabi_ldivmod>:
100021a4:	4694      	mov	ip, r2
100021a6:	4a4a      	ldr	r2, [pc, #296]	@ (100022d0 <udiv0+0x1a>)
100021a8:	6f92      	ldr	r2, [r2, #120]	@ 0x78
100021aa:	0892      	lsrs	r2, r2, #2
100021ac:	4662      	mov	r2, ip
100021ae:	d201      	bcs.n	100021b4 <divmod_s64s64_savestate>
100021b0:	e028      	b.n	10002204 <divmod_s64s64_unsafe>
100021b2:	46c0      	nop			@ (mov r8, r8)

100021b4 <divmod_s64s64_savestate>:
100021b4:	b5f0      	push	{r4, r5, r6, r7, lr}
100021b6:	4e46      	ldr	r6, [pc, #280]	@ (100022d0 <udiv0+0x1a>)
100021b8:	6e34      	ldr	r4, [r6, #96]	@ 0x60
100021ba:	6e75      	ldr	r5, [r6, #100]	@ 0x64
100021bc:	6f77      	ldr	r7, [r6, #116]	@ 0x74
100021be:	6f36      	ldr	r6, [r6, #112]	@ 0x70
100021c0:	f000 f820 	bl	10002204 <divmod_s64s64_unsafe>
100021c4:	4694      	mov	ip, r2
100021c6:	4a42      	ldr	r2, [pc, #264]	@ (100022d0 <udiv0+0x1a>)
100021c8:	6614      	str	r4, [r2, #96]	@ 0x60
100021ca:	6655      	str	r5, [r2, #100]	@ 0x64
100021cc:	6757      	str	r7, [r2, #116]	@ 0x74
100021ce:	6716      	str	r6, [r2, #112]	@ 0x70
100021d0:	4662      	mov	r2, ip
100021d2:	bdf0      	pop	{r4, r5, r6, r7, pc}

100021d4 <__wrap___aeabi_uldivmod>:
100021d4:	4694      	mov	ip, r2
100021d6:	4a3e      	ldr	r2, [pc, #248]	@ (100022d0 <udiv0+0x1a>)
100021d8:	6f92      	ldr	r2, [r2, #120]	@ 0x78
100021da:	0892      	lsrs	r2, r2, #2
100021dc:	4662      	mov	r2, ip
100021de:	d201      	bcs.n	100021e4 <divmod_u64u64_savestate>
100021e0:	e054      	b.n	1000228c <divmod_u64u64_unsafe>
100021e2:	46c0      	nop			@ (mov r8, r8)

100021e4 <divmod_u64u64_savestate>:
100021e4:	b5f0      	push	{r4, r5, r6, r7, lr}
100021e6:	4e3a      	ldr	r6, [pc, #232]	@ (100022d0 <udiv0+0x1a>)
100021e8:	6e34      	ldr	r4, [r6, #96]	@ 0x60
100021ea:	6e75      	ldr	r5, [r6, #100]	@ 0x64
100021ec:	6f77      	ldr	r7, [r6, #116]	@ 0x74
100021ee:	6f36      	ldr	r6, [r6, #112]	@ 0x70
100021f0:	f000 f84c 	bl	1000228c <divmod_u64u64_unsafe>
100021f4:	4694      	mov	ip, r2
100021f6:	4a36      	ldr	r2, [pc, #216]	@ (100022d0 <udiv0+0x1a>)
100021f8:	6614      	str	r4, [r2, #96]	@ 0x60
100021fa:	6655      	str	r5, [r2, #100]	@ 0x64
100021fc:	6757      	str	r7, [r2, #116]	@ 0x74
100021fe:	6716      	str	r6, [r2, #112]	@ 0x70
10002200:	4662      	mov	r2, ip
10002202:	bdf0      	pop	{r4, r5, r6, r7, pc}

10002204 <divmod_s64s64_unsafe>:
10002204:	2b00      	cmp	r3, #0
10002206:	db24      	blt.n	10002252 <l42_1+0x26>
10002208:	d011      	beq.n	1000222e <l42_1+0x2>
1000220a:	2900      	cmp	r1, #0
1000220c:	da3e      	bge.n	1000228c <divmod_u64u64_unsafe>
1000220e:	b500      	push	{lr}
10002210:	43c9      	mvns	r1, r1
10002212:	4240      	negs	r0, r0
10002214:	d100      	bne.n	10002218 <l40_1>
10002216:	3101      	adds	r1, #1

10002218 <l40_1>:
10002218:	f000 f838 	bl	1000228c <divmod_u64u64_unsafe>
1000221c:	43c9      	mvns	r1, r1
1000221e:	4240      	negs	r0, r0
10002220:	d100      	bne.n	10002224 <l41_1>
10002222:	3101      	adds	r1, #1

10002224 <l41_1>:
10002224:	43db      	mvns	r3, r3
10002226:	4252      	negs	r2, r2
10002228:	d100      	bne.n	1000222c <l42_1>
1000222a:	3301      	adds	r3, #1

1000222c <l42_1>:
1000222c:	bd00      	pop	{pc}
1000222e:	2a00      	cmp	r2, #0
10002230:	d1eb      	bne.n	1000220a <divmod_s64s64_unsafe+0x6>
10002232:	2800      	cmp	r0, #0
10002234:	d101      	bne.n	1000223a <l42_1+0xe>
10002236:	2900      	cmp	r1, #0
10002238:	d005      	beq.n	10002246 <l42_1+0x1a>
1000223a:	2000      	movs	r0, #0
1000223c:	0fc9      	lsrs	r1, r1, #31
1000223e:	07c9      	lsls	r1, r1, #31
10002240:	d101      	bne.n	10002246 <l42_1+0x1a>
10002242:	43c0      	mvns	r0, r0
10002244:	0841      	lsrs	r1, r0, #1
10002246:	b500      	push	{lr}
10002248:	f006 fafa 	bl	10008840 <____aeabi_ldiv0_veneer>
1000224c:	2200      	movs	r2, #0
1000224e:	2300      	movs	r3, #0
10002250:	bd00      	pop	{pc}
10002252:	b500      	push	{lr}
10002254:	2900      	cmp	r1, #0
10002256:	db0a      	blt.n	1000226e <l44_1+0x2>
10002258:	43db      	mvns	r3, r3
1000225a:	4252      	negs	r2, r2
1000225c:	d100      	bne.n	10002260 <l43_1>
1000225e:	3301      	adds	r3, #1

10002260 <l43_1>:
10002260:	f000 f814 	bl	1000228c <divmod_u64u64_unsafe>
10002264:	43c9      	mvns	r1, r1
10002266:	4240      	negs	r0, r0
10002268:	d100      	bne.n	1000226c <l44_1>
1000226a:	3101      	adds	r1, #1

1000226c <l44_1>:
1000226c:	bd00      	pop	{pc}
1000226e:	43c9      	mvns	r1, r1
10002270:	4240      	negs	r0, r0
10002272:	d100      	bne.n	10002276 <l45_1>
10002274:	3101      	adds	r1, #1

10002276 <l45_1>:
10002276:	43db      	mvns	r3, r3
10002278:	4252      	negs	r2, r2
1000227a:	d100      	bne.n	1000227e <l46_1>
1000227c:	3301      	adds	r3, #1

1000227e <l46_1>:
1000227e:	f000 f805 	bl	1000228c <divmod_u64u64_unsafe>
10002282:	43db      	mvns	r3, r3
10002284:	4252      	negs	r2, r2
10002286:	d100      	bne.n	1000228a <l47_1>
10002288:	3301      	adds	r3, #1

1000228a <l47_1>:
1000228a:	bd00      	pop	{pc}

1000228c <divmod_u64u64_unsafe>:
1000228c:	2900      	cmp	r1, #0
1000228e:	d123      	bne.n	100022d8 <y64>
10002290:	2b00      	cmp	r3, #0
10002292:	d118      	bne.n	100022c6 <udiv0+0x10>
10002294:	2a00      	cmp	r2, #0
10002296:	d00c      	beq.n	100022b2 <divmod_u64u64_unsafe+0x26>
10002298:	46bc      	mov	ip, r7
1000229a:	4f0d      	ldr	r7, [pc, #52]	@ (100022d0 <udiv0+0x1a>)
1000229c:	6638      	str	r0, [r7, #96]	@ 0x60
1000229e:	667a      	str	r2, [r7, #100]	@ 0x64
100022a0:	2100      	movs	r1, #0
100022a2:	2300      	movs	r3, #0
100022a4:	e7ff      	b.n	100022a6 <divmod_u64u64_unsafe+0x1a>
100022a6:	e7ff      	b.n	100022a8 <divmod_u64u64_unsafe+0x1c>
100022a8:	e7ff      	b.n	100022aa <divmod_u64u64_unsafe+0x1e>
100022aa:	6f7a      	ldr	r2, [r7, #116]	@ 0x74
100022ac:	6f38      	ldr	r0, [r7, #112]	@ 0x70
100022ae:	4667      	mov	r7, ip
100022b0:	4770      	bx	lr
100022b2:	2800      	cmp	r0, #0
100022b4:	d001      	beq.n	100022ba <udiv0+0x4>

100022b6 <udiv0>:
100022b6:	4807      	ldr	r0, [pc, #28]	@ (100022d4 <udiv0+0x1e>)
100022b8:	0001      	movs	r1, r0
100022ba:	b500      	push	{lr}
100022bc:	f006 fac0 	bl	10008840 <____aeabi_ldiv0_veneer>
100022c0:	2200      	movs	r2, #0
100022c2:	2300      	movs	r3, #0
100022c4:	bd00      	pop	{pc}
100022c6:	0002      	movs	r2, r0
100022c8:	000b      	movs	r3, r1
100022ca:	2000      	movs	r0, #0
100022cc:	2100      	movs	r1, #0
100022ce:	4770      	bx	lr
100022d0:	d0000000 	.word	0xd0000000
100022d4:	ffffffff 	.word	0xffffffff

100022d8 <y64>:
100022d8:	2b00      	cmp	r3, #0
100022da:	d000      	beq.n	100022de <y64+0x6>
100022dc:	e0bf      	b.n	1000245e <y64_x48>
100022de:	0c13      	lsrs	r3, r2, #16
100022e0:	d128      	bne.n	10002334 <y64_x32>
100022e2:	2a00      	cmp	r2, #0
100022e4:	d0e7      	beq.n	100022b6 <udiv0>
100022e6:	b480      	push	{r7}
100022e8:	4f11      	ldr	r7, [pc, #68]	@ (10002330 <y64+0x58>)
100022ea:	6639      	str	r1, [r7, #96]	@ 0x60
100022ec:	667a      	str	r2, [r7, #100]	@ 0x64
100022ee:	e7ff      	b.n	100022f0 <y64+0x18>
100022f0:	e7ff      	b.n	100022f2 <y64+0x1a>
100022f2:	b430      	push	{r4, r5}
100022f4:	0c04      	lsrs	r4, r0, #16
100022f6:	6f7b      	ldr	r3, [r7, #116]	@ 0x74
100022f8:	6f39      	ldr	r1, [r7, #112]	@ 0x70
100022fa:	041b      	lsls	r3, r3, #16
100022fc:	4323      	orrs	r3, r4
100022fe:	663b      	str	r3, [r7, #96]	@ 0x60
10002300:	667a      	str	r2, [r7, #100]	@ 0x64
10002302:	e7ff      	b.n	10002304 <y64+0x2c>
10002304:	e7ff      	b.n	10002306 <y64+0x2e>
10002306:	e7ff      	b.n	10002308 <y64+0x30>
10002308:	46c0      	nop			@ (mov r8, r8)
1000230a:	b284      	uxth	r4, r0
1000230c:	6f7b      	ldr	r3, [r7, #116]	@ 0x74
1000230e:	6f3d      	ldr	r5, [r7, #112]	@ 0x70
10002310:	041b      	lsls	r3, r3, #16
10002312:	4323      	orrs	r3, r4
10002314:	663b      	str	r3, [r7, #96]	@ 0x60
10002316:	667a      	str	r2, [r7, #100]	@ 0x64
10002318:	e7ff      	b.n	1000231a <y64+0x42>
1000231a:	e7ff      	b.n	1000231c <y64+0x44>
1000231c:	46c0      	nop			@ (mov r8, r8)
1000231e:	2300      	movs	r3, #0
10002320:	042c      	lsls	r4, r5, #16
10002322:	0c2d      	lsrs	r5, r5, #16
10002324:	6f7a      	ldr	r2, [r7, #116]	@ 0x74
10002326:	6f38      	ldr	r0, [r7, #112]	@ 0x70
10002328:	1900      	adds	r0, r0, r4
1000232a:	4169      	adcs	r1, r5
1000232c:	bcb0      	pop	{r4, r5, r7}
1000232e:	4770      	bx	lr
10002330:	d0000000 	.word	0xd0000000

10002334 <y64_x32>:
10002334:	b5f0      	push	{r4, r5, r6, r7, lr}
10002336:	4694      	mov	ip, r2
10002338:	2500      	movs	r5, #0
1000233a:	0e14      	lsrs	r4, r2, #24
1000233c:	d101      	bne.n	10002342 <y64_x32+0xe>
1000233e:	0212      	lsls	r2, r2, #8
10002340:	3508      	adds	r5, #8
10002342:	0f14      	lsrs	r4, r2, #28
10002344:	d101      	bne.n	1000234a <y64_x32+0x16>
10002346:	0112      	lsls	r2, r2, #4
10002348:	3504      	adds	r5, #4
1000234a:	0f94      	lsrs	r4, r2, #30
1000234c:	d101      	bne.n	10002352 <y64_x32+0x1e>
1000234e:	0092      	lsls	r2, r2, #2
10002350:	3502      	adds	r5, #2
10002352:	0fd4      	lsrs	r4, r2, #31
10002354:	d101      	bne.n	1000235a <y64_x32+0x26>
10002356:	0052      	lsls	r2, r2, #1
10002358:	3501      	adds	r5, #1
1000235a:	0bd4      	lsrs	r4, r2, #15
1000235c:	3401      	adds	r4, #1
1000235e:	4f25      	ldr	r7, [pc, #148]	@ (100023f4 <y64_x32+0xc0>)
10002360:	667c      	str	r4, [r7, #100]	@ 0x64
10002362:	4c25      	ldr	r4, [pc, #148]	@ (100023f8 <y64_x32+0xc4>)
10002364:	663c      	str	r4, [r7, #96]	@ 0x60
10002366:	0c0e      	lsrs	r6, r1, #16
10002368:	b293      	uxth	r3, r2
1000236a:	e7ff      	b.n	1000236c <y64_x32+0x38>
1000236c:	e7ff      	b.n	1000236e <y64_x32+0x3a>
1000236e:	e7ff      	b.n	10002370 <y64_x32+0x3c>
10002370:	6f3c      	ldr	r4, [r7, #112]	@ 0x70
10002372:	4366      	muls	r6, r4
10002374:	0c36      	lsrs	r6, r6, #16
10002376:	0377      	lsls	r7, r6, #13
10002378:	46be      	mov	lr, r7
1000237a:	4373      	muls	r3, r6
1000237c:	0bdf      	lsrs	r7, r3, #15
1000237e:	045b      	lsls	r3, r3, #17
10002380:	1ac0      	subs	r0, r0, r3
10002382:	41b9      	sbcs	r1, r7
10002384:	0c13      	lsrs	r3, r2, #16
10002386:	4373      	muls	r3, r6
10002388:	18db      	adds	r3, r3, r3
1000238a:	1ac9      	subs	r1, r1, r3
1000238c:	08ce      	lsrs	r6, r1, #3
1000238e:	4366      	muls	r6, r4
10002390:	0c36      	lsrs	r6, r6, #16
10002392:	44b6      	add	lr, r6
10002394:	b293      	uxth	r3, r2
10002396:	4373      	muls	r3, r6
10002398:	0f1f      	lsrs	r7, r3, #28
1000239a:	011b      	lsls	r3, r3, #4
1000239c:	1ac0      	subs	r0, r0, r3
1000239e:	41b9      	sbcs	r1, r7
100023a0:	0c13      	lsrs	r3, r2, #16
100023a2:	4373      	muls	r3, r6
100023a4:	0b1f      	lsrs	r7, r3, #12
100023a6:	051b      	lsls	r3, r3, #20
100023a8:	1ac0      	subs	r0, r0, r3
100023aa:	41b9      	sbcs	r1, r7
100023ac:	0d86      	lsrs	r6, r0, #22
100023ae:	028f      	lsls	r7, r1, #10
100023b0:	433e      	orrs	r6, r7
100023b2:	4366      	muls	r6, r4
100023b4:	0c36      	lsrs	r6, r6, #16
100023b6:	2d09      	cmp	r5, #9
100023b8:	db24      	blt.n	10002404 <last0>
100023ba:	0a52      	lsrs	r2, r2, #9
100023bc:	4372      	muls	r2, r6
100023be:	1a80      	subs	r0, r0, r2
100023c0:	0377      	lsls	r7, r6, #13
100023c2:	0a46      	lsrs	r6, r0, #9
100023c4:	4366      	muls	r6, r4
100023c6:	0c36      	lsrs	r6, r6, #16
100023c8:	2316      	movs	r3, #22
100023ca:	1b5b      	subs	r3, r3, r5
100023cc:	40de      	lsrs	r6, r3
100023ce:	40df      	lsrs	r7, r3
100023d0:	19bf      	adds	r7, r7, r6
100023d2:	4664      	mov	r4, ip
100023d4:	4366      	muls	r6, r4
100023d6:	1b82      	subs	r2, r0, r6
100023d8:	4670      	mov	r0, lr
100023da:	3504      	adds	r5, #4
100023dc:	3306      	adds	r3, #6
100023de:	0001      	movs	r1, r0
100023e0:	40d9      	lsrs	r1, r3
100023e2:	40a8      	lsls	r0, r5
100023e4:	19c0      	adds	r0, r0, r7
100023e6:	d300      	bcc.n	100023ea <y64_x32+0xb6>
100023e8:	3101      	adds	r1, #1
100023ea:	42a2      	cmp	r2, r4
100023ec:	d206      	bcs.n	100023fc <y64_x32+0xc8>
100023ee:	2300      	movs	r3, #0
100023f0:	bdf0      	pop	{r4, r5, r6, r7, pc}
100023f2:	0000      	.short	0x0000
100023f4:	d0000000 	.word	0xd0000000
100023f8:	ffffffff 	.word	0xffffffff
100023fc:	1b12      	subs	r2, r2, r4
100023fe:	3001      	adds	r0, #1
10002400:	d3f3      	bcc.n	100023ea <y64_x32+0xb6>
10002402:	e7f1      	b.n	100023e8 <y64_x32+0xb4>

10002404 <last0>:
10002404:	2709      	movs	r7, #9
10002406:	1b7f      	subs	r7, r7, r5
10002408:	40fe      	lsrs	r6, r7
1000240a:	4664      	mov	r4, ip
1000240c:	b2a2      	uxth	r2, r4
1000240e:	4372      	muls	r2, r6
10002410:	1a80      	subs	r0, r0, r2
10002412:	d200      	bcs.n	10002416 <last0+0x12>
10002414:	3901      	subs	r1, #1
10002416:	0c22      	lsrs	r2, r4, #16
10002418:	4372      	muls	r2, r6
1000241a:	0c13      	lsrs	r3, r2, #16
1000241c:	0412      	lsls	r2, r2, #16
1000241e:	1a82      	subs	r2, r0, r2
10002420:	4199      	sbcs	r1, r3
10002422:	000b      	movs	r3, r1
10002424:	4670      	mov	r0, lr
10002426:	3504      	adds	r5, #4
10002428:	3713      	adds	r7, #19
1000242a:	0001      	movs	r1, r0
1000242c:	40f9      	lsrs	r1, r7
1000242e:	40a8      	lsls	r0, r5
10002430:	1980      	adds	r0, r0, r6
10002432:	d300      	bcc.n	10002436 <last0+0x32>
10002434:	3101      	adds	r1, #1
10002436:	2b00      	cmp	r3, #0
10002438:	d102      	bne.n	10002440 <last0+0x3c>
1000243a:	42a2      	cmp	r2, r4
1000243c:	d20a      	bcs.n	10002454 <last0+0x50>
1000243e:	bdf0      	pop	{r4, r5, r6, r7, pc}
10002440:	3001      	adds	r0, #1
10002442:	d300      	bcc.n	10002446 <last0+0x42>
10002444:	3101      	adds	r1, #1
10002446:	1b12      	subs	r2, r2, r4
10002448:	d2fa      	bcs.n	10002440 <last0+0x3c>
1000244a:	3b01      	subs	r3, #1
1000244c:	d1f8      	bne.n	10002440 <last0+0x3c>
1000244e:	42a2      	cmp	r2, r4
10002450:	d200      	bcs.n	10002454 <last0+0x50>
10002452:	bdf0      	pop	{r4, r5, r6, r7, pc}
10002454:	3001      	adds	r0, #1
10002456:	d300      	bcc.n	1000245a <last0+0x56>
10002458:	3101      	adds	r1, #1
1000245a:	1b12      	subs	r2, r2, r4
1000245c:	e7f7      	b.n	1000244e <last0+0x4a>

1000245e <y64_x48>:
1000245e:	b5f0      	push	{r4, r5, r6, r7, lr}
10002460:	0c1c      	lsrs	r4, r3, #16
10002462:	d000      	beq.n	10002466 <y64_x48+0x8>
10002464:	e080      	b.n	10002568 <y64_x64>
10002466:	b40c      	push	{r2, r3}
10002468:	2500      	movs	r5, #0
1000246a:	0a1c      	lsrs	r4, r3, #8
1000246c:	d104      	bne.n	10002478 <y64_x48+0x1a>
1000246e:	021b      	lsls	r3, r3, #8
10002470:	0e16      	lsrs	r6, r2, #24
10002472:	4333      	orrs	r3, r6
10002474:	0212      	lsls	r2, r2, #8
10002476:	3508      	adds	r5, #8
10002478:	0b1c      	lsrs	r4, r3, #12
1000247a:	d104      	bne.n	10002486 <y64_x48+0x28>
1000247c:	011b      	lsls	r3, r3, #4
1000247e:	0f16      	lsrs	r6, r2, #28
10002480:	4333      	orrs	r3, r6
10002482:	0112      	lsls	r2, r2, #4
10002484:	3504      	adds	r5, #4
10002486:	0b9c      	lsrs	r4, r3, #14
10002488:	d104      	bne.n	10002494 <y64_x48+0x36>
1000248a:	009b      	lsls	r3, r3, #2
1000248c:	0f96      	lsrs	r6, r2, #30
1000248e:	4333      	orrs	r3, r6
10002490:	0092      	lsls	r2, r2, #2
10002492:	3502      	adds	r5, #2
10002494:	0bdc      	lsrs	r4, r3, #15
10002496:	d102      	bne.n	1000249e <y64_x48+0x40>
10002498:	1892      	adds	r2, r2, r2
1000249a:	415b      	adcs	r3, r3
1000249c:	3501      	adds	r5, #1
1000249e:	001c      	movs	r4, r3
100024a0:	1897      	adds	r7, r2, r2
100024a2:	4164      	adcs	r4, r4
100024a4:	3401      	adds	r4, #1
100024a6:	4f46      	ldr	r7, [pc, #280]	@ (100025c0 <y64_x64+0x58>)
100024a8:	667c      	str	r4, [r7, #100]	@ 0x64
100024aa:	4c46      	ldr	r4, [pc, #280]	@ (100025c4 <y64_x64+0x5c>)
100024ac:	663c      	str	r4, [r7, #96]	@ 0x60
100024ae:	0c0e      	lsrs	r6, r1, #16
100024b0:	e7ff      	b.n	100024b2 <y64_x48+0x54>
100024b2:	e7ff      	b.n	100024b4 <y64_x48+0x56>
100024b4:	e7ff      	b.n	100024b6 <y64_x48+0x58>
100024b6:	46c0      	nop			@ (mov r8, r8)
100024b8:	6f3c      	ldr	r4, [r7, #112]	@ 0x70
100024ba:	4366      	muls	r6, r4
100024bc:	0c36      	lsrs	r6, r6, #16
100024be:	0377      	lsls	r7, r6, #13
100024c0:	46be      	mov	lr, r7
100024c2:	b297      	uxth	r7, r2
100024c4:	4377      	muls	r7, r6
100024c6:	1bc0      	subs	r0, r0, r7
100024c8:	d200      	bcs.n	100024cc <y64_x48+0x6e>
100024ca:	3901      	subs	r1, #1
100024cc:	1bc0      	subs	r0, r0, r7
100024ce:	d200      	bcs.n	100024d2 <y64_x48+0x74>
100024d0:	3901      	subs	r1, #1
100024d2:	b29f      	uxth	r7, r3
100024d4:	4377      	muls	r7, r6
100024d6:	1bc9      	subs	r1, r1, r7
100024d8:	1bc9      	subs	r1, r1, r7
100024da:	0c17      	lsrs	r7, r2, #16
100024dc:	4377      	muls	r7, r6
100024de:	047e      	lsls	r6, r7, #17
100024e0:	0bff      	lsrs	r7, r7, #15
100024e2:	1b80      	subs	r0, r0, r6
100024e4:	41b9      	sbcs	r1, r7
100024e6:	08ce      	lsrs	r6, r1, #3
100024e8:	4366      	muls	r6, r4
100024ea:	0c36      	lsrs	r6, r6, #16
100024ec:	2d0c      	cmp	r5, #12
100024ee:	db33      	blt.n	10002558 <last1>
100024f0:	44b6      	add	lr, r6
100024f2:	0b12      	lsrs	r2, r2, #12
100024f4:	051f      	lsls	r7, r3, #20
100024f6:	433a      	orrs	r2, r7
100024f8:	0b1b      	lsrs	r3, r3, #12
100024fa:	b297      	uxth	r7, r2
100024fc:	4377      	muls	r7, r6
100024fe:	1bc0      	subs	r0, r0, r7
10002500:	d200      	bcs.n	10002504 <y64_x48+0xa6>
10002502:	3901      	subs	r1, #1
10002504:	b29f      	uxth	r7, r3
10002506:	4377      	muls	r7, r6
10002508:	1bc9      	subs	r1, r1, r7
1000250a:	0c17      	lsrs	r7, r2, #16
1000250c:	4377      	muls	r7, r6
1000250e:	043e      	lsls	r6, r7, #16
10002510:	0c3f      	lsrs	r7, r7, #16
10002512:	1b80      	subs	r0, r0, r6
10002514:	41b9      	sbcs	r1, r7
10002516:	0d86      	lsrs	r6, r0, #22
10002518:	028f      	lsls	r7, r1, #10
1000251a:	433e      	orrs	r6, r7
1000251c:	4366      	muls	r6, r4
1000251e:	2729      	movs	r7, #41	@ 0x29
10002520:	1b7f      	subs	r7, r7, r5
10002522:	40fe      	lsrs	r6, r7
10002524:	3d0c      	subs	r5, #12
10002526:	4677      	mov	r7, lr
10002528:	40af      	lsls	r7, r5
1000252a:	19bf      	adds	r7, r7, r6
1000252c:	bc30      	pop	{r4, r5}
1000252e:	b2a2      	uxth	r2, r4
10002530:	b2ab      	uxth	r3, r5
10002532:	4372      	muls	r2, r6
10002534:	4373      	muls	r3, r6
10002536:	1a80      	subs	r0, r0, r2
10002538:	4199      	sbcs	r1, r3
1000253a:	0c22      	lsrs	r2, r4, #16
1000253c:	4372      	muls	r2, r6
1000253e:	0c13      	lsrs	r3, r2, #16
10002540:	0412      	lsls	r2, r2, #16
10002542:	1a80      	subs	r0, r0, r2
10002544:	4199      	sbcs	r1, r3
10002546:	0002      	movs	r2, r0
10002548:	000b      	movs	r3, r1
1000254a:	3701      	adds	r7, #1
1000254c:	1b00      	subs	r0, r0, r4
1000254e:	41a9      	sbcs	r1, r5
10002550:	d2f9      	bcs.n	10002546 <y64_x48+0xe8>
10002552:	1e78      	subs	r0, r7, #1
10002554:	2100      	movs	r1, #0
10002556:	bdf0      	pop	{r4, r5, r6, r7, pc}

10002558 <last1>:
10002558:	270c      	movs	r7, #12
1000255a:	1b7f      	subs	r7, r7, r5
1000255c:	40fe      	lsrs	r6, r7
1000255e:	4677      	mov	r7, lr
10002560:	0b7f      	lsrs	r7, r7, #13
10002562:	40af      	lsls	r7, r5
10002564:	19ff      	adds	r7, r7, r7
10002566:	e7e0      	b.n	1000252a <y64_x48+0xcc>

10002568 <y64_x64>:
10002568:	2400      	movs	r4, #0
1000256a:	1c5d      	adds	r5, r3, #1
1000256c:	d007      	beq.n	1000257e <y64_x64+0x16>
1000256e:	4f14      	ldr	r7, [pc, #80]	@ (100025c0 <y64_x64+0x58>)
10002570:	667d      	str	r5, [r7, #100]	@ 0x64
10002572:	6639      	str	r1, [r7, #96]	@ 0x60
10002574:	e7ff      	b.n	10002576 <y64_x64+0xe>
10002576:	e7ff      	b.n	10002578 <y64_x64+0x10>
10002578:	e7ff      	b.n	1000257a <y64_x64+0x12>
1000257a:	e7ff      	b.n	1000257c <y64_x64+0x14>
1000257c:	6f3c      	ldr	r4, [r7, #112]	@ 0x70
1000257e:	b295      	uxth	r5, r2
10002580:	b29e      	uxth	r6, r3
10002582:	4365      	muls	r5, r4
10002584:	4366      	muls	r6, r4
10002586:	1b40      	subs	r0, r0, r5
10002588:	41b1      	sbcs	r1, r6
1000258a:	0c15      	lsrs	r5, r2, #16
1000258c:	0c1e      	lsrs	r6, r3, #16
1000258e:	4365      	muls	r5, r4
10002590:	4366      	muls	r6, r4
10002592:	0436      	lsls	r6, r6, #16
10002594:	0c2f      	lsrs	r7, r5, #16
10002596:	433e      	orrs	r6, r7
10002598:	042d      	lsls	r5, r5, #16
1000259a:	1b40      	subs	r0, r0, r5
1000259c:	41b1      	sbcs	r1, r6
1000259e:	4299      	cmp	r1, r3
100025a0:	d204      	bcs.n	100025ac <y64_x64+0x44>
100025a2:	0002      	movs	r2, r0
100025a4:	000b      	movs	r3, r1
100025a6:	0020      	movs	r0, r4
100025a8:	2100      	movs	r1, #0
100025aa:	bdf0      	pop	{r4, r5, r6, r7, pc}
100025ac:	d101      	bne.n	100025b2 <y64_x64+0x4a>
100025ae:	4290      	cmp	r0, r2
100025b0:	d3f7      	bcc.n	100025a2 <y64_x64+0x3a>
100025b2:	1a80      	subs	r0, r0, r2
100025b4:	4199      	sbcs	r1, r3
100025b6:	3401      	adds	r4, #1
100025b8:	4299      	cmp	r1, r3
100025ba:	d3f2      	bcc.n	100025a2 <y64_x64+0x3a>
100025bc:	e7f6      	b.n	100025ac <y64_x64+0x44>
100025be:	0000      	.short	0x0000
100025c0:	d0000000 	.word	0xd0000000
100025c4:	ffffffff 	.word	0xffffffff

100025c8 <__wrap___aeabi_drsub>:
100025c8:	4048      	eors	r0, r1
100025ca:	4041      	eors	r1, r0
100025cc:	4048      	eors	r0, r1

100025ce <__wrap___aeabi_dsub>:
100025ce:	b418      	push	{r3, r4}
100025d0:	4b1b      	ldr	r3, [pc, #108]	@ (10002640 <__wrap___aeabi_dmul+0x12>)
100025d2:	685b      	ldr	r3, [r3, #4]
100025d4:	46fc      	mov	ip, pc
100025d6:	9301      	str	r3, [sp, #4]
100025d8:	bd08      	pop	{r3, pc}
100025da:	df04      	.short	0xdf04
100025dc:	100028a3 	.word	0x100028a3

100025e0 <__wrap___aeabi_dadd>:
100025e0:	b418      	push	{r3, r4}
100025e2:	4b17      	ldr	r3, [pc, #92]	@ (10002640 <__wrap___aeabi_dmul+0x12>)
100025e4:	681b      	ldr	r3, [r3, #0]
100025e6:	46fc      	mov	ip, pc
100025e8:	9301      	str	r3, [sp, #4]
100025ea:	bd08      	pop	{r3, pc}
100025ec:	28addf00 	.word	0x28addf00
100025f0:	1000      	.short	0x1000

100025f2 <__wrap___aeabi_ddiv>:
100025f2:	4694      	mov	ip, r2
100025f4:	4a13      	ldr	r2, [pc, #76]	@ (10002644 <__wrap___aeabi_dmul+0x16>)
100025f6:	6f92      	ldr	r2, [r2, #120]	@ 0x78
100025f8:	0892      	lsrs	r2, r2, #2
100025fa:	d209      	bcs.n	10002610 <ddiv_save_state>
100025fc:	4662      	mov	r2, ip

100025fe <ddiv_shim_call>:
100025fe:	b418      	push	{r3, r4}
10002600:	4b0f      	ldr	r3, [pc, #60]	@ (10002640 <__wrap___aeabi_dmul+0x12>)
10002602:	68db      	ldr	r3, [r3, #12]
10002604:	46fc      	mov	ip, pc
10002606:	9301      	str	r3, [sp, #4]
10002608:	bd08      	pop	{r3, pc}
1000260a:	df0c      	.short	0xdf0c
1000260c:	10002b65 	.word	0x10002b65

10002610 <ddiv_save_state>:
10002610:	4a0c      	ldr	r2, [pc, #48]	@ (10002644 <__wrap___aeabi_dmul+0x16>)
10002612:	b5f0      	push	{r4, r5, r6, r7, lr}
10002614:	6e14      	ldr	r4, [r2, #96]	@ 0x60
10002616:	6e55      	ldr	r5, [r2, #100]	@ 0x64
10002618:	6f57      	ldr	r7, [r2, #116]	@ 0x74
1000261a:	6f16      	ldr	r6, [r2, #112]	@ 0x70
1000261c:	4662      	mov	r2, ip
1000261e:	f7ff ffee 	bl	100025fe <ddiv_shim_call>
10002622:	4a08      	ldr	r2, [pc, #32]	@ (10002644 <__wrap___aeabi_dmul+0x16>)
10002624:	6614      	str	r4, [r2, #96]	@ 0x60
10002626:	6655      	str	r5, [r2, #100]	@ 0x64
10002628:	6757      	str	r7, [r2, #116]	@ 0x74
1000262a:	6716      	str	r6, [r2, #112]	@ 0x70
1000262c:	bdf0      	pop	{r4, r5, r6, r7, pc}

1000262e <__wrap___aeabi_dmul>:
1000262e:	b418      	push	{r3, r4}
10002630:	4b03      	ldr	r3, [pc, #12]	@ (10002640 <__wrap___aeabi_dmul+0x12>)
10002632:	689b      	ldr	r3, [r3, #8]
10002634:	46fc      	mov	ip, pc
10002636:	9301      	str	r3, [sp, #4]
10002638:	bd08      	pop	{r3, pc}
1000263a:	df08      	.short	0xdf08
1000263c:	10002a09 	.word	0x10002a09
10002640:	200012d0 	.word	0x200012d0
10002644:	d0000000 	.word	0xd0000000

10002648 <__wrap___aeabi_cdrcmple>:
10002648:	b5ff      	push	{r0, r1, r2, r3, r4, r5, r6, r7, lr}
1000264a:	4050      	eors	r0, r2
1000264c:	4042      	eors	r2, r0
1000264e:	4050      	eors	r0, r2
10002650:	4059      	eors	r1, r3
10002652:	404b      	eors	r3, r1
10002654:	4059      	eors	r1, r3
10002656:	e000      	b.n	1000265a <__aeabi_dfcmple_guts>

10002658 <__wrap___aeabi_cdcmpeq>:
10002658:	b5ff      	push	{r0, r1, r2, r3, r4, r5, r6, r7, lr}

1000265a <__aeabi_dfcmple_guts>:
1000265a:	4f15      	ldr	r7, [pc, #84]	@ (100026b0 <__aeabi_dfcmple_guts+0x56>)
1000265c:	004c      	lsls	r4, r1, #1
1000265e:	0d64      	lsrs	r4, r4, #21
10002660:	d003      	beq.n	1000266a <__aeabi_dfcmple_guts+0x10>
10002662:	42bc      	cmp	r4, r7
10002664:	d104      	bne.n	10002670 <__aeabi_dfcmple_guts+0x16>
10002666:	030c      	lsls	r4, r1, #12
10002668:	d814      	bhi.n	10002694 <__aeabi_dfcmple_guts+0x3a>
1000266a:	2000      	movs	r0, #0
1000266c:	0d09      	lsrs	r1, r1, #20
1000266e:	0509      	lsls	r1, r1, #20
10002670:	005c      	lsls	r4, r3, #1
10002672:	0d64      	lsrs	r4, r4, #21
10002674:	d003      	beq.n	1000267e <__aeabi_dfcmple_guts+0x24>
10002676:	42bc      	cmp	r4, r7
10002678:	d104      	bne.n	10002684 <__aeabi_dfcmple_guts+0x2a>
1000267a:	031c      	lsls	r4, r3, #12
1000267c:	d80a      	bhi.n	10002694 <__aeabi_dfcmple_guts+0x3a>
1000267e:	2200      	movs	r2, #0
10002680:	0d1b      	lsrs	r3, r3, #20
10002682:	051b      	lsls	r3, r3, #20
10002684:	2601      	movs	r6, #1
10002686:	404b      	eors	r3, r1
10002688:	d409      	bmi.n	1000269e <__aeabi_dfcmple_guts+0x44>
1000268a:	404b      	eors	r3, r1
1000268c:	d503      	bpl.n	10002696 <__aeabi_dfcmple_guts+0x3c>
1000268e:	428b      	cmp	r3, r1
10002690:	d100      	bne.n	10002694 <__aeabi_dfcmple_guts+0x3a>
10002692:	4282      	cmp	r2, r0
10002694:	bdff      	pop	{r0, r1, r2, r3, r4, r5, r6, r7, pc}
10002696:	4299      	cmp	r1, r3
10002698:	d1fc      	bne.n	10002694 <__aeabi_dfcmple_guts+0x3a>
1000269a:	4290      	cmp	r0, r2
1000269c:	bdff      	pop	{r0, r1, r2, r3, r4, r5, r6, r7, pc}
1000269e:	430b      	orrs	r3, r1
100026a0:	18db      	adds	r3, r3, r3
100026a2:	4303      	orrs	r3, r0
100026a4:	4313      	orrs	r3, r2
100026a6:	d0f5      	beq.n	10002694 <__aeabi_dfcmple_guts+0x3a>
100026a8:	43c9      	mvns	r1, r1
100026aa:	1849      	adds	r1, r1, r1
100026ac:	bdff      	pop	{r0, r1, r2, r3, r4, r5, r6, r7, pc}
100026ae:	0000      	.short	0x0000
100026b0:	000007ff 	.word	0x000007ff

100026b4 <__wrap___aeabi_dcmplt>:
100026b4:	b500      	push	{lr}
100026b6:	f7ff ffcf 	bl	10002658 <__wrap___aeabi_cdcmpeq>
100026ba:	4180      	sbcs	r0, r0
100026bc:	bd00      	pop	{pc}
100026be:	46c0      	nop			@ (mov r8, r8)

100026c0 <__wrap___aeabi_dcmple>:
100026c0:	b500      	push	{lr}
100026c2:	f7ff ffc9 	bl	10002658 <__wrap___aeabi_cdcmpeq>
100026c6:	d901      	bls.n	100026cc <__wrap___aeabi_dcmple+0xc>
100026c8:	2000      	movs	r0, #0
100026ca:	bd00      	pop	{pc}
100026cc:	2001      	movs	r0, #1
100026ce:	bd00      	pop	{pc}

100026d0 <__wrap___aeabi_dcmpge>:
100026d0:	b500      	push	{lr}
100026d2:	f7ff ffb9 	bl	10002648 <__wrap___aeabi_cdrcmple>
100026d6:	d901      	bls.n	100026dc <__wrap___aeabi_dcmpge+0xc>
100026d8:	2000      	movs	r0, #0
100026da:	bd00      	pop	{pc}
100026dc:	2001      	movs	r0, #1
100026de:	bd00      	pop	{pc}

100026e0 <__wrap___aeabi_dcmpgt>:
100026e0:	b500      	push	{lr}
100026e2:	f7ff ffb1 	bl	10002648 <__wrap___aeabi_cdrcmple>
100026e6:	4180      	sbcs	r0, r0
100026e8:	bd00      	pop	{pc}

100026ea <__wrap___aeabi_dcmpun>:
100026ea:	2001      	movs	r0, #1
100026ec:	0540      	lsls	r0, r0, #21
100026ee:	004a      	lsls	r2, r1, #1
100026f0:	1812      	adds	r2, r2, r0
100026f2:	d804      	bhi.n	100026fe <__wrap___aeabi_dcmpun+0x14>
100026f4:	005a      	lsls	r2, r3, #1
100026f6:	1812      	adds	r2, r2, r0
100026f8:	d801      	bhi.n	100026fe <__wrap___aeabi_dcmpun+0x14>
100026fa:	2000      	movs	r0, #0
100026fc:	4770      	bx	lr
100026fe:	2001      	movs	r0, #1
10002700:	4770      	bx	lr
	...

10002704 <__wrap___aeabi_ui2d>:
10002704:	2100      	movs	r1, #0
10002706:	2800      	cmp	r0, #0
10002708:	d105      	bne.n	10002716 <__wrap___aeabi_i2d+0xa>
1000270a:	4770      	bx	lr

1000270c <__wrap___aeabi_i2d>:
1000270c:	17c1      	asrs	r1, r0, #31
1000270e:	4048      	eors	r0, r1
10002710:	1a40      	subs	r0, r0, r1
10002712:	d0fa      	beq.n	1000270a <__wrap___aeabi_ui2d+0x6>
10002714:	07c9      	lsls	r1, r1, #31
10002716:	b513      	push	{r0, r1, r4, lr}
10002718:	4b06      	ldr	r3, [pc, #24]	@ (10002734 <__wrap___aeabi_i2d+0x28>)
1000271a:	681b      	ldr	r3, [r3, #0]
1000271c:	4798      	blx	r3
1000271e:	bc0c      	pop	{r2, r3}
10002720:	1c44      	adds	r4, r0, #1
10002722:	40a2      	lsls	r2, r4
10002724:	0510      	lsls	r0, r2, #20
10002726:	0b12      	lsrs	r2, r2, #12
10002728:	4903      	ldr	r1, [pc, #12]	@ (10002738 <__wrap___aeabi_i2d+0x2c>)
1000272a:	1b09      	subs	r1, r1, r4
1000272c:	0509      	lsls	r1, r1, #20
1000272e:	4319      	orrs	r1, r3
10002730:	4311      	orrs	r1, r2
10002732:	bd10      	pop	{r4, pc}
10002734:	20002540 	.word	0x20002540
10002738:	0000041f 	.word	0x0000041f

1000273c <__wrap___aeabi_d2iz>:
1000273c:	b510      	push	{r4, lr}
1000273e:	004c      	lsls	r4, r1, #1
10002740:	0d62      	lsrs	r2, r4, #21
10002742:	2380      	movs	r3, #128	@ 0x80
10002744:	18d2      	adds	r2, r2, r3
10002746:	00db      	lsls	r3, r3, #3
10002748:	1ad2      	subs	r2, r2, r3
1000274a:	055b      	lsls	r3, r3, #21
1000274c:	2a7e      	cmp	r2, #126	@ 0x7e
1000274e:	dd10      	ble.n	10002772 <__wrap___aeabi_d2iz+0x36>
10002750:	3a9e      	subs	r2, #158	@ 0x9e
10002752:	da13      	bge.n	1000277c <__wrap___aeabi_d2iz+0x40>
10002754:	17cc      	asrs	r4, r1, #31
10002756:	0309      	lsls	r1, r1, #12
10002758:	0849      	lsrs	r1, r1, #1
1000275a:	4319      	orrs	r1, r3
1000275c:	4252      	negs	r2, r2
1000275e:	40d1      	lsrs	r1, r2
10002760:	0064      	lsls	r4, r4, #1
10002762:	3401      	adds	r4, #1
10002764:	3215      	adds	r2, #21
10002766:	2a20      	cmp	r2, #32
10002768:	da05      	bge.n	10002776 <__wrap___aeabi_d2iz+0x3a>
1000276a:	40d0      	lsrs	r0, r2
1000276c:	4308      	orrs	r0, r1
1000276e:	4360      	muls	r0, r4
10002770:	bd10      	pop	{r4, pc}
10002772:	2000      	movs	r0, #0
10002774:	bd10      	pop	{r4, pc}
10002776:	4608      	mov	r0, r1
10002778:	4360      	muls	r0, r4
1000277a:	bd10      	pop	{r4, pc}
1000277c:	0fc8      	lsrs	r0, r1, #31
1000277e:	18c0      	adds	r0, r0, r3
10002780:	3801      	subs	r0, #1
10002782:	bd10      	pop	{r4, pc}

10002784 <__wrap___aeabi_d2uiz>:
10002784:	b418      	push	{r3, r4}
10002786:	4b04      	ldr	r3, [pc, #16]	@ (10002798 <__wrap___aeabi_d2uiz+0x14>)
10002788:	6a5b      	ldr	r3, [r3, #36]	@ 0x24
1000278a:	46fc      	mov	ip, pc
1000278c:	9301      	str	r3, [sp, #4]
1000278e:	bd08      	pop	{r3, pc}
10002790:	2d15df24 	.word	0x2d15df24
10002794:	00001000 	.word	0x00001000
10002798:	200012d0 	.word	0x200012d0

1000279c <__wrap___aeabi_ul2d>:
1000279c:	b418      	push	{r3, r4}
1000279e:	4b04      	ldr	r3, [pc, #16]	@ (100027b0 <__wrap___aeabi_ul2d+0x14>)
100027a0:	6e5b      	ldr	r3, [r3, #100]	@ 0x64
100027a2:	46fc      	mov	ip, pc
100027a4:	9301      	str	r3, [sp, #4]
100027a6:	bd08      	pop	{r3, pc}
100027a8:	2da5df64 	.word	0x2da5df64
100027ac:	00001000 	.word	0x00001000
100027b0:	200012d0 	.word	0x200012d0

100027b4 <__wrap_log>:
100027b4:	b418      	push	{r3, r4}
100027b6:	4b04      	ldr	r3, [pc, #16]	@ (100027c8 <__wrap_log+0x14>)
100027b8:	6d1b      	ldr	r3, [r3, #80]	@ 0x50
100027ba:	46fc      	mov	ip, pc
100027bc:	9301      	str	r3, [sp, #4]
100027be:	bd08      	pop	{r3, pc}
100027c0:	2f81df50 	.word	0x2f81df50
100027c4:	00001000 	.word	0x00001000
100027c8:	200012d0 	.word	0x200012d0

100027cc <__aeabi_double_init>:
100027cc:	2313      	movs	r3, #19
100027ce:	b570      	push	{r4, r5, r6, lr}
100027d0:	781d      	ldrb	r5, [r3, #0]
100027d2:	2d01      	cmp	r5, #1
100027d4:	d019      	beq.n	1000280a <__aeabi_double_init+0x3e>
100027d6:	dd14      	ble.n	10002802 <__aeabi_double_init+0x36>
100027d8:	481f      	ldr	r0, [pc, #124]	@ (10002858 <__aeabi_double_init+0x8c>)
100027da:	f7ff fb65 	bl	10001ea8 <rom_data_lookup>
100027de:	0006      	movs	r6, r0
100027e0:	481e      	ldr	r0, [pc, #120]	@ (1000285c <__aeabi_double_init+0x90>)
100027e2:	f7ff fb61 	bl	10001ea8 <rom_data_lookup>
100027e6:	4c1e      	ldr	r4, [pc, #120]	@ (10002860 <__aeabi_double_init+0x94>)
100027e8:	2280      	movs	r2, #128	@ 0x80
100027ea:	0031      	movs	r1, r6
100027ec:	0020      	movs	r0, r4
100027ee:	f000 fd1d 	bl	1000322c <__wrap___aeabi_memcpy>
100027f2:	2d02      	cmp	r5, #2
100027f4:	d02d      	beq.n	10002852 <__aeabi_double_init+0x86>
100027f6:	481b      	ldr	r0, [pc, #108]	@ (10002864 <__aeabi_double_init+0x98>)
100027f8:	f7ff fb4e 	bl	10001e98 <rom_func_lookup>
100027fc:	4b1a      	ldr	r3, [pc, #104]	@ (10002868 <__aeabi_double_init+0x9c>)
100027fe:	6018      	str	r0, [r3, #0]
10002800:	bd70      	pop	{r4, r5, r6, pc}
10002802:	4b1a      	ldr	r3, [pc, #104]	@ (1000286c <__aeabi_double_init+0xa0>)
10002804:	4c16      	ldr	r4, [pc, #88]	@ (10002860 <__aeabi_double_init+0x94>)
10002806:	64a3      	str	r3, [r4, #72]	@ 0x48
10002808:	e7f5      	b.n	100027f6 <__aeabi_double_init+0x2a>
1000280a:	4b18      	ldr	r3, [pc, #96]	@ (1000286c <__aeabi_double_init+0xa0>)
1000280c:	4c14      	ldr	r4, [pc, #80]	@ (10002860 <__aeabi_double_init+0x94>)
1000280e:	6023      	str	r3, [r4, #0]
10002810:	6063      	str	r3, [r4, #4]
10002812:	60a3      	str	r3, [r4, #8]
10002814:	60e3      	str	r3, [r4, #12]
10002816:	6123      	str	r3, [r4, #16]
10002818:	6163      	str	r3, [r4, #20]
1000281a:	61a3      	str	r3, [r4, #24]
1000281c:	61e3      	str	r3, [r4, #28]
1000281e:	6223      	str	r3, [r4, #32]
10002820:	6263      	str	r3, [r4, #36]	@ 0x24
10002822:	62a3      	str	r3, [r4, #40]	@ 0x28
10002824:	62e3      	str	r3, [r4, #44]	@ 0x2c
10002826:	6323      	str	r3, [r4, #48]	@ 0x30
10002828:	6363      	str	r3, [r4, #52]	@ 0x34
1000282a:	63a3      	str	r3, [r4, #56]	@ 0x38
1000282c:	63e3      	str	r3, [r4, #60]	@ 0x3c
1000282e:	6423      	str	r3, [r4, #64]	@ 0x40
10002830:	6463      	str	r3, [r4, #68]	@ 0x44
10002832:	64a3      	str	r3, [r4, #72]	@ 0x48
10002834:	64e3      	str	r3, [r4, #76]	@ 0x4c
10002836:	6523      	str	r3, [r4, #80]	@ 0x50
10002838:	6563      	str	r3, [r4, #84]	@ 0x54
1000283a:	65a3      	str	r3, [r4, #88]	@ 0x58
1000283c:	65e3      	str	r3, [r4, #92]	@ 0x5c
1000283e:	6623      	str	r3, [r4, #96]	@ 0x60
10002840:	6663      	str	r3, [r4, #100]	@ 0x64
10002842:	66a3      	str	r3, [r4, #104]	@ 0x68
10002844:	66e3      	str	r3, [r4, #108]	@ 0x6c
10002846:	6723      	str	r3, [r4, #112]	@ 0x70
10002848:	6763      	str	r3, [r4, #116]	@ 0x74
1000284a:	67a3      	str	r3, [r4, #120]	@ 0x78
1000284c:	67e3      	str	r3, [r4, #124]	@ 0x7c
1000284e:	64a3      	str	r3, [r4, #72]	@ 0x48
10002850:	e7d1      	b.n	100027f6 <__aeabi_double_init+0x2a>
10002852:	4b06      	ldr	r3, [pc, #24]	@ (1000286c <__aeabi_double_init+0xa0>)
10002854:	64a3      	str	r3, [r4, #72]	@ 0x48
10002856:	e7ce      	b.n	100027f6 <__aeabi_double_init+0x2a>
10002858:	00004453 	.word	0x00004453
1000285c:	00004653 	.word	0x00004653
10002860:	200012d0 	.word	0x200012d0
10002864:	0000334c 	.word	0x0000334c
10002868:	20002540 	.word	0x20002540
1000286c:	10002871 	.word	0x10002871

10002870 <double_table_shim_on_use_helper>:
10002870:	b507      	push	{r0, r1, r2, lr}
10002872:	4660      	mov	r0, ip
10002874:	8801      	ldrh	r1, [r0, #0]
10002876:	0a0a      	lsrs	r2, r1, #8
10002878:	3002      	adds	r0, #2
1000287a:	2adf      	cmp	r2, #223	@ 0xdf
1000287c:	d1fa      	bne.n	10002874 <double_table_shim_on_use_helper+0x4>
1000287e:	b2c9      	uxtb	r1, r1
10002880:	0882      	lsrs	r2, r0, #2
10002882:	d304      	bcc.n	1000288e <double_table_shim_on_use_helper+0x1e>
10002884:	8802      	ldrh	r2, [r0, #0]
10002886:	8840      	ldrh	r0, [r0, #2]
10002888:	0400      	lsls	r0, r0, #16
1000288a:	4310      	orrs	r0, r2
1000288c:	e000      	b.n	10002890 <double_table_shim_on_use_helper+0x20>
1000288e:	6800      	ldr	r0, [r0, #0]
10002890:	4a01      	ldr	r2, [pc, #4]	@ (10002898 <double_table_shim_on_use_helper+0x28>)
10002892:	5050      	str	r0, [r2, r1]
10002894:	9003      	str	r0, [sp, #12]
10002896:	bd07      	pop	{r0, r1, r2, pc}
10002898:	200012d0 	.word	0x200012d0

1000289c <drsub_shim>:
1000289c:	b40f      	push	{r0, r1, r2, r3}
1000289e:	bc03      	pop	{r0, r1}
100028a0:	bc0c      	pop	{r2, r3}

100028a2 <dsub_shim>:
100028a2:	b5f0      	push	{r4, r5, r6, r7, lr}
100028a4:	2401      	movs	r4, #1
100028a6:	07e4      	lsls	r4, r4, #31
100028a8:	4063      	eors	r3, r4
100028aa:	e000      	b.n	100028ae <da_entry>

100028ac <dadd_shim>:
100028ac:	b5f0      	push	{r4, r5, r6, r7, lr}

100028ae <da_entry>:
100028ae:	0d0c      	lsrs	r4, r1, #20
100028b0:	0fcf      	lsrs	r7, r1, #31
100028b2:	1e66      	subs	r6, r4, #1
100028b4:	0536      	lsls	r6, r6, #20
100028b6:	1b89      	subs	r1, r1, r6
100028b8:	0564      	lsls	r4, r4, #21
100028ba:	d303      	bcc.n	100028c4 <l8_1>
100028bc:	43c9      	mvns	r1, r1
100028be:	4240      	negs	r0, r0
100028c0:	d300      	bcc.n	100028c4 <l8_1>
100028c2:	3101      	adds	r1, #1

100028c4 <l8_1>:
100028c4:	0d64      	lsrs	r4, r4, #21
100028c6:	d003      	beq.n	100028d0 <l8_2>
100028c8:	1c66      	adds	r6, r4, #1
100028ca:	0af6      	lsrs	r6, r6, #11
100028cc:	d007      	beq.n	100028de <l8_3>
100028ce:	1be4      	subs	r4, r4, r7

100028d0 <l8_2>:
100028d0:	2000      	movs	r0, #0
100028d2:	007f      	lsls	r7, r7, #1
100028d4:	1c79      	adds	r1, r7, #1
100028d6:	0789      	lsls	r1, r1, #30
100028d8:	1289      	asrs	r1, r1, #10
100028da:	3c80      	subs	r4, #128	@ 0x80
100028dc:	0324      	lsls	r4, r4, #12

100028de <l8_3>:
100028de:	0d1d      	lsrs	r5, r3, #20
100028e0:	0fdf      	lsrs	r7, r3, #31
100028e2:	1e6e      	subs	r6, r5, #1
100028e4:	0536      	lsls	r6, r6, #20
100028e6:	1b9b      	subs	r3, r3, r6
100028e8:	056d      	lsls	r5, r5, #21
100028ea:	d303      	bcc.n	100028f4 <l9_1>
100028ec:	43db      	mvns	r3, r3
100028ee:	4252      	negs	r2, r2
100028f0:	d300      	bcc.n	100028f4 <l9_1>
100028f2:	3301      	adds	r3, #1

100028f4 <l9_1>:
100028f4:	0d6d      	lsrs	r5, r5, #21
100028f6:	d003      	beq.n	10002900 <l9_2>
100028f8:	1c6e      	adds	r6, r5, #1
100028fa:	0af6      	lsrs	r6, r6, #11
100028fc:	d007      	beq.n	1000290e <l9_3>
100028fe:	1bed      	subs	r5, r5, r7

10002900 <l9_2>:
10002900:	2200      	movs	r2, #0
10002902:	007f      	lsls	r7, r7, #1
10002904:	1c7b      	adds	r3, r7, #1
10002906:	079b      	lsls	r3, r3, #30
10002908:	129b      	asrs	r3, r3, #10
1000290a:	3d80      	subs	r5, #128	@ 0x80
1000290c:	032d      	lsls	r5, r5, #12

1000290e <l9_3>:
1000290e:	1b2f      	subs	r7, r5, r4
10002910:	1b66      	subs	r6, r4, r5
10002912:	d458      	bmi.n	100029c6 <da_ygtx>
10002914:	46a4      	mov	ip, r4
10002916:	2e20      	cmp	r6, #32
10002918:	da46      	bge.n	100029a8 <da_xrgty>
1000291a:	3720      	adds	r7, #32
1000291c:	0014      	movs	r4, r2
1000291e:	40bc      	lsls	r4, r7

10002920 <da_xgty0>:
10002920:	001d      	movs	r5, r3
10002922:	40bd      	lsls	r5, r7
10002924:	40f2      	lsrs	r2, r6
10002926:	4133      	asrs	r3, r6
10002928:	432a      	orrs	r2, r5

1000292a <da_add>:
1000292a:	1880      	adds	r0, r0, r2
1000292c:	4159      	adcs	r1, r3

1000292e <da_pack>:
1000292e:	0fcb      	lsrs	r3, r1, #31
10002930:	d005      	beq.n	1000293e <da_pack+0x10>
10002932:	43c9      	mvns	r1, r1
10002934:	43c0      	mvns	r0, r0
10002936:	2200      	movs	r2, #0
10002938:	4264      	negs	r4, r4
1000293a:	4150      	adcs	r0, r2
1000293c:	4151      	adcs	r1, r2
1000293e:	4662      	mov	r2, ip
10002940:	0d4d      	lsrs	r5, r1, #21
10002942:	d128      	bne.n	10002996 <da_0>
10002944:	0d0d      	lsrs	r5, r1, #20
10002946:	d107      	bne.n	10002958 <da_1>
10002948:	2800      	cmp	r0, #0
1000294a:	d01f      	beq.n	1000298c <da_5>

1000294c <da_2>:
1000294c:	1924      	adds	r4, r4, r4
1000294e:	4140      	adcs	r0, r0
10002950:	4149      	adcs	r1, r1
10002952:	3a01      	subs	r2, #1
10002954:	0d0d      	lsrs	r5, r1, #20
10002956:	d0f9      	beq.n	1000294c <da_2>

10002958 <da_1>:
10002958:	0064      	lsls	r4, r4, #1
1000295a:	d306      	bcc.n	1000296a <da_3>

1000295c <da_4>:
1000295c:	3001      	adds	r0, #1
1000295e:	d300      	bcc.n	10002962 <da_4+0x6>
10002960:	3101      	adds	r1, #1
10002962:	2c00      	cmp	r4, #0
10002964:	d101      	bne.n	1000296a <da_3>
10002966:	0840      	lsrs	r0, r0, #1
10002968:	0040      	lsls	r0, r0, #1

1000296a <da_3>:
1000296a:	3a01      	subs	r2, #1
1000296c:	d40b      	bmi.n	10002986 <da_6>
1000296e:	1c94      	adds	r4, r2, #2
10002970:	0ae4      	lsrs	r4, r4, #11
10002972:	d104      	bne.n	1000297e <da_7>
10002974:	0512      	lsls	r2, r2, #20
10002976:	4411      	add	r1, r2
10002978:	07db      	lsls	r3, r3, #31
1000297a:	4419      	add	r1, r3
1000297c:	bdf0      	pop	{r4, r5, r6, r7, pc}

1000297e <da_7>:
1000297e:	07d9      	lsls	r1, r3, #31
10002980:	4b20      	ldr	r3, [pc, #128]	@ (10002a04 <da_xmgty+0x4>)
10002982:	4319      	orrs	r1, r3
10002984:	e000      	b.n	10002988 <da_6+0x2>

10002986 <da_6>:
10002986:	07d9      	lsls	r1, r3, #31
10002988:	2000      	movs	r0, #0
1000298a:	bdf0      	pop	{r4, r5, r6, r7, pc}

1000298c <da_5>:
1000298c:	2900      	cmp	r1, #0
1000298e:	d1dd      	bne.n	1000294c <da_2>
10002990:	2c00      	cmp	r4, #0
10002992:	d1db      	bne.n	1000294c <da_2>
10002994:	bdf0      	pop	{r4, r5, r6, r7, pc}

10002996 <da_0>:
10002996:	3201      	adds	r2, #1
10002998:	07c6      	lsls	r6, r0, #31
1000299a:	0840      	lsrs	r0, r0, #1
1000299c:	07cd      	lsls	r5, r1, #31
1000299e:	4328      	orrs	r0, r5
100029a0:	0849      	lsrs	r1, r1, #1
100029a2:	2e00      	cmp	r6, #0
100029a4:	d0e1      	beq.n	1000296a <da_3>
100029a6:	e7d9      	b.n	1000295c <da_4>

100029a8 <da_xrgty>:
100029a8:	2e3c      	cmp	r6, #60	@ 0x3c
100029aa:	da29      	bge.n	10002a00 <da_xmgty>
100029ac:	3e20      	subs	r6, #32
100029ae:	3740      	adds	r7, #64	@ 0x40
100029b0:	0014      	movs	r4, r2
100029b2:	40bc      	lsls	r4, r7
100029b4:	d000      	beq.n	100029b8 <da_xrgty+0x10>
100029b6:	2401      	movs	r4, #1
100029b8:	40f2      	lsrs	r2, r6
100029ba:	4314      	orrs	r4, r2
100029bc:	001a      	movs	r2, r3
100029be:	40bb      	lsls	r3, r7
100029c0:	431c      	orrs	r4, r3
100029c2:	17d3      	asrs	r3, r2, #31
100029c4:	e7ac      	b.n	10002920 <da_xgty0>

100029c6 <da_ygtx>:
100029c6:	46ac      	mov	ip, r5
100029c8:	2f20      	cmp	r7, #32
100029ca:	da08      	bge.n	100029de <da_yrgtx>
100029cc:	3620      	adds	r6, #32
100029ce:	0004      	movs	r4, r0
100029d0:	40b4      	lsls	r4, r6

100029d2 <da_ygtx0>:
100029d2:	000d      	movs	r5, r1
100029d4:	40b5      	lsls	r5, r6
100029d6:	40f8      	lsrs	r0, r7
100029d8:	4139      	asrs	r1, r7
100029da:	4328      	orrs	r0, r5
100029dc:	e7a5      	b.n	1000292a <da_add>

100029de <da_yrgtx>:
100029de:	2f3c      	cmp	r7, #60	@ 0x3c
100029e0:	da0c      	bge.n	100029fc <da_ymgtx>
100029e2:	3f20      	subs	r7, #32
100029e4:	3640      	adds	r6, #64	@ 0x40
100029e6:	0004      	movs	r4, r0
100029e8:	40b4      	lsls	r4, r6
100029ea:	d000      	beq.n	100029ee <da_yrgtx+0x10>
100029ec:	2401      	movs	r4, #1
100029ee:	40f8      	lsrs	r0, r7
100029f0:	4304      	orrs	r4, r0
100029f2:	0008      	movs	r0, r1
100029f4:	40b1      	lsls	r1, r6
100029f6:	430c      	orrs	r4, r1
100029f8:	17c1      	asrs	r1, r0, #31
100029fa:	e7ea      	b.n	100029d2 <da_ygtx0>

100029fc <da_ymgtx>:
100029fc:	0010      	movs	r0, r2
100029fe:	0019      	movs	r1, r3

10002a00 <da_xmgty>:
10002a00:	2400      	movs	r4, #0
10002a02:	e794      	b.n	1000292e <da_pack>
10002a04:	7ff00000 	.word	0x7ff00000

10002a08 <dmul_shim>:
10002a08:	b5f0      	push	{r4, r5, r6, r7, lr}
10002a0a:	0d0c      	lsrs	r4, r1, #20
10002a0c:	1e66      	subs	r6, r4, #1
10002a0e:	0536      	lsls	r6, r6, #20
10002a10:	1b89      	subs	r1, r1, r6
10002a12:	0ae6      	lsrs	r6, r4, #11
10002a14:	0564      	lsls	r4, r4, #21
10002a16:	0d64      	lsrs	r4, r4, #21
10002a18:	d002      	beq.n	10002a20 <l12_1>
10002a1a:	1c65      	adds	r5, r4, #1
10002a1c:	0aed      	lsrs	r5, r5, #11
10002a1e:	d004      	beq.n	10002a2a <l12_2>

10002a20 <l12_1>:
10002a20:	2000      	movs	r0, #0
10002a22:	2101      	movs	r1, #1
10002a24:	0509      	lsls	r1, r1, #20
10002a26:	3c80      	subs	r4, #128	@ 0x80
10002a28:	0324      	lsls	r4, r4, #12

10002a2a <l12_2>:
10002a2a:	46a4      	mov	ip, r4
10002a2c:	0d1c      	lsrs	r4, r3, #20
10002a2e:	1e67      	subs	r7, r4, #1
10002a30:	053f      	lsls	r7, r7, #20
10002a32:	1bdb      	subs	r3, r3, r7
10002a34:	0ae7      	lsrs	r7, r4, #11
10002a36:	0564      	lsls	r4, r4, #21
10002a38:	0d64      	lsrs	r4, r4, #21
10002a3a:	d002      	beq.n	10002a42 <l13_1>
10002a3c:	1c65      	adds	r5, r4, #1
10002a3e:	0aed      	lsrs	r5, r5, #11
10002a40:	d004      	beq.n	10002a4c <l13_2>

10002a42 <l13_1>:
10002a42:	2200      	movs	r2, #0
10002a44:	2301      	movs	r3, #1
10002a46:	051b      	lsls	r3, r3, #20
10002a48:	3c80      	subs	r4, #128	@ 0x80
10002a4a:	0324      	lsls	r4, r4, #12

10002a4c <l13_2>:
10002a4c:	4077      	eors	r7, r6
10002a4e:	4464      	add	r4, ip
10002a50:	b497      	push	{r0, r1, r2, r4, r7}
10002a52:	b284      	uxth	r4, r0
10002a54:	b296      	uxth	r6, r2
10002a56:	4374      	muls	r4, r6
10002a58:	0c07      	lsrs	r7, r0, #16
10002a5a:	437e      	muls	r6, r7
10002a5c:	0c15      	lsrs	r5, r2, #16
10002a5e:	436f      	muls	r7, r5
10002a60:	b280      	uxth	r0, r0
10002a62:	4368      	muls	r0, r5
10002a64:	1836      	adds	r6, r6, r0
10002a66:	d302      	bcc.n	10002a6e <l14_1>
10002a68:	2001      	movs	r0, #1
10002a6a:	0400      	lsls	r0, r0, #16
10002a6c:	183f      	adds	r7, r7, r0

10002a6e <l14_1>:
10002a6e:	0430      	lsls	r0, r6, #16
10002a70:	0c35      	lsrs	r5, r6, #16
10002a72:	1900      	adds	r0, r0, r4
10002a74:	417d      	adcs	r5, r7
10002a76:	4684      	mov	ip, r0
10002a78:	b288      	uxth	r0, r1
10002a7a:	b29a      	uxth	r2, r3
10002a7c:	4350      	muls	r0, r2
10002a7e:	0c0c      	lsrs	r4, r1, #16
10002a80:	4362      	muls	r2, r4
10002a82:	0c1f      	lsrs	r7, r3, #16
10002a84:	437c      	muls	r4, r7
10002a86:	b28e      	uxth	r6, r1
10002a88:	437e      	muls	r6, r7
10002a8a:	1992      	adds	r2, r2, r6
10002a8c:	d302      	bcc.n	10002a94 <l15_1>
10002a8e:	2601      	movs	r6, #1
10002a90:	0436      	lsls	r6, r6, #16
10002a92:	19a4      	adds	r4, r4, r6

10002a94 <l15_1>:
10002a94:	0416      	lsls	r6, r2, #16
10002a96:	0c17      	lsrs	r7, r2, #16
10002a98:	1836      	adds	r6, r6, r0
10002a9a:	4167      	adcs	r7, r4
10002a9c:	bc01      	pop	{r0}
10002a9e:	b281      	uxth	r1, r0
10002aa0:	b29a      	uxth	r2, r3
10002aa2:	4351      	muls	r1, r2
10002aa4:	0c04      	lsrs	r4, r0, #16
10002aa6:	4362      	muls	r2, r4
10002aa8:	0c1b      	lsrs	r3, r3, #16
10002aaa:	435c      	muls	r4, r3
10002aac:	b280      	uxth	r0, r0
10002aae:	4358      	muls	r0, r3
10002ab0:	1812      	adds	r2, r2, r0
10002ab2:	d302      	bcc.n	10002aba <l16_1>
10002ab4:	2001      	movs	r0, #1
10002ab6:	0400      	lsls	r0, r0, #16
10002ab8:	1824      	adds	r4, r4, r0

10002aba <l16_1>:
10002aba:	0410      	lsls	r0, r2, #16
10002abc:	0c13      	lsrs	r3, r2, #16
10002abe:	1840      	adds	r0, r0, r1
10002ac0:	4163      	adcs	r3, r4
10002ac2:	182d      	adds	r5, r5, r0
10002ac4:	415e      	adcs	r6, r3
10002ac6:	2000      	movs	r0, #0
10002ac8:	4147      	adcs	r7, r0
10002aca:	bc06      	pop	{r1, r2}
10002acc:	b288      	uxth	r0, r1
10002ace:	b293      	uxth	r3, r2
10002ad0:	4358      	muls	r0, r3
10002ad2:	0c0c      	lsrs	r4, r1, #16
10002ad4:	4363      	muls	r3, r4
10002ad6:	0c12      	lsrs	r2, r2, #16
10002ad8:	4354      	muls	r4, r2
10002ada:	b289      	uxth	r1, r1
10002adc:	4351      	muls	r1, r2
10002ade:	185b      	adds	r3, r3, r1
10002ae0:	d302      	bcc.n	10002ae8 <l17_1>
10002ae2:	2101      	movs	r1, #1
10002ae4:	0409      	lsls	r1, r1, #16
10002ae6:	1864      	adds	r4, r4, r1

10002ae8 <l17_1>:
10002ae8:	0419      	lsls	r1, r3, #16
10002aea:	0c1a      	lsrs	r2, r3, #16
10002aec:	1809      	adds	r1, r1, r0
10002aee:	4162      	adcs	r2, r4
10002af0:	186d      	adds	r5, r5, r1
10002af2:	4156      	adcs	r6, r2
10002af4:	2000      	movs	r0, #0
10002af6:	4147      	adcs	r7, r0
10002af8:	bc18      	pop	{r3, r4}
10002afa:	02f9      	lsls	r1, r7, #11
10002afc:	0d72      	lsrs	r2, r6, #21
10002afe:	4311      	orrs	r1, r2
10002b00:	02f0      	lsls	r0, r6, #11
10002b02:	0d6a      	lsrs	r2, r5, #21
10002b04:	4310      	orrs	r0, r2
10002b06:	02ed      	lsls	r5, r5, #11
10002b08:	0d0a      	lsrs	r2, r1, #20
10002b0a:	d103      	bne.n	10002b14 <l17_1+0x2c>
10002b0c:	196d      	adds	r5, r5, r5
10002b0e:	4140      	adcs	r0, r0
10002b10:	4149      	adcs	r1, r1
10002b12:	3b01      	subs	r3, #1
10002b14:	4e12      	ldr	r6, [pc, #72]	@ (10002b60 <dm_1+0xa>)
10002b16:	1b9b      	subs	r3, r3, r6
10002b18:	0076      	lsls	r6, r6, #1
10002b1a:	42b3      	cmp	r3, r6
10002b1c:	d20e      	bcs.n	10002b3c <dm_0>
10002b1e:	006d      	lsls	r5, r5, #1
10002b20:	d307      	bcc.n	10002b32 <l17_1+0x4a>
10002b22:	3001      	adds	r0, #1
10002b24:	2600      	movs	r6, #0
10002b26:	4171      	adcs	r1, r6
10002b28:	4666      	mov	r6, ip
10002b2a:	4335      	orrs	r5, r6
10002b2c:	d101      	bne.n	10002b32 <l17_1+0x4a>
10002b2e:	0840      	lsrs	r0, r0, #1
10002b30:	0040      	lsls	r0, r0, #1
10002b32:	051b      	lsls	r3, r3, #20
10002b34:	18c9      	adds	r1, r1, r3

10002b36 <dm_2>:
10002b36:	07e4      	lsls	r4, r4, #31
10002b38:	4421      	add	r1, r4
10002b3a:	bdf0      	pop	{r4, r5, r6, r7, pc}

10002b3c <dm_0>:
10002b3c:	da0b      	bge.n	10002b56 <dm_1>
10002b3e:	3301      	adds	r3, #1
10002b40:	d106      	bne.n	10002b50 <dm_0+0x14>
10002b42:	3001      	adds	r0, #1
10002b44:	d104      	bne.n	10002b50 <dm_0+0x14>
10002b46:	3101      	adds	r1, #1
10002b48:	0d4f      	lsrs	r7, r1, #21
10002b4a:	d001      	beq.n	10002b50 <dm_0+0x14>
10002b4c:	0849      	lsrs	r1, r1, #1
10002b4e:	e7f2      	b.n	10002b36 <dm_2>
10002b50:	07e1      	lsls	r1, r4, #31
10002b52:	2000      	movs	r0, #0
10002b54:	bdf0      	pop	{r4, r5, r6, r7, pc}

10002b56 <dm_1>:
10002b56:	3601      	adds	r6, #1
10002b58:	0531      	lsls	r1, r6, #20
10002b5a:	2000      	movs	r0, #0
10002b5c:	e7eb      	b.n	10002b36 <dm_2>
10002b5e:	0000      	.short	0x0000
10002b60:	000003ff 	.word	0x000003ff

10002b64 <ddiv_shim>:
10002b64:	b5f0      	push	{r4, r5, r6, r7, lr}

10002b66 <ddiv0>:
10002b66:	0d1c      	lsrs	r4, r3, #20
10002b68:	1e67      	subs	r7, r4, #1
10002b6a:	053f      	lsls	r7, r7, #20
10002b6c:	1bdb      	subs	r3, r3, r7
10002b6e:	0ae7      	lsrs	r7, r4, #11
10002b70:	0564      	lsls	r4, r4, #21
10002b72:	0d64      	lsrs	r4, r4, #21
10002b74:	d002      	beq.n	10002b7c <l20_1>
10002b76:	1c66      	adds	r6, r4, #1
10002b78:	0af6      	lsrs	r6, r6, #11
10002b7a:	d004      	beq.n	10002b86 <l20_2>

10002b7c <l20_1>:
10002b7c:	2200      	movs	r2, #0
10002b7e:	2301      	movs	r3, #1
10002b80:	051b      	lsls	r3, r3, #20
10002b82:	3c80      	subs	r4, #128	@ 0x80
10002b84:	0324      	lsls	r4, r4, #12

10002b86 <l20_2>:
10002b86:	25d0      	movs	r5, #208	@ 0xd0
10002b88:	062d      	lsls	r5, r5, #24
10002b8a:	2600      	movs	r6, #0
10002b8c:	43f6      	mvns	r6, r6
10002b8e:	662e      	str	r6, [r5, #96]	@ 0x60
10002b90:	091e      	lsrs	r6, r3, #4
10002b92:	666e      	str	r6, [r5, #100]	@ 0x64
10002b94:	0fce      	lsrs	r6, r1, #31
10002b96:	19f6      	adds	r6, r6, r7
10002b98:	46b4      	mov	ip, r6
10002b9a:	0049      	lsls	r1, r1, #1
10002b9c:	0d4f      	lsrs	r7, r1, #21
10002b9e:	d002      	beq.n	10002ba6 <l20_2+0x20>
10002ba0:	1c7e      	adds	r6, r7, #1
10002ba2:	0af6      	lsrs	r6, r6, #11
10002ba4:	d003      	beq.n	10002bae <l20_2+0x28>
10002ba6:	2000      	movs	r0, #0
10002ba8:	2100      	movs	r1, #0
10002baa:	3f40      	subs	r7, #64	@ 0x40
10002bac:	033f      	lsls	r7, r7, #12
10002bae:	1b3e      	subs	r6, r7, r4
10002bb0:	00b6      	lsls	r6, r6, #2
10002bb2:	44b4      	add	ip, r6
10002bb4:	3f01      	subs	r7, #1
10002bb6:	057f      	lsls	r7, r7, #21
10002bb8:	1bc9      	subs	r1, r1, r7
10002bba:	0849      	lsrs	r1, r1, #1
10002bbc:	6f2e      	ldr	r6, [r5, #112]	@ 0x70
10002bbe:	3601      	adds	r6, #1
10002bc0:	0876      	lsrs	r6, r6, #1
10002bc2:	029c      	lsls	r4, r3, #10
10002bc4:	0d95      	lsrs	r5, r2, #22
10002bc6:	4325      	orrs	r5, r4
10002bc8:	4375      	muls	r5, r6
10002bca:	13ed      	asrs	r5, r5, #15
10002bcc:	4375      	muls	r5, r6
10002bce:	13ad      	asrs	r5, r5, #14
10002bd0:	3501      	adds	r5, #1
10002bd2:	106d      	asrs	r5, r5, #1
10002bd4:	03f6      	lsls	r6, r6, #15
10002bd6:	1b76      	subs	r6, r6, r5
10002bd8:	b40c      	push	{r2, r3}
10002bda:	02cc      	lsls	r4, r1, #11
10002bdc:	0d45      	lsrs	r5, r0, #21
10002bde:	432c      	orrs	r4, r5
10002be0:	b2a2      	uxth	r2, r4
10002be2:	b2b3      	uxth	r3, r6
10002be4:	435a      	muls	r2, r3
10002be6:	0c27      	lsrs	r7, r4, #16
10002be8:	437b      	muls	r3, r7
10002bea:	0c35      	lsrs	r5, r6, #16
10002bec:	436f      	muls	r7, r5
10002bee:	b2a4      	uxth	r4, r4
10002bf0:	436c      	muls	r4, r5
10002bf2:	191b      	adds	r3, r3, r4
10002bf4:	d302      	bcc.n	10002bfc <l21_1>
10002bf6:	2401      	movs	r4, #1
10002bf8:	0424      	lsls	r4, r4, #16
10002bfa:	193f      	adds	r7, r7, r4

10002bfc <l21_1>:
10002bfc:	041c      	lsls	r4, r3, #16
10002bfe:	0c1d      	lsrs	r5, r3, #16
10002c00:	18a4      	adds	r4, r4, r2
10002c02:	417d      	adcs	r5, r7
10002c04:	1924      	adds	r4, r4, r4
10002c06:	416d      	adcs	r5, r5
10002c08:	9a00      	ldr	r2, [sp, #0]
10002c0a:	b291      	uxth	r1, r2
10002c0c:	b2ac      	uxth	r4, r5
10002c0e:	4361      	muls	r1, r4
10002c10:	0c17      	lsrs	r7, r2, #16
10002c12:	437c      	muls	r4, r7
10002c14:	0c2b      	lsrs	r3, r5, #16
10002c16:	435f      	muls	r7, r3
10002c18:	b292      	uxth	r2, r2
10002c1a:	435a      	muls	r2, r3
10002c1c:	18a4      	adds	r4, r4, r2
10002c1e:	d302      	bcc.n	10002c26 <l22_1>
10002c20:	2201      	movs	r2, #1
10002c22:	0412      	lsls	r2, r2, #16
10002c24:	18bf      	adds	r7, r7, r2

10002c26 <l22_1>:
10002c26:	0422      	lsls	r2, r4, #16
10002c28:	0c23      	lsrs	r3, r4, #16
10002c2a:	1852      	adds	r2, r2, r1
10002c2c:	417b      	adcs	r3, r7
10002c2e:	9c01      	ldr	r4, [sp, #4]
10002c30:	436c      	muls	r4, r5
10002c32:	191b      	adds	r3, r3, r4
10002c34:	0e52      	lsrs	r2, r2, #25
10002c36:	01d9      	lsls	r1, r3, #7
10002c38:	430a      	orrs	r2, r1
10002c3a:	0144      	lsls	r4, r0, #5
10002c3c:	1aa0      	subs	r0, r4, r2
10002c3e:	b281      	uxth	r1, r0
10002c40:	b2b2      	uxth	r2, r6
10002c42:	4351      	muls	r1, r2
10002c44:	1403      	asrs	r3, r0, #16
10002c46:	435a      	muls	r2, r3
10002c48:	0c36      	lsrs	r6, r6, #16
10002c4a:	4373      	muls	r3, r6
10002c4c:	b287      	uxth	r7, r0
10002c4e:	4377      	muls	r7, r6
10002c50:	17d6      	asrs	r6, r2, #31
10002c52:	19d2      	adds	r2, r2, r7
10002c54:	2700      	movs	r7, #0
10002c56:	417e      	adcs	r6, r7
10002c58:	0436      	lsls	r6, r6, #16
10002c5a:	199b      	adds	r3, r3, r6
10002c5c:	0417      	lsls	r7, r2, #16
10002c5e:	0c16      	lsrs	r6, r2, #16
10002c60:	187f      	adds	r7, r7, r1
10002c62:	415e      	adcs	r6, r3
10002c64:	1673      	asrs	r3, r6, #25
10002c66:	18ed      	adds	r5, r5, r3
10002c68:	01f3      	lsls	r3, r6, #7
10002c6a:	2600      	movs	r6, #0
10002c6c:	3380      	adds	r3, #128	@ 0x80
10002c6e:	4175      	adcs	r5, r6
10002c70:	0fa9      	lsrs	r1, r5, #30
10002c72:	d106      	bne.n	10002c82 <dd_0>
10002c74:	0064      	lsls	r4, r4, #1
10002c76:	0a69      	lsrs	r1, r5, #9
10002c78:	05e8      	lsls	r0, r5, #23
10002c7a:	0a5b      	lsrs	r3, r3, #9
10002c7c:	4318      	orrs	r0, r3
10002c7e:	d209      	bcs.n	10002c94 <dd_1>
10002c80:	e02f      	b.n	10002ce2 <dd_2>

10002c82 <dd_0>:
10002c82:	2204      	movs	r2, #4
10002c84:	4494      	add	ip, r2
10002c86:	3380      	adds	r3, #128	@ 0x80
10002c88:	4175      	adcs	r5, r6
10002c8a:	0aa9      	lsrs	r1, r5, #10
10002c8c:	05a8      	lsls	r0, r5, #22
10002c8e:	0a9b      	lsrs	r3, r3, #10
10002c90:	4318      	orrs	r0, r3
10002c92:	d326      	bcc.n	10002ce2 <dd_2>

10002c94 <dd_1>:
10002c94:	4140      	adcs	r0, r0
10002c96:	4149      	adcs	r1, r1
10002c98:	0424      	lsls	r4, r4, #16
10002c9a:	9a00      	ldr	r2, [sp, #0]
10002c9c:	9b01      	ldr	r3, [sp, #4]
10002c9e:	000d      	movs	r5, r1
10002ca0:	4355      	muls	r5, r2
10002ca2:	1b64      	subs	r4, r4, r5
10002ca4:	4343      	muls	r3, r0
10002ca6:	1ae4      	subs	r4, r4, r3
10002ca8:	b295      	uxth	r5, r2
10002caa:	b286      	uxth	r6, r0
10002cac:	4375      	muls	r5, r6
10002cae:	0c17      	lsrs	r7, r2, #16
10002cb0:	437e      	muls	r6, r7
10002cb2:	0c03      	lsrs	r3, r0, #16
10002cb4:	435f      	muls	r7, r3
10002cb6:	b292      	uxth	r2, r2
10002cb8:	435a      	muls	r2, r3
10002cba:	18b6      	adds	r6, r6, r2
10002cbc:	d302      	bcc.n	10002cc4 <l24_1>
10002cbe:	2201      	movs	r2, #1
10002cc0:	0412      	lsls	r2, r2, #16
10002cc2:	18bf      	adds	r7, r7, r2

10002cc4 <l24_1>:
10002cc4:	0432      	lsls	r2, r6, #16
10002cc6:	0c33      	lsrs	r3, r6, #16
10002cc8:	1952      	adds	r2, r2, r5
10002cca:	417b      	adcs	r3, r7
10002ccc:	4252      	negs	r2, r2
10002cce:	419c      	sbcs	r4, r3
10002cd0:	2c00      	cmp	r4, #0
10002cd2:	d402      	bmi.n	10002cda <l24_1+0x16>
10002cd4:	2200      	movs	r2, #0
10002cd6:	3001      	adds	r0, #1
10002cd8:	4151      	adcs	r1, r2
10002cda:	0840      	lsrs	r0, r0, #1
10002cdc:	07ca      	lsls	r2, r1, #31
10002cde:	4310      	orrs	r0, r2
10002ce0:	0849      	lsrs	r1, r1, #1

10002ce2 <dd_2>:
10002ce2:	b002      	add	sp, #8
10002ce4:	4662      	mov	r2, ip
10002ce6:	07d7      	lsls	r7, r2, #31
10002ce8:	1092      	asrs	r2, r2, #2
10002cea:	4b08      	ldr	r3, [pc, #32]	@ (10002d0c <dd_4+0x6>)
10002cec:	18d2      	adds	r2, r2, r3
10002cee:	4b08      	ldr	r3, [pc, #32]	@ (10002d10 <dd_4+0xa>)
10002cf0:	429a      	cmp	r2, r3
10002cf2:	d203      	bcs.n	10002cfc <dd_3>
10002cf4:	0512      	lsls	r2, r2, #20
10002cf6:	1889      	adds	r1, r1, r2

10002cf8 <dd_5>:
10002cf8:	19c9      	adds	r1, r1, r7
10002cfa:	bdf0      	pop	{r4, r5, r6, r7, pc}

10002cfc <dd_3>:
10002cfc:	2000      	movs	r0, #0
10002cfe:	2a00      	cmp	r2, #0
10002d00:	dc01      	bgt.n	10002d06 <dd_4>
10002d02:	0039      	movs	r1, r7
10002d04:	bdf0      	pop	{r4, r5, r6, r7, pc}

10002d06 <dd_4>:
10002d06:	3301      	adds	r3, #1
10002d08:	0519      	lsls	r1, r3, #20
10002d0a:	e7f5      	b.n	10002cf8 <dd_5>
10002d0c:	000003fd 	.word	0x000003fd
10002d10:	000007fe 	.word	0x000007fe

10002d14 <double2uint_shim>:
10002d14:	2200      	movs	r2, #0

10002d16 <double2ufix_shim>:
10002d16:	b500      	push	{lr}
10002d18:	3220      	adds	r2, #32
10002d1a:	f000 f804 	bl	10002d26 <double2ufix64_shim>
10002d1e:	0008      	movs	r0, r1
10002d20:	bd00      	pop	{pc}
	...

10002d24 <double2uint64_shim>:
10002d24:	2200      	movs	r2, #0

10002d26 <double2ufix64_shim>:
10002d26:	150b      	asrs	r3, r1, #20
10002d28:	d40a      	bmi.n	10002d40 <ret_dzero>

10002d2a <d2fix>:
10002d2a:	b510      	push	{r4, lr}
10002d2c:	4694      	mov	ip, r2
10002d2e:	f000 f879 	bl	10002e24 <dunpacks>
10002d32:	1414      	asrs	r4, r2, #16
10002d34:	3401      	adds	r4, #1
10002d36:	da00      	bge.n	10002d3a <d2fix+0x10>
10002d38:	2100      	movs	r1, #0
10002d3a:	17cb      	asrs	r3, r1, #31
10002d3c:	4c14      	ldr	r4, [pc, #80]	@ (10002d90 <d2fix_a+0x4a>)
10002d3e:	4720      	bx	r4

10002d40 <ret_dzero>:
10002d40:	2000      	movs	r0, #0
10002d42:	2100      	movs	r1, #0
10002d44:	4770      	bx	lr

10002d46 <d2fix_a>:
10002d46:	4462      	add	r2, ip
10002d48:	3a34      	subs	r2, #52	@ 0x34
10002d4a:	d40c      	bmi.n	10002d66 <d2fix_a+0x20>
10002d4c:	2a0c      	cmp	r2, #12
10002d4e:	da07      	bge.n	10002d60 <d2fix_a+0x1a>
10002d50:	0004      	movs	r4, r0
10002d52:	4091      	lsls	r1, r2
10002d54:	4090      	lsls	r0, r2
10002d56:	4252      	negs	r2, r2
10002d58:	3220      	adds	r2, #32
10002d5a:	40d4      	lsrs	r4, r2
10002d5c:	4321      	orrs	r1, r4
10002d5e:	bd10      	pop	{r4, pc}
10002d60:	43d8      	mvns	r0, r3
10002d62:	43d9      	mvns	r1, r3
10002d64:	bd10      	pop	{r4, pc}
10002d66:	3220      	adds	r2, #32
10002d68:	d407      	bmi.n	10002d7a <d2fix_a+0x34>
10002d6a:	460c      	mov	r4, r1
10002d6c:	4094      	lsls	r4, r2
10002d6e:	4252      	negs	r2, r2
10002d70:	3220      	adds	r2, #32
10002d72:	4111      	asrs	r1, r2
10002d74:	40d0      	lsrs	r0, r2
10002d76:	4320      	orrs	r0, r4
10002d78:	bd10      	pop	{r4, pc}
10002d7a:	0008      	movs	r0, r1
10002d7c:	17c9      	asrs	r1, r1, #31
10002d7e:	3220      	adds	r2, #32
10002d80:	d403      	bmi.n	10002d8a <d2fix_a+0x44>
10002d82:	4252      	negs	r2, r2
10002d84:	3220      	adds	r2, #32
10002d86:	4110      	asrs	r0, r2
10002d88:	bd10      	pop	{r4, pc}
10002d8a:	0018      	movs	r0, r3
10002d8c:	0019      	movs	r1, r3
10002d8e:	bd10      	pop	{r4, pc}
10002d90:	10002d47 	.word	0x10002d47

10002d94 <uint2double_shim>:
10002d94:	2100      	movs	r1, #0

10002d96 <ufix2double_shim>:
10002d96:	000a      	movs	r2, r1
10002d98:	2100      	movs	r1, #0
10002d9a:	e004      	b.n	10002da6 <ufix642double_shim>

10002d9c <int2double_shim>:
10002d9c:	2100      	movs	r1, #0

10002d9e <fix2double_shim>:
10002d9e:	000a      	movs	r2, r1
10002da0:	17c1      	asrs	r1, r0, #31
10002da2:	e004      	b.n	10002dae <fix642double_shim>

10002da4 <uint642double_shim>:
10002da4:	2200      	movs	r2, #0

10002da6 <ufix642double_shim>:
10002da6:	2300      	movs	r3, #0
10002da8:	e006      	b.n	10002db8 <uf2d>
10002daa:	46c0      	nop			@ (mov r8, r8)

10002dac <int642double_shim>:
10002dac:	2200      	movs	r2, #0

10002dae <fix642double_shim>:
10002dae:	17cb      	asrs	r3, r1, #31
10002db0:	4058      	eors	r0, r3
10002db2:	4059      	eors	r1, r3
10002db4:	1ac0      	subs	r0, r0, r3
10002db6:	4199      	sbcs	r1, r3

10002db8 <uf2d>:
10002db8:	b530      	push	{r4, r5, lr}
10002dba:	4c18      	ldr	r4, [pc, #96]	@ (10002e1c <uf2d+0x64>)
10002dbc:	1aa2      	subs	r2, r4, r2
10002dbe:	2900      	cmp	r1, #0
10002dc0:	d103      	bne.n	10002dca <uf2d+0x12>
10002dc2:	0001      	movs	r1, r0
10002dc4:	d010      	beq.n	10002de8 <uf2d+0x30>
10002dc6:	2000      	movs	r0, #0
10002dc8:	3a20      	subs	r2, #32
10002dca:	154c      	asrs	r4, r1, #21
10002dcc:	d112      	bne.n	10002df4 <uf2d+0x3c>
10002dce:	d204      	bcs.n	10002dda <uf2d+0x22>
10002dd0:	3a01      	subs	r2, #1
10002dd2:	1800      	adds	r0, r0, r0
10002dd4:	4149      	adcs	r1, r1
10002dd6:	0d4c      	lsrs	r4, r1, #21
10002dd8:	d3fa      	bcc.n	10002dd0 <uf2d+0x18>
10002dda:	4c11      	ldr	r4, [pc, #68]	@ (10002e20 <uf2d+0x68>)
10002ddc:	42a2      	cmp	r2, r4
10002dde:	d204      	bcs.n	10002dea <uf2d+0x32>
10002de0:	0512      	lsls	r2, r2, #20
10002de2:	1889      	adds	r1, r1, r2
10002de4:	07db      	lsls	r3, r3, #31
10002de6:	18c9      	adds	r1, r1, r3
10002de8:	bd30      	pop	{r4, r5, pc}
10002dea:	43d2      	mvns	r2, r2
10002dec:	0d52      	lsrs	r2, r2, #21
10002dee:	2000      	movs	r0, #0
10002df0:	2100      	movs	r1, #0
10002df2:	e7f5      	b.n	10002de0 <uf2d+0x28>
10002df4:	d403      	bmi.n	10002dfe <uf2d+0x46>
10002df6:	3a01      	subs	r2, #1
10002df8:	1800      	adds	r0, r0, r0
10002dfa:	4149      	adcs	r1, r1
10002dfc:	d5fb      	bpl.n	10002df6 <uf2d+0x3e>
10002dfe:	320b      	adds	r2, #11
10002e00:	0544      	lsls	r4, r0, #21
10002e02:	0ac0      	lsrs	r0, r0, #11
10002e04:	054d      	lsls	r5, r1, #21
10002e06:	4328      	orrs	r0, r5
10002e08:	0ac9      	lsrs	r1, r1, #11
10002e0a:	0064      	lsls	r4, r4, #1
10002e0c:	d003      	beq.n	10002e16 <uf2d+0x5e>
10002e0e:	2400      	movs	r4, #0
10002e10:	4160      	adcs	r0, r4
10002e12:	4161      	adcs	r1, r4
10002e14:	e7e1      	b.n	10002dda <uf2d+0x22>
10002e16:	d3e0      	bcc.n	10002dda <uf2d+0x22>
10002e18:	0844      	lsrs	r4, r0, #1
10002e1a:	e7f8      	b.n	10002e0e <uf2d+0x56>
10002e1c:	00000432 	.word	0x00000432
10002e20:	000007fe 	.word	0x000007fe

10002e24 <dunpacks>:
10002e24:	0d0a      	lsrs	r2, r1, #20
10002e26:	0fcc      	lsrs	r4, r1, #31
10002e28:	1e53      	subs	r3, r2, #1
10002e2a:	051b      	lsls	r3, r3, #20
10002e2c:	1ac9      	subs	r1, r1, r3
10002e2e:	0552      	lsls	r2, r2, #21
10002e30:	d303      	bcc.n	10002e3a <l60_1>
10002e32:	43c9      	mvns	r1, r1
10002e34:	4240      	negs	r0, r0
10002e36:	d300      	bcc.n	10002e3a <l60_1>
10002e38:	3101      	adds	r1, #1

10002e3a <l60_1>:
10002e3a:	0d52      	lsrs	r2, r2, #21
10002e3c:	d003      	beq.n	10002e46 <l60_2>
10002e3e:	1c53      	adds	r3, r2, #1
10002e40:	0adb      	lsrs	r3, r3, #11
10002e42:	d007      	beq.n	10002e54 <l60_3>
10002e44:	1b12      	subs	r2, r2, r4

10002e46 <l60_2>:
10002e46:	2000      	movs	r0, #0
10002e48:	0064      	lsls	r4, r4, #1
10002e4a:	1c61      	adds	r1, r4, #1
10002e4c:	0789      	lsls	r1, r1, #30
10002e4e:	1289      	asrs	r1, r1, #10
10002e50:	3a80      	subs	r2, #128	@ 0x80
10002e52:	0312      	lsls	r2, r2, #12

10002e54 <l60_3>:
10002e54:	4b01      	ldr	r3, [pc, #4]	@ (10002e5c <l60_3+0x8>)
10002e56:	1ad2      	subs	r2, r2, r3
10002e58:	4770      	bx	lr
10002e5a:	0000      	.short	0x0000
10002e5c:	000003ff 	.word	0x000003ff

10002e60 <dreduce>:
10002e60:	3202      	adds	r2, #2
10002e62:	d425      	bmi.n	10002eb0 <dreduce+0x50>
10002e64:	2a0c      	cmp	r2, #12
10002e66:	da1c      	bge.n	10002ea2 <dreduce+0x42>
10002e68:	2511      	movs	r5, #17
10002e6a:	1aad      	subs	r5, r5, r2
10002e6c:	000b      	movs	r3, r1
10002e6e:	412b      	asrs	r3, r5
10002e70:	3208      	adds	r2, #8
10002e72:	3507      	adds	r5, #7
10002e74:	0006      	movs	r6, r0
10002e76:	40ee      	lsrs	r6, r5
10002e78:	4090      	lsls	r0, r2
10002e7a:	4091      	lsls	r1, r2
10002e7c:	4331      	orrs	r1, r6
10002e7e:	ccf0      	ldmia	r4, {r4, r5, r6, r7}
10002e80:	4363      	muls	r3, r4
10002e82:	151a      	asrs	r2, r3, #20
10002e84:	2300      	movs	r3, #0
10002e86:	415a      	adcs	r2, r3
10002e88:	4355      	muls	r5, r2
10002e8a:	4356      	muls	r6, r2
10002e8c:	4357      	muls	r7, r2
10002e8e:	02bf      	lsls	r7, r7, #10
10002e90:	12f4      	asrs	r4, r6, #11
10002e92:	0576      	lsls	r6, r6, #21
10002e94:	1976      	adds	r6, r6, r5
10002e96:	4167      	adcs	r7, r4
10002e98:	17ed      	asrs	r5, r5, #31
10002e9a:	197f      	adds	r7, r7, r5
10002e9c:	1b80      	subs	r0, r0, r6
10002e9e:	41b9      	sbcs	r1, r7
10002ea0:	4770      	bx	lr
10002ea2:	220c      	movs	r2, #12
10002ea4:	2000      	movs	r0, #0
10002ea6:	17c9      	asrs	r1, r1, #31
10002ea8:	0049      	lsls	r1, r1, #1
10002eaa:	3101      	adds	r1, #1
10002eac:	0509      	lsls	r1, r1, #20
10002eae:	e7db      	b.n	10002e68 <dreduce+0x8>
10002eb0:	0209      	lsls	r1, r1, #8
10002eb2:	0e03      	lsrs	r3, r0, #24
10002eb4:	4319      	orrs	r1, r3
10002eb6:	0200      	lsls	r0, r0, #8
10002eb8:	4253      	negs	r3, r2
10002eba:	3220      	adds	r2, #32
10002ebc:	d408      	bmi.n	10002ed0 <dreduce+0x70>
10002ebe:	000c      	movs	r4, r1
10002ec0:	4119      	asrs	r1, r3
10002ec2:	4094      	lsls	r4, r2
10002ec4:	40d8      	lsrs	r0, r3
10002ec6:	4320      	orrs	r0, r4
10002ec8:	2200      	movs	r2, #0
10002eca:	4150      	adcs	r0, r2
10002ecc:	4151      	adcs	r1, r2
10002ece:	4770      	bx	lr
10002ed0:	0008      	movs	r0, r1
10002ed2:	17c9      	asrs	r1, r1, #31
10002ed4:	3b20      	subs	r3, #32
10002ed6:	3220      	adds	r2, #32
10002ed8:	d5f1      	bpl.n	10002ebe <dreduce+0x5e>
10002eda:	2000      	movs	r0, #0
10002edc:	2100      	movs	r1, #0
10002ede:	2200      	movs	r2, #0
10002ee0:	4770      	bx	lr
	...

10002ee4 <dexp_shim>:
10002ee4:	b5f0      	push	{r4, r5, r6, r7, lr}
10002ee6:	f7ff ff9d 	bl	10002e24 <dunpacks>
10002eea:	a454      	add	r4, pc, #336	@ (adr r4, 1000303c <dreddata1>)
10002eec:	f7ff ffb8 	bl	10002e60 <dreduce>
10002ef0:	2900      	cmp	r1, #0
10002ef2:	da04      	bge.n	10002efe <dexp_shim+0x1a>
10002ef4:	4c20      	ldr	r4, [pc, #128]	@ (10002f78 <dexp_shim+0x94>)
10002ef6:	4d21      	ldr	r5, [pc, #132]	@ (10002f7c <dexp_shim+0x98>)
10002ef8:	1900      	adds	r0, r0, r4
10002efa:	4169      	adcs	r1, r5
10002efc:	3a01      	subs	r2, #1
10002efe:	b404      	push	{r2}
10002f00:	2701      	movs	r7, #1
10002f02:	a652      	add	r6, pc, #328	@ (adr r6, 1000304c <dtab_exp>)
10002f04:	2200      	movs	r2, #0
10002f06:	2301      	movs	r3, #1
10002f08:	079b      	lsls	r3, r3, #30
10002f0a:	ce30      	ldmia	r6!, {r4, r5}
10002f0c:	46b4      	mov	ip, r6
10002f0e:	1b00      	subs	r0, r0, r4
10002f10:	41a9      	sbcs	r1, r5
10002f12:	d40b      	bmi.n	10002f2c <dexp_shim+0x48>
10002f14:	427e      	negs	r6, r7
10002f16:	3620      	adds	r6, #32
10002f18:	001d      	movs	r5, r3
10002f1a:	413d      	asrs	r5, r7
10002f1c:	001c      	movs	r4, r3
10002f1e:	40b4      	lsls	r4, r6
10002f20:	0016      	movs	r6, r2
10002f22:	40fe      	lsrs	r6, r7
10002f24:	4334      	orrs	r4, r6
10002f26:	4162      	adcs	r2, r4
10002f28:	416b      	adcs	r3, r5
10002f2a:	e001      	b.n	10002f30 <dexp_shim+0x4c>
10002f2c:	1900      	adds	r0, r0, r4
10002f2e:	4169      	adcs	r1, r5
10002f30:	4666      	mov	r6, ip
10002f32:	3701      	adds	r7, #1
10002f34:	2f21      	cmp	r7, #33	@ 0x21
10002f36:	d1e8      	bne.n	10002f0a <dexp_shim+0x26>
10002f38:	b285      	uxth	r5, r0
10002f3a:	b29e      	uxth	r6, r3
10002f3c:	4375      	muls	r5, r6
10002f3e:	1407      	asrs	r7, r0, #16
10002f40:	437e      	muls	r6, r7
10002f42:	0c19      	lsrs	r1, r3, #16
10002f44:	434f      	muls	r7, r1
10002f46:	b284      	uxth	r4, r0
10002f48:	434c      	muls	r4, r1
10002f4a:	17f1      	asrs	r1, r6, #31
10002f4c:	1936      	adds	r6, r6, r4
10002f4e:	2400      	movs	r4, #0
10002f50:	4161      	adcs	r1, r4
10002f52:	0409      	lsls	r1, r1, #16
10002f54:	187f      	adds	r7, r7, r1
10002f56:	0434      	lsls	r4, r6, #16
10002f58:	0c31      	lsrs	r1, r6, #16
10002f5a:	1964      	adds	r4, r4, r5
10002f5c:	4179      	adcs	r1, r7
10002f5e:	0fa4      	lsrs	r4, r4, #30
10002f60:	0088      	lsls	r0, r1, #2
10002f62:	4320      	orrs	r0, r4
10002f64:	1789      	asrs	r1, r1, #30
10002f66:	1880      	adds	r0, r0, r2
10002f68:	4159      	adcs	r1, r3
10002f6a:	bc04      	pop	{r2}
10002f6c:	4252      	negs	r2, r2
10002f6e:	323e      	adds	r2, #62	@ 0x3e
10002f70:	f7ff ff1d 	bl	10002dae <fix642double_shim>
10002f74:	bdf0      	pop	{r4, r5, r6, r7, pc}
10002f76:	0000      	.short	0x0000
10002f78:	f473de6b 	.word	0xf473de6b
10002f7c:	2c5c85fd 	.word	0x2c5c85fd

10002f80 <dln_shim>:
10002f80:	b5f0      	push	{r4, r5, r6, r7, lr}
10002f82:	004f      	lsls	r7, r1, #1
10002f84:	d250      	bcs.n	10003028 <dln_shim+0xa8>
10002f86:	157f      	asrs	r7, r7, #21
10002f88:	d04e      	beq.n	10003028 <dln_shim+0xa8>
10002f8a:	3701      	adds	r7, #1
10002f8c:	d04f      	beq.n	1000302e <dln_shim+0xae>
10002f8e:	f7ff ff49 	bl	10002e24 <dunpacks>
10002f92:	b404      	push	{r2}
10002f94:	0249      	lsls	r1, r1, #9
10002f96:	0dc2      	lsrs	r2, r0, #23
10002f98:	4311      	orrs	r1, r2
10002f9a:	0240      	lsls	r0, r0, #9
10002f9c:	2701      	movs	r7, #1
10002f9e:	a62b      	add	r6, pc, #172	@ (adr r6, 1000304c <dtab_exp>)
10002fa0:	46b4      	mov	ip, r6
10002fa2:	2200      	movs	r2, #0
10002fa4:	2300      	movs	r3, #0
10002fa6:	427e      	negs	r6, r7
10002fa8:	3620      	adds	r6, #32
10002faa:	000d      	movs	r5, r1
10002fac:	413d      	asrs	r5, r7
10002fae:	000c      	movs	r4, r1
10002fb0:	40b4      	lsls	r4, r6
10002fb2:	0006      	movs	r6, r0
10002fb4:	40fe      	lsrs	r6, r7
10002fb6:	4334      	orrs	r4, r6
10002fb8:	4144      	adcs	r4, r0
10002fba:	414d      	adcs	r5, r1
10002fbc:	0fae      	lsrs	r6, r5, #30
10002fbe:	d105      	bne.n	10002fcc <dln_shim+0x4c>
10002fc0:	0020      	movs	r0, r4
10002fc2:	0029      	movs	r1, r5
10002fc4:	4666      	mov	r6, ip
10002fc6:	ce30      	ldmia	r6!, {r4, r5}
10002fc8:	1b12      	subs	r2, r2, r4
10002fca:	41ab      	sbcs	r3, r5
10002fcc:	2408      	movs	r4, #8
10002fce:	44a4      	add	ip, r4
10002fd0:	3701      	adds	r7, #1
10002fd2:	2f21      	cmp	r7, #33	@ 0x21
10002fd4:	d1e7      	bne.n	10002fa6 <dln_shim+0x26>
10002fd6:	0089      	lsls	r1, r1, #2
10002fd8:	1089      	asrs	r1, r1, #2
10002fda:	1812      	adds	r2, r2, r0
10002fdc:	414b      	adcs	r3, r1
10002fde:	bc80      	pop	{r7}
10002fe0:	a417      	add	r4, pc, #92	@ (adr r4, 10003040 <dreddata1_plus_4>)
10002fe2:	cc13      	ldmia	r4, {r0, r1, r4}
10002fe4:	3701      	adds	r7, #1
10002fe6:	4378      	muls	r0, r7
10002fe8:	4379      	muls	r1, r7
10002fea:	437c      	muls	r4, r7
10002fec:	054f      	lsls	r7, r1, #21
10002fee:	12c9      	asrs	r1, r1, #11
10002ff0:	17cd      	asrs	r5, r1, #31
10002ff2:	19c0      	adds	r0, r0, r7
10002ff4:	4169      	adcs	r1, r5
10002ff6:	02a7      	lsls	r7, r4, #10
10002ff8:	15a4      	asrs	r4, r4, #22
10002ffa:	17cd      	asrs	r5, r1, #31
10002ffc:	19c9      	adds	r1, r1, r7
10002ffe:	416c      	adcs	r4, r5
10003000:	17dd      	asrs	r5, r3, #31
10003002:	1880      	adds	r0, r0, r2
10003004:	4159      	adcs	r1, r3
10003006:	416c      	adcs	r4, r5
10003008:	223e      	movs	r2, #62	@ 0x3e
1000300a:	17cd      	asrs	r5, r1, #31
1000300c:	42ac      	cmp	r4, r5
1000300e:	d008      	beq.n	10003022 <dln_shim+0xa2>
10003010:	0900      	lsrs	r0, r0, #4
10003012:	070e      	lsls	r6, r1, #28
10003014:	4330      	orrs	r0, r6
10003016:	0909      	lsrs	r1, r1, #4
10003018:	0726      	lsls	r6, r4, #28
1000301a:	4331      	orrs	r1, r6
1000301c:	1124      	asrs	r4, r4, #4
1000301e:	3a04      	subs	r2, #4
10003020:	e7f3      	b.n	1000300a <dln_shim+0x8a>
10003022:	f7ff fec4 	bl	10002dae <fix642double_shim>
10003026:	bdf0      	pop	{r4, r5, r6, r7, pc}
10003028:	4902      	ldr	r1, [pc, #8]	@ (10003034 <dln_shim+0xb4>)
1000302a:	2000      	movs	r0, #0
1000302c:	bdf0      	pop	{r4, r5, r6, r7, pc}
1000302e:	4902      	ldr	r1, [pc, #8]	@ (10003038 <dln_shim+0xb8>)
10003030:	2000      	movs	r0, #0
10003032:	bdf0      	pop	{r4, r5, r6, r7, pc}
10003034:	fff00000 	.word	0xfff00000
10003038:	7ff00000 	.word	0x7ff00000

1000303c <dreddata1>:
1000303c:	0000b8aa 	.word	0x0000b8aa

10003040 <dreddata1_plus_4>:
10003040:	0013de6b 	.word	0x0013de6b
10003044:	000fefa3 	.word	0x000fefa3
10003048:	000b1721 	.word	0x000b1721

1000304c <dtab_exp>:
1000304c:	bf984bf3 	.word	0xbf984bf3
10003050:	19f323ec 	.word	0x19f323ec
10003054:	cd4d10d6 	.word	0xcd4d10d6
10003058:	0e47fbe3 	.word	0x0e47fbe3
1000305c:	8abcb97a 	.word	0x8abcb97a
10003060:	0789c1db 	.word	0x0789c1db
10003064:	022c54cc 	.word	0x022c54cc
10003068:	03e14618 	.word	0x03e14618
1000306c:	e7833005 	.word	0xe7833005
10003070:	01f829b0 	.word	0x01f829b0
10003074:	87e01f1e 	.word	0x87e01f1e
10003078:	00fe0545 	.word	0x00fe0545
1000307c:	ac419e24 	.word	0xac419e24
10003080:	007f80a9 	.word	0x007f80a9
10003084:	45621781 	.word	0x45621781
10003088:	003fe015 	.word	0x003fe015
1000308c:	a9ab10e6 	.word	0xa9ab10e6
10003090:	001ff802 	.word	0x001ff802
10003094:	55455888 	.word	0x55455888
10003098:	000ffe00 	.word	0x000ffe00
1000309c:	0aa9aac4 	.word	0x0aa9aac4
100030a0:	0007ff80 	.word	0x0007ff80
100030a4:	01554556 	.word	0x01554556
100030a8:	0003ffe0 	.word	0x0003ffe0
100030ac:	002aa9ab 	.word	0x002aa9ab
100030b0:	0001fff8 	.word	0x0001fff8
100030b4:	00055545 	.word	0x00055545
100030b8:	0000fffe 	.word	0x0000fffe
100030bc:	8000aaaa 	.word	0x8000aaaa
100030c0:	00007fff 	.word	0x00007fff
100030c4:	e0001555 	.word	0xe0001555
100030c8:	00003fff 	.word	0x00003fff
100030cc:	f80002ab 	.word	0xf80002ab
100030d0:	00001fff 	.word	0x00001fff
100030d4:	fe000055 	.word	0xfe000055
100030d8:	00000fff 	.word	0x00000fff
100030dc:	ff80000b 	.word	0xff80000b
100030e0:	000007ff 	.word	0x000007ff
100030e4:	ffe00001 	.word	0xffe00001
100030e8:	000003ff 	.word	0x000003ff
100030ec:	fff80000 	.word	0xfff80000
100030f0:	000001ff 	.word	0x000001ff
100030f4:	fffe0000 	.word	0xfffe0000
100030f8:	000000ff 	.word	0x000000ff
100030fc:	ffff8000 	.word	0xffff8000
10003100:	0000007f 	.word	0x0000007f
10003104:	ffffe000 	.word	0xffffe000
10003108:	0000003f 	.word	0x0000003f
1000310c:	fffff800 	.word	0xfffff800
10003110:	0000001f 	.word	0x0000001f
10003114:	fffffe00 	.word	0xfffffe00
10003118:	0000000f 	.word	0x0000000f
1000311c:	ffffff80 	.word	0xffffff80
10003120:	00000007 	.word	0x00000007
10003124:	ffffffe0 	.word	0xffffffe0
10003128:	00000003 	.word	0x00000003
1000312c:	fffffff8 	.word	0xfffffff8
10003130:	00000001 	.word	0x00000001
10003134:	fffffffe 	.word	0xfffffffe
10003138:	00000000 	.word	0x00000000
1000313c:	80000000 	.word	0x80000000
10003140:	00000000 	.word	0x00000000
10003144:	40000000 	.word	0x40000000
10003148:	00000000 	.word	0x00000000

1000314c <__wrap___aeabi_lmul>:
1000314c:	4351      	muls	r1, r2
1000314e:	4343      	muls	r3, r0
10003150:	18c9      	adds	r1, r1, r3
10003152:	468c      	mov	ip, r1
10003154:	0c11      	lsrs	r1, r2, #16
10003156:	b283      	uxth	r3, r0
10003158:	434b      	muls	r3, r1
1000315a:	b410      	push	{r4}
1000315c:	0c04      	lsrs	r4, r0, #16
1000315e:	4361      	muls	r1, r4
10003160:	b292      	uxth	r2, r2
10003162:	b280      	uxth	r0, r0
10003164:	4350      	muls	r0, r2
10003166:	4362      	muls	r2, r4
10003168:	041c      	lsls	r4, r3, #16
1000316a:	0c1b      	lsrs	r3, r3, #16
1000316c:	1900      	adds	r0, r0, r4
1000316e:	bc10      	pop	{r4}
10003170:	4159      	adcs	r1, r3
10003172:	0413      	lsls	r3, r2, #16
10003174:	0c12      	lsrs	r2, r2, #16
10003176:	18c0      	adds	r0, r0, r3
10003178:	4151      	adcs	r1, r2
1000317a:	4461      	add	r1, ip
1000317c:	4770      	bx	lr
	...

10003180 <__aeabi_float_init>:
10003180:	2313      	movs	r3, #19
10003182:	b510      	push	{r4, lr}
10003184:	4812      	ldr	r0, [pc, #72]	@ (100031d0 <__aeabi_float_init+0x50>)
10003186:	781c      	ldrb	r4, [r3, #0]
10003188:	f7fe fe8e 	bl	10001ea8 <rom_data_lookup>
1000318c:	0001      	movs	r1, r0
1000318e:	2c01      	cmp	r4, #1
10003190:	d00a      	beq.n	100031a8 <__aeabi_float_init+0x28>
10003192:	dd03      	ble.n	1000319c <__aeabi_float_init+0x1c>
10003194:	2280      	movs	r2, #128	@ 0x80
10003196:	480f      	ldr	r0, [pc, #60]	@ (100031d4 <__aeabi_float_init+0x54>)
10003198:	f000 f848 	bl	1000322c <__wrap___aeabi_memcpy>
1000319c:	480e      	ldr	r0, [pc, #56]	@ (100031d8 <__aeabi_float_init+0x58>)
1000319e:	f7fe fe7b 	bl	10001e98 <rom_func_lookup>
100031a2:	4b0e      	ldr	r3, [pc, #56]	@ (100031dc <__aeabi_float_init+0x5c>)
100031a4:	6018      	str	r0, [r3, #0]
100031a6:	bd10      	pop	{r4, pc}
100031a8:	4c0a      	ldr	r4, [pc, #40]	@ (100031d4 <__aeabi_float_init+0x54>)
100031aa:	2254      	movs	r2, #84	@ 0x54
100031ac:	0020      	movs	r0, r4
100031ae:	f000 f83d 	bl	1000322c <__wrap___aeabi_memcpy>
100031b2:	4b0b      	ldr	r3, [pc, #44]	@ (100031e0 <__aeabi_float_init+0x60>)
100031b4:	6563      	str	r3, [r4, #84]	@ 0x54
100031b6:	65a3      	str	r3, [r4, #88]	@ 0x58
100031b8:	65e3      	str	r3, [r4, #92]	@ 0x5c
100031ba:	6623      	str	r3, [r4, #96]	@ 0x60
100031bc:	6663      	str	r3, [r4, #100]	@ 0x64
100031be:	66a3      	str	r3, [r4, #104]	@ 0x68
100031c0:	66e3      	str	r3, [r4, #108]	@ 0x6c
100031c2:	6723      	str	r3, [r4, #112]	@ 0x70
100031c4:	6763      	str	r3, [r4, #116]	@ 0x74
100031c6:	67a3      	str	r3, [r4, #120]	@ 0x78
100031c8:	67e3      	str	r3, [r4, #124]	@ 0x7c
100031ca:	6223      	str	r3, [r4, #32]
100031cc:	61e3      	str	r3, [r4, #28]
100031ce:	e7e5      	b.n	1000319c <__aeabi_float_init+0x1c>
100031d0:	00004653 	.word	0x00004653
100031d4:	200013d0 	.word	0x200013d0
100031d8:	0000334c 	.word	0x0000334c
100031dc:	20002540 	.word	0x20002540
100031e0:	100031e5 	.word	0x100031e5

100031e4 <float_table_shim_on_use_helper>:
100031e4:	b507      	push	{r0, r1, r2, lr}
100031e6:	4660      	mov	r0, ip
100031e8:	8801      	ldrh	r1, [r0, #0]
100031ea:	0a0a      	lsrs	r2, r1, #8
100031ec:	3002      	adds	r0, #2
100031ee:	2adf      	cmp	r2, #223	@ 0xdf
100031f0:	d1fa      	bne.n	100031e8 <float_table_shim_on_use_helper+0x4>
100031f2:	b2c9      	uxtb	r1, r1
100031f4:	0882      	lsrs	r2, r0, #2
100031f6:	d304      	bcc.n	10003202 <float_table_shim_on_use_helper+0x1e>
100031f8:	8802      	ldrh	r2, [r0, #0]
100031fa:	8840      	ldrh	r0, [r0, #2]
100031fc:	0400      	lsls	r0, r0, #16
100031fe:	4310      	orrs	r0, r2
10003200:	e000      	b.n	10003204 <float_table_shim_on_use_helper+0x20>
10003202:	6800      	ldr	r0, [r0, #0]
10003204:	4a01      	ldr	r2, [pc, #4]	@ (1000320c <float_table_shim_on_use_helper+0x28>)
10003206:	5050      	str	r0, [r2, r1]
10003208:	9003      	str	r0, [sp, #12]
1000320a:	bd07      	pop	{r0, r1, r2, pc}
1000320c:	200013d0 	.word	0x200013d0

10003210 <__aeabi_mem_init>:
10003210:	4801      	ldr	r0, [pc, #4]	@ (10003218 <__aeabi_mem_init+0x8>)
10003212:	2104      	movs	r1, #4
10003214:	4b01      	ldr	r3, [pc, #4]	@ (1000321c <__aeabi_mem_init+0xc>)
10003216:	4718      	bx	r3
10003218:	200010b0 	.word	0x200010b0
1000321c:	10001eb9 	.word	0x10001eb9

10003220 <__wrap_memset>:
10003220:	4b01      	ldr	r3, [pc, #4]	@ (10003228 <__wrap_memset+0x8>)
10003222:	681b      	ldr	r3, [r3, #0]
10003224:	4718      	bx	r3
10003226:	0000      	.short	0x0000
10003228:	200010b0 	.word	0x200010b0

1000322c <__wrap___aeabi_memcpy>:
1000322c:	4b01      	ldr	r3, [pc, #4]	@ (10003234 <__wrap___aeabi_memcpy+0x8>)
1000322e:	685b      	ldr	r3, [r3, #4]
10003230:	4718      	bx	r3
10003232:	0000      	.short	0x0000
10003234:	200010b0 	.word	0x200010b0

10003238 <_out_null>:
10003238:	4770      	bx	lr
1000323a:	46c0      	nop			@ (mov r8, r8)

1000323c <_out_rev>:
1000323c:	b5f8      	push	{r3, r4, r5, r6, r7, lr}
1000323e:	4657      	mov	r7, sl
10003240:	46de      	mov	lr, fp
10003242:	464e      	mov	r6, r9
10003244:	4645      	mov	r5, r8
10003246:	b5e0      	push	{r5, r6, r7, lr}
10003248:	4699      	mov	r9, r3
1000324a:	9b0a      	ldr	r3, [sp, #40]	@ 0x28
1000324c:	0007      	movs	r7, r0
1000324e:	469a      	mov	sl, r3
10003250:	9b0d      	ldr	r3, [sp, #52]	@ 0x34
10003252:	4688      	mov	r8, r1
10003254:	4693      	mov	fp, r2
10003256:	9c0b      	ldr	r4, [sp, #44]	@ 0x2c
10003258:	079b      	lsls	r3, r3, #30
1000325a:	d13b      	bne.n	100032d4 <_out_rev+0x98>
1000325c:	9b0c      	ldr	r3, [sp, #48]	@ 0x30
1000325e:	429c      	cmp	r4, r3
10003260:	d23d      	bcs.n	100032de <_out_rev+0xa2>
10003262:	1b1e      	subs	r6, r3, r4
10003264:	940b      	str	r4, [sp, #44]	@ 0x2c
10003266:	0015      	movs	r5, r2
10003268:	000c      	movs	r4, r1
1000326a:	445e      	add	r6, fp
1000326c:	002a      	movs	r2, r5
1000326e:	464b      	mov	r3, r9
10003270:	3501      	adds	r5, #1
10003272:	0021      	movs	r1, r4
10003274:	2020      	movs	r0, #32
10003276:	47b8      	blx	r7
10003278:	42b5      	cmp	r5, r6
1000327a:	d1f7      	bne.n	1000326c <_out_rev+0x30>
1000327c:	46a0      	mov	r8, r4
1000327e:	9c0b      	ldr	r4, [sp, #44]	@ 0x2c
10003280:	2c00      	cmp	r4, #0
10003282:	d020      	beq.n	100032c6 <_out_rev+0x8a>
10003284:	4645      	mov	r5, r8
10003286:	1936      	adds	r6, r6, r4
10003288:	4653      	mov	r3, sl
1000328a:	1b32      	subs	r2, r6, r4
1000328c:	3c01      	subs	r4, #1
1000328e:	5d18      	ldrb	r0, [r3, r4]
10003290:	0029      	movs	r1, r5
10003292:	464b      	mov	r3, r9
10003294:	47b8      	blx	r7
10003296:	2c00      	cmp	r4, #0
10003298:	d1f6      	bne.n	10003288 <_out_rev+0x4c>
1000329a:	002b      	movs	r3, r5
1000329c:	0035      	movs	r5, r6
1000329e:	4698      	mov	r8, r3
100032a0:	9b0d      	ldr	r3, [sp, #52]	@ 0x34
100032a2:	079b      	lsls	r3, r3, #30
100032a4:	d50f      	bpl.n	100032c6 <_out_rev+0x8a>
100032a6:	465b      	mov	r3, fp
100032a8:	1aec      	subs	r4, r5, r3
100032aa:	9b0c      	ldr	r3, [sp, #48]	@ 0x30
100032ac:	42a3      	cmp	r3, r4
100032ae:	d90a      	bls.n	100032c6 <_out_rev+0x8a>
100032b0:	4646      	mov	r6, r8
100032b2:	4698      	mov	r8, r3
100032b4:	002a      	movs	r2, r5
100032b6:	464b      	mov	r3, r9
100032b8:	0031      	movs	r1, r6
100032ba:	2020      	movs	r0, #32
100032bc:	3401      	adds	r4, #1
100032be:	47b8      	blx	r7
100032c0:	3501      	adds	r5, #1
100032c2:	4544      	cmp	r4, r8
100032c4:	d3f6      	bcc.n	100032b4 <_out_rev+0x78>
100032c6:	0028      	movs	r0, r5
100032c8:	bcf0      	pop	{r4, r5, r6, r7}
100032ca:	46bb      	mov	fp, r7
100032cc:	46b2      	mov	sl, r6
100032ce:	46a9      	mov	r9, r5
100032d0:	46a0      	mov	r8, r4
100032d2:	bdf8      	pop	{r3, r4, r5, r6, r7, pc}
100032d4:	0016      	movs	r6, r2
100032d6:	0015      	movs	r5, r2
100032d8:	2c00      	cmp	r4, #0
100032da:	d1d3      	bne.n	10003284 <_out_rev+0x48>
100032dc:	e7e0      	b.n	100032a0 <_out_rev+0x64>
100032de:	0016      	movs	r6, r2
100032e0:	0015      	movs	r5, r2
100032e2:	2c00      	cmp	r4, #0
100032e4:	d1ce      	bne.n	10003284 <_out_rev+0x48>
100032e6:	e7ee      	b.n	100032c6 <_out_rev+0x8a>

100032e8 <_ntoa_format>:
100032e8:	b5f0      	push	{r4, r5, r6, r7, lr}
100032ea:	4645      	mov	r5, r8
100032ec:	46de      	mov	lr, fp
100032ee:	4657      	mov	r7, sl
100032f0:	464e      	mov	r6, r9
100032f2:	b5e0      	push	{r5, r6, r7, lr}
100032f4:	b085      	sub	sp, #20
100032f6:	469c      	mov	ip, r3
100032f8:	ab10      	add	r3, sp, #64	@ 0x40
100032fa:	781b      	ldrb	r3, [r3, #0]
100032fc:	9f14      	ldr	r7, [sp, #80]	@ 0x50
100032fe:	4693      	mov	fp, r2
10003300:	4698      	mov	r8, r3
10003302:	9c0f      	ldr	r4, [sp, #60]	@ 0x3c
10003304:	9e12      	ldr	r6, [sp, #72]	@ 0x48
10003306:	9d13      	ldr	r5, [sp, #76]	@ 0x4c
10003308:	07bb      	lsls	r3, r7, #30
1000330a:	d44c      	bmi.n	100033a6 <_ntoa_format+0xbe>
1000330c:	2d00      	cmp	r5, #0
1000330e:	d142      	bne.n	10003396 <_ntoa_format+0xae>
10003310:	42b4      	cmp	r4, r6
10003312:	d248      	bcs.n	100033a6 <_ntoa_format+0xbe>
10003314:	2301      	movs	r3, #1
10003316:	403b      	ands	r3, r7
10003318:	4699      	mov	r9, r3
1000331a:	9b0e      	ldr	r3, [sp, #56]	@ 0x38
1000331c:	3b01      	subs	r3, #1
1000331e:	469a      	mov	sl, r3
10003320:	2330      	movs	r3, #48	@ 0x30
10003322:	e004      	b.n	1000332e <_ntoa_format+0x46>
10003324:	4652      	mov	r2, sl
10003326:	3401      	adds	r4, #1
10003328:	5513      	strb	r3, [r2, r4]
1000332a:	42a6      	cmp	r6, r4
1000332c:	d901      	bls.n	10003332 <_ntoa_format+0x4a>
1000332e:	2c20      	cmp	r4, #32
10003330:	d1f8      	bne.n	10003324 <_ntoa_format+0x3c>
10003332:	464b      	mov	r3, r9
10003334:	2b00      	cmp	r3, #0
10003336:	d100      	bne.n	1000333a <_ntoa_format+0x52>
10003338:	e083      	b.n	10003442 <_ntoa_format+0x15a>
1000333a:	9b0e      	ldr	r3, [sp, #56]	@ 0x38
1000333c:	3b01      	subs	r3, #1
1000333e:	4699      	mov	r9, r3
10003340:	2330      	movs	r3, #48	@ 0x30
10003342:	42a5      	cmp	r5, r4
10003344:	d805      	bhi.n	10003352 <_ntoa_format+0x6a>
10003346:	e02e      	b.n	100033a6 <_ntoa_format+0xbe>
10003348:	464a      	mov	r2, r9
1000334a:	3401      	adds	r4, #1
1000334c:	5513      	strb	r3, [r2, r4]
1000334e:	42ac      	cmp	r4, r5
10003350:	d029      	beq.n	100033a6 <_ntoa_format+0xbe>
10003352:	2c20      	cmp	r4, #32
10003354:	d1f8      	bne.n	10003348 <_ntoa_format+0x60>
10003356:	06fb      	lsls	r3, r7, #27
10003358:	d50c      	bpl.n	10003374 <_ntoa_format+0x8c>
1000335a:	057b      	lsls	r3, r7, #21
1000335c:	d454      	bmi.n	10003408 <_ntoa_format+0x120>
1000335e:	42a6      	cmp	r6, r4
10003360:	d063      	beq.n	1000342a <_ntoa_format+0x142>
10003362:	42a5      	cmp	r5, r4
10003364:	d061      	beq.n	1000342a <_ntoa_format+0x142>
10003366:	9b11      	ldr	r3, [sp, #68]	@ 0x44
10003368:	2b10      	cmp	r3, #16
1000336a:	d050      	beq.n	1000340e <_ntoa_format+0x126>
1000336c:	2b02      	cmp	r3, #2
1000336e:	d057      	beq.n	10003420 <_ntoa_format+0x138>
10003370:	2c20      	cmp	r4, #32
10003372:	d132      	bne.n	100033da <_ntoa_format+0xf2>
10003374:	2320      	movs	r3, #32
10003376:	9301      	str	r3, [sp, #4]
10003378:	9b0e      	ldr	r3, [sp, #56]	@ 0x38
1000337a:	465a      	mov	r2, fp
1000337c:	9300      	str	r3, [sp, #0]
1000337e:	9703      	str	r7, [sp, #12]
10003380:	4663      	mov	r3, ip
10003382:	9502      	str	r5, [sp, #8]
10003384:	f7ff ff5a 	bl	1000323c <_out_rev>
10003388:	b005      	add	sp, #20
1000338a:	bcf0      	pop	{r4, r5, r6, r7}
1000338c:	46bb      	mov	fp, r7
1000338e:	46b2      	mov	sl, r6
10003390:	46a9      	mov	r9, r5
10003392:	46a0      	mov	r8, r4
10003394:	bdf0      	pop	{r4, r5, r6, r7, pc}
10003396:	2301      	movs	r3, #1
10003398:	403b      	ands	r3, r7
1000339a:	4699      	mov	r9, r3
1000339c:	2301      	movs	r3, #1
1000339e:	423b      	tst	r3, r7
100033a0:	d12a      	bne.n	100033f8 <_ntoa_format+0x110>
100033a2:	42b4      	cmp	r4, r6
100033a4:	d3b9      	bcc.n	1000331a <_ntoa_format+0x32>
100033a6:	06fb      	lsls	r3, r7, #27
100033a8:	d51c      	bpl.n	100033e4 <_ntoa_format+0xfc>
100033aa:	057b      	lsls	r3, r7, #21
100033ac:	d4db      	bmi.n	10003366 <_ntoa_format+0x7e>
100033ae:	2c00      	cmp	r4, #0
100033b0:	d1d5      	bne.n	1000335e <_ntoa_format+0x76>
100033b2:	9b11      	ldr	r3, [sp, #68]	@ 0x44
100033b4:	2b10      	cmp	r3, #16
100033b6:	d05b      	beq.n	10003470 <_ntoa_format+0x188>
100033b8:	9b11      	ldr	r3, [sp, #68]	@ 0x44
100033ba:	2b02      	cmp	r3, #2
100033bc:	d06b      	beq.n	10003496 <_ntoa_format+0x1ae>
100033be:	2330      	movs	r3, #48	@ 0x30
100033c0:	2401      	movs	r4, #1
100033c2:	9a0e      	ldr	r2, [sp, #56]	@ 0x38
100033c4:	7013      	strb	r3, [r2, #0]
100033c6:	4643      	mov	r3, r8
100033c8:	2b00      	cmp	r3, #0
100033ca:	d110      	bne.n	100033ee <_ntoa_format+0x106>
100033cc:	077b      	lsls	r3, r7, #29
100033ce:	d53e      	bpl.n	1000344e <_ntoa_format+0x166>
100033d0:	262b      	movs	r6, #43	@ 0x2b
100033d2:	9a0e      	ldr	r2, [sp, #56]	@ 0x38
100033d4:	1c63      	adds	r3, r4, #1
100033d6:	5516      	strb	r6, [r2, r4]
100033d8:	e7cd      	b.n	10003376 <_ntoa_format+0x8e>
100033da:	0023      	movs	r3, r4
100033dc:	3401      	adds	r4, #1
100033de:	2630      	movs	r6, #48	@ 0x30
100033e0:	9a0e      	ldr	r2, [sp, #56]	@ 0x38
100033e2:	54d6      	strb	r6, [r2, r3]
100033e4:	2c20      	cmp	r4, #32
100033e6:	d0c5      	beq.n	10003374 <_ntoa_format+0x8c>
100033e8:	4643      	mov	r3, r8
100033ea:	2b00      	cmp	r3, #0
100033ec:	d0ee      	beq.n	100033cc <_ntoa_format+0xe4>
100033ee:	262d      	movs	r6, #45	@ 0x2d
100033f0:	9a0e      	ldr	r2, [sp, #56]	@ 0x38
100033f2:	1c63      	adds	r3, r4, #1
100033f4:	5516      	strb	r6, [r2, r4]
100033f6:	e7be      	b.n	10003376 <_ntoa_format+0x8e>
100033f8:	4643      	mov	r3, r8
100033fa:	2b00      	cmp	r3, #0
100033fc:	d02f      	beq.n	1000345e <_ntoa_format+0x176>
100033fe:	3d01      	subs	r5, #1
10003400:	42b4      	cmp	r4, r6
10003402:	d200      	bcs.n	10003406 <_ntoa_format+0x11e>
10003404:	e789      	b.n	1000331a <_ntoa_format+0x32>
10003406:	e798      	b.n	1000333a <_ntoa_format+0x52>
10003408:	9b11      	ldr	r3, [sp, #68]	@ 0x44
1000340a:	2b10      	cmp	r3, #16
1000340c:	d1b2      	bne.n	10003374 <_ntoa_format+0x8c>
1000340e:	06bb      	lsls	r3, r7, #26
10003410:	d537      	bpl.n	10003482 <_ntoa_format+0x19a>
10003412:	2c20      	cmp	r4, #32
10003414:	d0ae      	beq.n	10003374 <_ntoa_format+0x8c>
10003416:	2358      	movs	r3, #88	@ 0x58
10003418:	9a0e      	ldr	r2, [sp, #56]	@ 0x38
1000341a:	5513      	strb	r3, [r2, r4]
1000341c:	3401      	adds	r4, #1
1000341e:	e7a7      	b.n	10003370 <_ntoa_format+0x88>
10003420:	2c20      	cmp	r4, #32
10003422:	d0a7      	beq.n	10003374 <_ntoa_format+0x8c>
10003424:	0023      	movs	r3, r4
10003426:	3401      	adds	r4, #1
10003428:	e007      	b.n	1000343a <_ntoa_format+0x152>
1000342a:	1e63      	subs	r3, r4, #1
1000342c:	2c01      	cmp	r4, #1
1000342e:	d0c0      	beq.n	100033b2 <_ntoa_format+0xca>
10003430:	9a11      	ldr	r2, [sp, #68]	@ 0x44
10003432:	2a10      	cmp	r2, #16
10003434:	d031      	beq.n	1000349a <_ntoa_format+0x1b2>
10003436:	2a02      	cmp	r2, #2
10003438:	d1d1      	bne.n	100033de <_ntoa_format+0xf6>
1000343a:	2662      	movs	r6, #98	@ 0x62
1000343c:	9a0e      	ldr	r2, [sp, #56]	@ 0x38
1000343e:	54d6      	strb	r6, [r2, r3]
10003440:	e796      	b.n	10003370 <_ntoa_format+0x88>
10003442:	06fb      	lsls	r3, r7, #27
10003444:	d5ce      	bpl.n	100033e4 <_ntoa_format+0xfc>
10003446:	057b      	lsls	r3, r7, #21
10003448:	d400      	bmi.n	1000344c <_ntoa_format+0x164>
1000344a:	e788      	b.n	1000335e <_ntoa_format+0x76>
1000344c:	e78b      	b.n	10003366 <_ntoa_format+0x7e>
1000344e:	0023      	movs	r3, r4
10003450:	073e      	lsls	r6, r7, #28
10003452:	d590      	bpl.n	10003376 <_ntoa_format+0x8e>
10003454:	2620      	movs	r6, #32
10003456:	9a0e      	ldr	r2, [sp, #56]	@ 0x38
10003458:	3301      	adds	r3, #1
1000345a:	5516      	strb	r6, [r2, r4]
1000345c:	e78b      	b.n	10003376 <_ntoa_format+0x8e>
1000345e:	230c      	movs	r3, #12
10003460:	403b      	ands	r3, r7
10003462:	1e5a      	subs	r2, r3, #1
10003464:	4193      	sbcs	r3, r2
10003466:	1aed      	subs	r5, r5, r3
10003468:	42b4      	cmp	r4, r6
1000346a:	d200      	bcs.n	1000346e <_ntoa_format+0x186>
1000346c:	e755      	b.n	1000331a <_ntoa_format+0x32>
1000346e:	e764      	b.n	1000333a <_ntoa_format+0x52>
10003470:	06bb      	lsls	r3, r7, #26
10003472:	d40e      	bmi.n	10003492 <_ntoa_format+0x1aa>
10003474:	2378      	movs	r3, #120	@ 0x78
10003476:	9a0e      	ldr	r2, [sp, #56]	@ 0x38
10003478:	2402      	movs	r4, #2
1000347a:	7013      	strb	r3, [r2, #0]
1000347c:	2330      	movs	r3, #48	@ 0x30
1000347e:	7053      	strb	r3, [r2, #1]
10003480:	e7a1      	b.n	100033c6 <_ntoa_format+0xde>
10003482:	2c20      	cmp	r4, #32
10003484:	d100      	bne.n	10003488 <_ntoa_format+0x1a0>
10003486:	e775      	b.n	10003374 <_ntoa_format+0x8c>
10003488:	2378      	movs	r3, #120	@ 0x78
1000348a:	9a0e      	ldr	r2, [sp, #56]	@ 0x38
1000348c:	5513      	strb	r3, [r2, r4]
1000348e:	3401      	adds	r4, #1
10003490:	e76e      	b.n	10003370 <_ntoa_format+0x88>
10003492:	2358      	movs	r3, #88	@ 0x58
10003494:	e7ef      	b.n	10003476 <_ntoa_format+0x18e>
10003496:	3360      	adds	r3, #96	@ 0x60
10003498:	e7ed      	b.n	10003476 <_ntoa_format+0x18e>
1000349a:	9a0e      	ldr	r2, [sp, #56]	@ 0x38
1000349c:	1ea6      	subs	r6, r4, #2
1000349e:	4691      	mov	r9, r2
100034a0:	444e      	add	r6, r9
100034a2:	06ba      	lsls	r2, r7, #26
100034a4:	d502      	bpl.n	100034ac <_ntoa_format+0x1c4>
100034a6:	2258      	movs	r2, #88	@ 0x58
100034a8:	7032      	strb	r2, [r6, #0]
100034aa:	e798      	b.n	100033de <_ntoa_format+0xf6>
100034ac:	2278      	movs	r2, #120	@ 0x78
100034ae:	7032      	strb	r2, [r6, #0]
100034b0:	e795      	b.n	100033de <_ntoa_format+0xf6>
100034b2:	46c0      	nop			@ (mov r8, r8)

100034b4 <_out_char>:
100034b4:	b510      	push	{r4, lr}
100034b6:	2800      	cmp	r0, #0
100034b8:	d100      	bne.n	100034bc <_out_char+0x8>
100034ba:	bd10      	pop	{r4, pc}
100034bc:	f001 fc82 	bl	10004dc4 <__wrap_putchar>
100034c0:	e7fb      	b.n	100034ba <_out_char+0x6>
100034c2:	46c0      	nop			@ (mov r8, r8)

100034c4 <_out_fct>:
100034c4:	000b      	movs	r3, r1
100034c6:	b510      	push	{r4, lr}
100034c8:	2800      	cmp	r0, #0
100034ca:	d002      	beq.n	100034d2 <_out_fct+0xe>
100034cc:	6849      	ldr	r1, [r1, #4]
100034ce:	681b      	ldr	r3, [r3, #0]
100034d0:	4798      	blx	r3
100034d2:	bd10      	pop	{r4, pc}

100034d4 <_ftoa>:
100034d4:	b5f0      	push	{r4, r5, r6, r7, lr}
100034d6:	4657      	mov	r7, sl
100034d8:	46de      	mov	lr, fp
100034da:	464e      	mov	r6, r9
100034dc:	4645      	mov	r5, r8
100034de:	b5e0      	push	{r5, r6, r7, lr}
100034e0:	b095      	sub	sp, #84	@ 0x54
100034e2:	4683      	mov	fp, r0
100034e4:	000f      	movs	r7, r1
100034e6:	4692      	mov	sl, r2
100034e8:	4698      	mov	r8, r3
100034ea:	9a1e      	ldr	r2, [sp, #120]	@ 0x78
100034ec:	9b1f      	ldr	r3, [sp, #124]	@ 0x7c
100034ee:	0010      	movs	r0, r2
100034f0:	0019      	movs	r1, r3
100034f2:	9e20      	ldr	r6, [sp, #128]	@ 0x80
100034f4:	f7ff f8f9 	bl	100026ea <__wrap___aeabi_dcmpun>
100034f8:	2800      	cmp	r0, #0
100034fa:	d000      	beq.n	100034fe <_ftoa+0x2a>
100034fc:	e1ea      	b.n	100038d4 <_ftoa+0x400>
100034fe:	981e      	ldr	r0, [sp, #120]	@ 0x78
10003500:	991f      	ldr	r1, [sp, #124]	@ 0x7c
10003502:	2201      	movs	r2, #1
10003504:	4bc5      	ldr	r3, [pc, #788]	@ (1000381c <_ftoa+0x348>)
10003506:	4252      	negs	r2, r2
10003508:	f7ff f8d4 	bl	100026b4 <__wrap___aeabi_dcmplt>
1000350c:	2800      	cmp	r0, #0
1000350e:	d000      	beq.n	10003512 <_ftoa+0x3e>
10003510:	e114      	b.n	1000373c <_ftoa+0x268>
10003512:	981e      	ldr	r0, [sp, #120]	@ 0x78
10003514:	991f      	ldr	r1, [sp, #124]	@ 0x7c
10003516:	2201      	movs	r2, #1
10003518:	4bc1      	ldr	r3, [pc, #772]	@ (10003820 <_ftoa+0x34c>)
1000351a:	4252      	negs	r2, r2
1000351c:	f7ff f8e0 	bl	100026e0 <__wrap___aeabi_dcmpgt>
10003520:	2800      	cmp	r0, #0
10003522:	d000      	beq.n	10003526 <_ftoa+0x52>
10003524:	e0e9      	b.n	100036fa <_ftoa+0x226>
10003526:	981e      	ldr	r0, [sp, #120]	@ 0x78
10003528:	991f      	ldr	r1, [sp, #124]	@ 0x7c
1000352a:	2200      	movs	r2, #0
1000352c:	4bbd      	ldr	r3, [pc, #756]	@ (10003824 <_ftoa+0x350>)
1000352e:	f7ff f8d7 	bl	100026e0 <__wrap___aeabi_dcmpgt>
10003532:	2800      	cmp	r0, #0
10003534:	d000      	beq.n	10003538 <_ftoa+0x64>
10003536:	e0c8      	b.n	100036ca <_ftoa+0x1f6>
10003538:	981e      	ldr	r0, [sp, #120]	@ 0x78
1000353a:	991f      	ldr	r1, [sp, #124]	@ 0x7c
1000353c:	2200      	movs	r2, #0
1000353e:	4bba      	ldr	r3, [pc, #744]	@ (10003828 <_ftoa+0x354>)
10003540:	f7ff f8b8 	bl	100026b4 <__wrap___aeabi_dcmplt>
10003544:	2800      	cmp	r0, #0
10003546:	d000      	beq.n	1000354a <_ftoa+0x76>
10003548:	e0bf      	b.n	100036ca <_ftoa+0x1f6>
1000354a:	981e      	ldr	r0, [sp, #120]	@ 0x78
1000354c:	991f      	ldr	r1, [sp, #124]	@ 0x7c
1000354e:	2200      	movs	r2, #0
10003550:	2300      	movs	r3, #0
10003552:	f7ff f8af 	bl	100026b4 <__wrap___aeabi_dcmplt>
10003556:	2800      	cmp	r0, #0
10003558:	d000      	beq.n	1000355c <_ftoa+0x88>
1000355a:	e0e4      	b.n	10003726 <_ftoa+0x252>
1000355c:	2300      	movs	r3, #0
1000355e:	930b      	str	r3, [sp, #44]	@ 0x2c
10003560:	9b22      	ldr	r3, [sp, #136]	@ 0x88
10003562:	055b      	lsls	r3, r3, #21
10003564:	d400      	bmi.n	10003568 <_ftoa+0x94>
10003566:	2606      	movs	r6, #6
10003568:	2400      	movs	r4, #0
1000356a:	2330      	movs	r3, #48	@ 0x30
1000356c:	e007      	b.n	1000357e <_ftoa+0xaa>
1000356e:	2117      	movs	r1, #23
10003570:	aa06      	add	r2, sp, #24
10003572:	3401      	adds	r4, #1
10003574:	1852      	adds	r2, r2, r1
10003576:	5513      	strb	r3, [r2, r4]
10003578:	3e01      	subs	r6, #1
1000357a:	2c20      	cmp	r4, #32
1000357c:	d001      	beq.n	10003582 <_ftoa+0xae>
1000357e:	2e09      	cmp	r6, #9
10003580:	d8f5      	bhi.n	1000356e <_ftoa+0x9a>
10003582:	981e      	ldr	r0, [sp, #120]	@ 0x78
10003584:	991f      	ldr	r1, [sp, #124]	@ 0x7c
10003586:	f7ff f8d9 	bl	1000273c <__wrap___aeabi_d2iz>
1000358a:	4ba8      	ldr	r3, [pc, #672]	@ (1000382c <_ftoa+0x358>)
1000358c:	00f2      	lsls	r2, r6, #3
1000358e:	189b      	adds	r3, r3, r2
10003590:	681a      	ldr	r2, [r3, #0]
10003592:	685b      	ldr	r3, [r3, #4]
10003594:	0005      	movs	r5, r0
10003596:	9208      	str	r2, [sp, #32]
10003598:	9309      	str	r3, [sp, #36]	@ 0x24
1000359a:	f7ff f8b7 	bl	1000270c <__wrap___aeabi_i2d>
1000359e:	0002      	movs	r2, r0
100035a0:	000b      	movs	r3, r1
100035a2:	981e      	ldr	r0, [sp, #120]	@ 0x78
100035a4:	991f      	ldr	r1, [sp, #124]	@ 0x7c
100035a6:	f7ff f812 	bl	100025ce <__wrap___aeabi_dsub>
100035aa:	9a08      	ldr	r2, [sp, #32]
100035ac:	9b09      	ldr	r3, [sp, #36]	@ 0x24
100035ae:	f7ff f83e 	bl	1000262e <__wrap___aeabi_dmul>
100035b2:	9006      	str	r0, [sp, #24]
100035b4:	9107      	str	r1, [sp, #28]
100035b6:	f7ff f8e5 	bl	10002784 <__wrap___aeabi_d2uiz>
100035ba:	4681      	mov	r9, r0
100035bc:	f7ff f8a2 	bl	10002704 <__wrap___aeabi_ui2d>
100035c0:	0002      	movs	r2, r0
100035c2:	000b      	movs	r3, r1
100035c4:	9806      	ldr	r0, [sp, #24]
100035c6:	9907      	ldr	r1, [sp, #28]
100035c8:	f7ff f801 	bl	100025ce <__wrap___aeabi_dsub>
100035cc:	2200      	movs	r2, #0
100035ce:	4b98      	ldr	r3, [pc, #608]	@ (10003830 <_ftoa+0x35c>)
100035d0:	9006      	str	r0, [sp, #24]
100035d2:	9107      	str	r1, [sp, #28]
100035d4:	f7ff f884 	bl	100026e0 <__wrap___aeabi_dcmpgt>
100035d8:	2800      	cmp	r0, #0
100035da:	d100      	bne.n	100035de <_ftoa+0x10a>
100035dc:	e10d      	b.n	100037fa <_ftoa+0x326>
100035de:	2301      	movs	r3, #1
100035e0:	469c      	mov	ip, r3
100035e2:	44e1      	add	r9, ip
100035e4:	4648      	mov	r0, r9
100035e6:	f7ff f88d 	bl	10002704 <__wrap___aeabi_ui2d>
100035ea:	0002      	movs	r2, r0
100035ec:	000b      	movs	r3, r1
100035ee:	9808      	ldr	r0, [sp, #32]
100035f0:	9909      	ldr	r1, [sp, #36]	@ 0x24
100035f2:	f7ff f865 	bl	100026c0 <__wrap___aeabi_dcmple>
100035f6:	2800      	cmp	r0, #0
100035f8:	d002      	beq.n	10003600 <_ftoa+0x12c>
100035fa:	2300      	movs	r3, #0
100035fc:	4699      	mov	r9, r3
100035fe:	3501      	adds	r5, #1
10003600:	2e00      	cmp	r6, #0
10003602:	d100      	bne.n	10003606 <_ftoa+0x132>
10003604:	e0d9      	b.n	100037ba <_ftoa+0x2e6>
10003606:	9506      	str	r5, [sp, #24]
10003608:	464d      	mov	r5, r9
1000360a:	46b9      	mov	r9, r7
1000360c:	e014      	b.n	10003638 <_ftoa+0x164>
1000360e:	aa06      	add	r2, sp, #24
10003610:	4694      	mov	ip, r2
10003612:	2317      	movs	r3, #23
10003614:	210a      	movs	r1, #10
10003616:	4463      	add	r3, ip
10003618:	0028      	movs	r0, r5
1000361a:	3401      	adds	r4, #1
1000361c:	191f      	adds	r7, r3, r4
1000361e:	f7fe fd9b 	bl	10002158 <__wrap___aeabi_uidiv>
10003622:	3130      	adds	r1, #48	@ 0x30
10003624:	7039      	strb	r1, [r7, #0]
10003626:	0028      	movs	r0, r5
10003628:	210a      	movs	r1, #10
1000362a:	3e01      	subs	r6, #1
1000362c:	f7fe fd94 	bl	10002158 <__wrap___aeabi_uidiv>
10003630:	2d09      	cmp	r5, #9
10003632:	d800      	bhi.n	10003636 <_ftoa+0x162>
10003634:	e117      	b.n	10003866 <_ftoa+0x392>
10003636:	0005      	movs	r5, r0
10003638:	2c20      	cmp	r4, #32
1000363a:	d1e8      	bne.n	1000360e <_ftoa+0x13a>
1000363c:	464f      	mov	r7, r9
1000363e:	9d06      	ldr	r5, [sp, #24]
10003640:	2420      	movs	r4, #32
10003642:	ae0c      	add	r6, sp, #48	@ 0x30
10003644:	aa06      	add	r2, sp, #24
10003646:	2317      	movs	r3, #23
10003648:	4694      	mov	ip, r2
1000364a:	4463      	add	r3, ip
1000364c:	4699      	mov	r9, r3
1000364e:	465b      	mov	r3, fp
10003650:	46b3      	mov	fp, r6
10003652:	9306      	str	r3, [sp, #24]
10003654:	e00f      	b.n	10003676 <_ftoa+0x1a2>
10003656:	464b      	mov	r3, r9
10003658:	0028      	movs	r0, r5
1000365a:	210a      	movs	r1, #10
1000365c:	3401      	adds	r4, #1
1000365e:	18e6      	adds	r6, r4, r3
10003660:	f7fe fd52 	bl	10002108 <__wrap___aeabi_idiv>
10003664:	3130      	adds	r1, #48	@ 0x30
10003666:	0028      	movs	r0, r5
10003668:	7031      	strb	r1, [r6, #0]
1000366a:	210a      	movs	r1, #10
1000366c:	f7fe fd4c 	bl	10002108 <__wrap___aeabi_idiv>
10003670:	1e05      	subs	r5, r0, #0
10003672:	d100      	bne.n	10003676 <_ftoa+0x1a2>
10003674:	e0e4      	b.n	10003840 <_ftoa+0x36c>
10003676:	2c20      	cmp	r4, #32
10003678:	d1ed      	bne.n	10003656 <_ftoa+0x182>
1000367a:	9b06      	ldr	r3, [sp, #24]
1000367c:	465e      	mov	r6, fp
1000367e:	469b      	mov	fp, r3
10003680:	2303      	movs	r3, #3
10003682:	9a22      	ldr	r2, [sp, #136]	@ 0x88
10003684:	4013      	ands	r3, r2
10003686:	2b01      	cmp	r3, #1
10003688:	d118      	bne.n	100036bc <_ftoa+0x1e8>
1000368a:	9b21      	ldr	r3, [sp, #132]	@ 0x84
1000368c:	2b00      	cmp	r3, #0
1000368e:	d015      	beq.n	100036bc <_ftoa+0x1e8>
10003690:	9b0b      	ldr	r3, [sp, #44]	@ 0x2c
10003692:	2b00      	cmp	r3, #0
10003694:	d100      	bne.n	10003698 <_ftoa+0x1c4>
10003696:	e0fd      	b.n	10003894 <_ftoa+0x3c0>
10003698:	9b21      	ldr	r3, [sp, #132]	@ 0x84
1000369a:	3b01      	subs	r3, #1
1000369c:	9321      	str	r3, [sp, #132]	@ 0x84
1000369e:	2b20      	cmp	r3, #32
100036a0:	d90c      	bls.n	100036bc <_ftoa+0x1e8>
100036a2:	2330      	movs	r3, #48	@ 0x30
100036a4:	9a21      	ldr	r2, [sp, #132]	@ 0x84
100036a6:	e007      	b.n	100036b8 <_ftoa+0x1e4>
100036a8:	2017      	movs	r0, #23
100036aa:	a906      	add	r1, sp, #24
100036ac:	3401      	adds	r4, #1
100036ae:	1809      	adds	r1, r1, r0
100036b0:	550b      	strb	r3, [r1, r4]
100036b2:	4294      	cmp	r4, r2
100036b4:	d300      	bcc.n	100036b8 <_ftoa+0x1e4>
100036b6:	e0cc      	b.n	10003852 <_ftoa+0x37e>
100036b8:	2c20      	cmp	r4, #32
100036ba:	d1f5      	bne.n	100036a8 <_ftoa+0x1d4>
100036bc:	9b22      	ldr	r3, [sp, #136]	@ 0x88
100036be:	9401      	str	r4, [sp, #4]
100036c0:	9303      	str	r3, [sp, #12]
100036c2:	9b21      	ldr	r3, [sp, #132]	@ 0x84
100036c4:	9600      	str	r6, [sp, #0]
100036c6:	9302      	str	r3, [sp, #8]
100036c8:	e022      	b.n	10003710 <_ftoa+0x23c>
100036ca:	9b22      	ldr	r3, [sp, #136]	@ 0x88
100036cc:	4652      	mov	r2, sl
100036ce:	9304      	str	r3, [sp, #16]
100036d0:	9b21      	ldr	r3, [sp, #132]	@ 0x84
100036d2:	0039      	movs	r1, r7
100036d4:	9303      	str	r3, [sp, #12]
100036d6:	4658      	mov	r0, fp
100036d8:	9b1e      	ldr	r3, [sp, #120]	@ 0x78
100036da:	9c1f      	ldr	r4, [sp, #124]	@ 0x7c
100036dc:	9602      	str	r6, [sp, #8]
100036de:	9300      	str	r3, [sp, #0]
100036e0:	9401      	str	r4, [sp, #4]
100036e2:	4643      	mov	r3, r8
100036e4:	f000 f94a 	bl	1000397c <_etoa>
100036e8:	0004      	movs	r4, r0
100036ea:	0020      	movs	r0, r4
100036ec:	b015      	add	sp, #84	@ 0x54
100036ee:	bcf0      	pop	{r4, r5, r6, r7}
100036f0:	46bb      	mov	fp, r7
100036f2:	46b2      	mov	sl, r6
100036f4:	46a9      	mov	r9, r5
100036f6:	46a0      	mov	r8, r4
100036f8:	bdf0      	pop	{r4, r5, r6, r7, pc}
100036fa:	9b22      	ldr	r3, [sp, #136]	@ 0x88
100036fc:	075b      	lsls	r3, r3, #29
100036fe:	d40f      	bmi.n	10003720 <_ftoa+0x24c>
10003700:	2203      	movs	r2, #3
10003702:	4b4c      	ldr	r3, [pc, #304]	@ (10003834 <_ftoa+0x360>)
10003704:	9922      	ldr	r1, [sp, #136]	@ 0x88
10003706:	9201      	str	r2, [sp, #4]
10003708:	9103      	str	r1, [sp, #12]
1000370a:	9921      	ldr	r1, [sp, #132]	@ 0x84
1000370c:	9300      	str	r3, [sp, #0]
1000370e:	9102      	str	r1, [sp, #8]
10003710:	4643      	mov	r3, r8
10003712:	4652      	mov	r2, sl
10003714:	0039      	movs	r1, r7
10003716:	4658      	mov	r0, fp
10003718:	f7ff fd90 	bl	1000323c <_out_rev>
1000371c:	0004      	movs	r4, r0
1000371e:	e7e4      	b.n	100036ea <_ftoa+0x216>
10003720:	2204      	movs	r2, #4
10003722:	4b45      	ldr	r3, [pc, #276]	@ (10003838 <_ftoa+0x364>)
10003724:	e7ee      	b.n	10003704 <_ftoa+0x230>
10003726:	9a1e      	ldr	r2, [sp, #120]	@ 0x78
10003728:	9b1f      	ldr	r3, [sp, #124]	@ 0x7c
1000372a:	2000      	movs	r0, #0
1000372c:	2100      	movs	r1, #0
1000372e:	f7fe ff4e 	bl	100025ce <__wrap___aeabi_dsub>
10003732:	2301      	movs	r3, #1
10003734:	901e      	str	r0, [sp, #120]	@ 0x78
10003736:	911f      	str	r1, [sp, #124]	@ 0x7c
10003738:	930b      	str	r3, [sp, #44]	@ 0x2c
1000373a:	e711      	b.n	10003560 <_ftoa+0x8c>
1000373c:	9b22      	ldr	r3, [sp, #136]	@ 0x88
1000373e:	4654      	mov	r4, sl
10003740:	079b      	lsls	r3, r3, #30
10003742:	d111      	bne.n	10003768 <_ftoa+0x294>
10003744:	9b21      	ldr	r3, [sp, #132]	@ 0x84
10003746:	2b04      	cmp	r3, #4
10003748:	d90e      	bls.n	10003768 <_ftoa+0x294>
1000374a:	9b21      	ldr	r3, [sp, #132]	@ 0x84
1000374c:	4655      	mov	r5, sl
1000374e:	469c      	mov	ip, r3
10003750:	465e      	mov	r6, fp
10003752:	3c04      	subs	r4, #4
10003754:	4464      	add	r4, ip
10003756:	002a      	movs	r2, r5
10003758:	4643      	mov	r3, r8
1000375a:	3501      	adds	r5, #1
1000375c:	0039      	movs	r1, r7
1000375e:	2020      	movs	r0, #32
10003760:	47b0      	blx	r6
10003762:	42a5      	cmp	r5, r4
10003764:	d1f7      	bne.n	10003756 <_ftoa+0x282>
10003766:	46b3      	mov	fp, r6
10003768:	4d34      	ldr	r5, [pc, #208]	@ (1000383c <_ftoa+0x368>)
1000376a:	0026      	movs	r6, r4
1000376c:	1f2b      	subs	r3, r5, #4
1000376e:	4699      	mov	r9, r3
10003770:	465b      	mov	r3, fp
10003772:	46a3      	mov	fp, r4
10003774:	001c      	movs	r4, r3
10003776:	0032      	movs	r2, r6
10003778:	78e8      	ldrb	r0, [r5, #3]
1000377a:	4643      	mov	r3, r8
1000377c:	0039      	movs	r1, r7
1000377e:	3d01      	subs	r5, #1
10003780:	47a0      	blx	r4
10003782:	3601      	adds	r6, #1
10003784:	454d      	cmp	r5, r9
10003786:	d1f6      	bne.n	10003776 <_ftoa+0x2a2>
10003788:	0023      	movs	r3, r4
1000378a:	465c      	mov	r4, fp
1000378c:	469b      	mov	fp, r3
1000378e:	9b22      	ldr	r3, [sp, #136]	@ 0x88
10003790:	3404      	adds	r4, #4
10003792:	079b      	lsls	r3, r3, #30
10003794:	d5a9      	bpl.n	100036ea <_ftoa+0x216>
10003796:	4653      	mov	r3, sl
10003798:	9a21      	ldr	r2, [sp, #132]	@ 0x84
1000379a:	1ae3      	subs	r3, r4, r3
1000379c:	429a      	cmp	r2, r3
1000379e:	d9a4      	bls.n	100036ea <_ftoa+0x216>
100037a0:	465e      	mov	r6, fp
100037a2:	0015      	movs	r5, r2
100037a4:	0022      	movs	r2, r4
100037a6:	4643      	mov	r3, r8
100037a8:	0039      	movs	r1, r7
100037aa:	2020      	movs	r0, #32
100037ac:	47b0      	blx	r6
100037ae:	4653      	mov	r3, sl
100037b0:	3401      	adds	r4, #1
100037b2:	1ae3      	subs	r3, r4, r3
100037b4:	429d      	cmp	r5, r3
100037b6:	d8f5      	bhi.n	100037a4 <_ftoa+0x2d0>
100037b8:	e797      	b.n	100036ea <_ftoa+0x216>
100037ba:	0028      	movs	r0, r5
100037bc:	f7fe ffa6 	bl	1000270c <__wrap___aeabi_i2d>
100037c0:	0002      	movs	r2, r0
100037c2:	000b      	movs	r3, r1
100037c4:	981e      	ldr	r0, [sp, #120]	@ 0x78
100037c6:	991f      	ldr	r1, [sp, #124]	@ 0x7c
100037c8:	f7fe ff01 	bl	100025ce <__wrap___aeabi_dsub>
100037cc:	2200      	movs	r2, #0
100037ce:	4b18      	ldr	r3, [pc, #96]	@ (10003830 <_ftoa+0x35c>)
100037d0:	9006      	str	r0, [sp, #24]
100037d2:	9107      	str	r1, [sp, #28]
100037d4:	f7fe ff6e 	bl	100026b4 <__wrap___aeabi_dcmplt>
100037d8:	ae0c      	add	r6, sp, #48	@ 0x30
100037da:	2800      	cmp	r0, #0
100037dc:	d000      	beq.n	100037e0 <_ftoa+0x30c>
100037de:	e731      	b.n	10003644 <_ftoa+0x170>
100037e0:	9806      	ldr	r0, [sp, #24]
100037e2:	9907      	ldr	r1, [sp, #28]
100037e4:	2200      	movs	r2, #0
100037e6:	4b12      	ldr	r3, [pc, #72]	@ (10003830 <_ftoa+0x35c>)
100037e8:	f7fe ff7a 	bl	100026e0 <__wrap___aeabi_dcmpgt>
100037ec:	2800      	cmp	r0, #0
100037ee:	d000      	beq.n	100037f2 <_ftoa+0x31e>
100037f0:	e728      	b.n	10003644 <_ftoa+0x170>
100037f2:	2301      	movs	r3, #1
100037f4:	3501      	adds	r5, #1
100037f6:	439d      	bics	r5, r3
100037f8:	e724      	b.n	10003644 <_ftoa+0x170>
100037fa:	2200      	movs	r2, #0
100037fc:	9806      	ldr	r0, [sp, #24]
100037fe:	9907      	ldr	r1, [sp, #28]
10003800:	4b0b      	ldr	r3, [pc, #44]	@ (10003830 <_ftoa+0x35c>)
10003802:	f7fe ff57 	bl	100026b4 <__wrap___aeabi_dcmplt>
10003806:	2800      	cmp	r0, #0
10003808:	d000      	beq.n	1000380c <_ftoa+0x338>
1000380a:	e6f9      	b.n	10003600 <_ftoa+0x12c>
1000380c:	464b      	mov	r3, r9
1000380e:	2b00      	cmp	r3, #0
10003810:	d15c      	bne.n	100038cc <_ftoa+0x3f8>
10003812:	2301      	movs	r3, #1
10003814:	469c      	mov	ip, r3
10003816:	44e1      	add	r9, ip
10003818:	e6f2      	b.n	10003600 <_ftoa+0x12c>
1000381a:	46c0      	nop			@ (mov r8, r8)
1000381c:	ffefffff 	.word	0xffefffff
10003820:	7fefffff 	.word	0x7fefffff
10003824:	41cdcd65 	.word	0x41cdcd65
10003828:	c1cdcd65 	.word	0xc1cdcd65
1000382c:	10008d68 	.word	0x10008d68
10003830:	3fe00000 	.word	0x3fe00000
10003834:	100089f0 	.word	0x100089f0
10003838:	100089e8 	.word	0x100089e8
1000383c:	100089f8 	.word	0x100089f8
10003840:	9b06      	ldr	r3, [sp, #24]
10003842:	465e      	mov	r6, fp
10003844:	469b      	mov	fp, r3
10003846:	2303      	movs	r3, #3
10003848:	9a22      	ldr	r2, [sp, #136]	@ 0x88
1000384a:	4013      	ands	r3, r2
1000384c:	2b01      	cmp	r3, #1
1000384e:	d100      	bne.n	10003852 <_ftoa+0x37e>
10003850:	e081      	b.n	10003956 <_ftoa+0x482>
10003852:	2c20      	cmp	r4, #32
10003854:	d100      	bne.n	10003858 <_ftoa+0x384>
10003856:	e731      	b.n	100036bc <_ftoa+0x1e8>
10003858:	9b0b      	ldr	r3, [sp, #44]	@ 0x2c
1000385a:	2b00      	cmp	r3, #0
1000385c:	d027      	beq.n	100038ae <_ftoa+0x3da>
1000385e:	232d      	movs	r3, #45	@ 0x2d
10003860:	5533      	strb	r3, [r6, r4]
10003862:	3401      	adds	r4, #1
10003864:	e72a      	b.n	100036bc <_ftoa+0x1e8>
10003866:	464f      	mov	r7, r9
10003868:	9d06      	ldr	r5, [sp, #24]
1000386a:	2c20      	cmp	r4, #32
1000386c:	d100      	bne.n	10003870 <_ftoa+0x39c>
1000386e:	e6e7      	b.n	10003640 <_ftoa+0x16c>
10003870:	2230      	movs	r2, #48	@ 0x30
10003872:	1933      	adds	r3, r6, r4
10003874:	e007      	b.n	10003886 <_ftoa+0x3b2>
10003876:	2017      	movs	r0, #23
10003878:	a906      	add	r1, sp, #24
1000387a:	3401      	adds	r4, #1
1000387c:	1809      	adds	r1, r1, r0
1000387e:	550a      	strb	r2, [r1, r4]
10003880:	2c20      	cmp	r4, #32
10003882:	d100      	bne.n	10003886 <_ftoa+0x3b2>
10003884:	e6dc      	b.n	10003640 <_ftoa+0x16c>
10003886:	42a3      	cmp	r3, r4
10003888:	d1f5      	bne.n	10003876 <_ftoa+0x3a2>
1000388a:	222e      	movs	r2, #46	@ 0x2e
1000388c:	ae0c      	add	r6, sp, #48	@ 0x30
1000388e:	3401      	adds	r4, #1
10003890:	54f2      	strb	r2, [r6, r3]
10003892:	e6d7      	b.n	10003644 <_ftoa+0x170>
10003894:	230c      	movs	r3, #12
10003896:	9a22      	ldr	r2, [sp, #136]	@ 0x88
10003898:	4213      	tst	r3, r2
1000389a:	d057      	beq.n	1000394c <_ftoa+0x478>
1000389c:	9b21      	ldr	r3, [sp, #132]	@ 0x84
1000389e:	3b01      	subs	r3, #1
100038a0:	9321      	str	r3, [sp, #132]	@ 0x84
100038a2:	42a3      	cmp	r3, r4
100038a4:	d900      	bls.n	100038a8 <_ftoa+0x3d4>
100038a6:	e6fc      	b.n	100036a2 <_ftoa+0x1ce>
100038a8:	2c20      	cmp	r4, #32
100038aa:	d100      	bne.n	100038ae <_ftoa+0x3da>
100038ac:	e706      	b.n	100036bc <_ftoa+0x1e8>
100038ae:	9b22      	ldr	r3, [sp, #136]	@ 0x88
100038b0:	075b      	lsls	r3, r3, #29
100038b2:	d503      	bpl.n	100038bc <_ftoa+0x3e8>
100038b4:	232b      	movs	r3, #43	@ 0x2b
100038b6:	5533      	strb	r3, [r6, r4]
100038b8:	3401      	adds	r4, #1
100038ba:	e6ff      	b.n	100036bc <_ftoa+0x1e8>
100038bc:	9b22      	ldr	r3, [sp, #136]	@ 0x88
100038be:	071b      	lsls	r3, r3, #28
100038c0:	d400      	bmi.n	100038c4 <_ftoa+0x3f0>
100038c2:	e6fb      	b.n	100036bc <_ftoa+0x1e8>
100038c4:	2320      	movs	r3, #32
100038c6:	5533      	strb	r3, [r6, r4]
100038c8:	3401      	adds	r4, #1
100038ca:	e6f7      	b.n	100036bc <_ftoa+0x1e8>
100038cc:	07db      	lsls	r3, r3, #31
100038ce:	d400      	bmi.n	100038d2 <_ftoa+0x3fe>
100038d0:	e696      	b.n	10003600 <_ftoa+0x12c>
100038d2:	e79e      	b.n	10003812 <_ftoa+0x33e>
100038d4:	9b22      	ldr	r3, [sp, #136]	@ 0x88
100038d6:	4655      	mov	r5, sl
100038d8:	079b      	lsls	r3, r3, #30
100038da:	d111      	bne.n	10003900 <_ftoa+0x42c>
100038dc:	9b21      	ldr	r3, [sp, #132]	@ 0x84
100038de:	2b03      	cmp	r3, #3
100038e0:	d90e      	bls.n	10003900 <_ftoa+0x42c>
100038e2:	9b21      	ldr	r3, [sp, #132]	@ 0x84
100038e4:	4654      	mov	r4, sl
100038e6:	469c      	mov	ip, r3
100038e8:	465e      	mov	r6, fp
100038ea:	3d03      	subs	r5, #3
100038ec:	4465      	add	r5, ip
100038ee:	0022      	movs	r2, r4
100038f0:	4643      	mov	r3, r8
100038f2:	3401      	adds	r4, #1
100038f4:	0039      	movs	r1, r7
100038f6:	2020      	movs	r0, #32
100038f8:	47b0      	blx	r6
100038fa:	42ac      	cmp	r4, r5
100038fc:	d1f7      	bne.n	100038ee <_ftoa+0x41a>
100038fe:	46b3      	mov	fp, r6
10003900:	46b9      	mov	r9, r7
10003902:	465f      	mov	r7, fp
10003904:	4e1c      	ldr	r6, [pc, #112]	@ (10003978 <_ftoa+0x4a4>)
10003906:	1cec      	adds	r4, r5, #3
10003908:	002a      	movs	r2, r5
1000390a:	78b0      	ldrb	r0, [r6, #2]
1000390c:	4643      	mov	r3, r8
1000390e:	4649      	mov	r1, r9
10003910:	3501      	adds	r5, #1
10003912:	47b8      	blx	r7
10003914:	3e01      	subs	r6, #1
10003916:	42ac      	cmp	r4, r5
10003918:	d1f6      	bne.n	10003908 <_ftoa+0x434>
1000391a:	9b22      	ldr	r3, [sp, #136]	@ 0x88
1000391c:	46bb      	mov	fp, r7
1000391e:	464f      	mov	r7, r9
10003920:	079b      	lsls	r3, r3, #30
10003922:	d400      	bmi.n	10003926 <_ftoa+0x452>
10003924:	e6e1      	b.n	100036ea <_ftoa+0x216>
10003926:	4653      	mov	r3, sl
10003928:	9a21      	ldr	r2, [sp, #132]	@ 0x84
1000392a:	1ae3      	subs	r3, r4, r3
1000392c:	429a      	cmp	r2, r3
1000392e:	d800      	bhi.n	10003932 <_ftoa+0x45e>
10003930:	e6db      	b.n	100036ea <_ftoa+0x216>
10003932:	465e      	mov	r6, fp
10003934:	0015      	movs	r5, r2
10003936:	0022      	movs	r2, r4
10003938:	4643      	mov	r3, r8
1000393a:	0039      	movs	r1, r7
1000393c:	2020      	movs	r0, #32
1000393e:	47b0      	blx	r6
10003940:	4653      	mov	r3, sl
10003942:	3401      	adds	r4, #1
10003944:	1ae3      	subs	r3, r4, r3
10003946:	42ab      	cmp	r3, r5
10003948:	d3f5      	bcc.n	10003936 <_ftoa+0x462>
1000394a:	e6ce      	b.n	100036ea <_ftoa+0x216>
1000394c:	9b21      	ldr	r3, [sp, #132]	@ 0x84
1000394e:	42a3      	cmp	r3, r4
10003950:	d900      	bls.n	10003954 <_ftoa+0x480>
10003952:	e6a6      	b.n	100036a2 <_ftoa+0x1ce>
10003954:	e6b2      	b.n	100036bc <_ftoa+0x1e8>
10003956:	9b21      	ldr	r3, [sp, #132]	@ 0x84
10003958:	2b00      	cmp	r3, #0
1000395a:	d100      	bne.n	1000395e <_ftoa+0x48a>
1000395c:	e779      	b.n	10003852 <_ftoa+0x37e>
1000395e:	9b0b      	ldr	r3, [sp, #44]	@ 0x2c
10003960:	2b00      	cmp	r3, #0
10003962:	d097      	beq.n	10003894 <_ftoa+0x3c0>
10003964:	9b21      	ldr	r3, [sp, #132]	@ 0x84
10003966:	3b01      	subs	r3, #1
10003968:	9321      	str	r3, [sp, #132]	@ 0x84
1000396a:	429c      	cmp	r4, r3
1000396c:	d200      	bcs.n	10003970 <_ftoa+0x49c>
1000396e:	e698      	b.n	100036a2 <_ftoa+0x1ce>
10003970:	2c20      	cmp	r4, #32
10003972:	d000      	beq.n	10003976 <_ftoa+0x4a2>
10003974:	e773      	b.n	1000385e <_ftoa+0x38a>
10003976:	e6a1      	b.n	100036bc <_ftoa+0x1e8>
10003978:	100089f4 	.word	0x100089f4

1000397c <_etoa>:
1000397c:	b5f0      	push	{r4, r5, r6, r7, lr}
1000397e:	46de      	mov	lr, fp
10003980:	4657      	mov	r7, sl
10003982:	464e      	mov	r6, r9
10003984:	4645      	mov	r5, r8
10003986:	b5e0      	push	{r5, r6, r7, lr}
10003988:	b099      	sub	sp, #100	@ 0x64
1000398a:	4681      	mov	r9, r0
1000398c:	468b      	mov	fp, r1
1000398e:	4692      	mov	sl, r2
10003990:	4698      	mov	r8, r3
10003992:	9a22      	ldr	r2, [sp, #136]	@ 0x88
10003994:	9b23      	ldr	r3, [sp, #140]	@ 0x8c
10003996:	0010      	movs	r0, r2
10003998:	0019      	movs	r1, r3
1000399a:	f7fe fea6 	bl	100026ea <__wrap___aeabi_dcmpun>
1000399e:	2800      	cmp	r0, #0
100039a0:	d000      	beq.n	100039a4 <_etoa+0x28>
100039a2:	e0ca      	b.n	10003b3a <_etoa+0x1be>
100039a4:	9822      	ldr	r0, [sp, #136]	@ 0x88
100039a6:	9923      	ldr	r1, [sp, #140]	@ 0x8c
100039a8:	2201      	movs	r2, #1
100039aa:	4b82      	ldr	r3, [pc, #520]	@ (10003bb4 <_etoa+0x238>)
100039ac:	4252      	negs	r2, r2
100039ae:	f7fe fe97 	bl	100026e0 <__wrap___aeabi_dcmpgt>
100039b2:	2800      	cmp	r0, #0
100039b4:	d000      	beq.n	100039b8 <_etoa+0x3c>
100039b6:	e0c0      	b.n	10003b3a <_etoa+0x1be>
100039b8:	9822      	ldr	r0, [sp, #136]	@ 0x88
100039ba:	9923      	ldr	r1, [sp, #140]	@ 0x8c
100039bc:	2201      	movs	r2, #1
100039be:	4b7e      	ldr	r3, [pc, #504]	@ (10003bb8 <_etoa+0x23c>)
100039c0:	4252      	negs	r2, r2
100039c2:	f7fe fe77 	bl	100026b4 <__wrap___aeabi_dcmplt>
100039c6:	2800      	cmp	r0, #0
100039c8:	d000      	beq.n	100039cc <_etoa+0x50>
100039ca:	e0b6      	b.n	10003b3a <_etoa+0x1be>
100039cc:	9822      	ldr	r0, [sp, #136]	@ 0x88
100039ce:	9923      	ldr	r1, [sp, #140]	@ 0x8c
100039d0:	2200      	movs	r2, #0
100039d2:	2300      	movs	r3, #0
100039d4:	f7fe fe6e 	bl	100026b4 <__wrap___aeabi_dcmplt>
100039d8:	2800      	cmp	r0, #0
100039da:	d000      	beq.n	100039de <_etoa+0x62>
100039dc:	e1c9      	b.n	10003d72 <_etoa+0x3f6>
100039de:	9b22      	ldr	r3, [sp, #136]	@ 0x88
100039e0:	9c23      	ldr	r4, [sp, #140]	@ 0x8c
100039e2:	9308      	str	r3, [sp, #32]
100039e4:	9409      	str	r4, [sp, #36]	@ 0x24
100039e6:	9808      	ldr	r0, [sp, #32]
100039e8:	9909      	ldr	r1, [sp, #36]	@ 0x24
100039ea:	2380      	movs	r3, #128	@ 0x80
100039ec:	9a26      	ldr	r2, [sp, #152]	@ 0x98
100039ee:	00db      	lsls	r3, r3, #3
100039f0:	401a      	ands	r2, r3
100039f2:	920d      	str	r2, [sp, #52]	@ 0x34
100039f4:	2280      	movs	r2, #128	@ 0x80
100039f6:	9c26      	ldr	r4, [sp, #152]	@ 0x98
100039f8:	0112      	lsls	r2, r2, #4
100039fa:	4014      	ands	r4, r2
100039fc:	0022      	movs	r2, r4
100039fe:	940b      	str	r4, [sp, #44]	@ 0x2c
10003a00:	9c26      	ldr	r4, [sp, #152]	@ 0x98
10003a02:	0007      	movs	r7, r0
10003a04:	000e      	movs	r6, r1
10003a06:	421c      	tst	r4, r3
10003a08:	d000      	beq.n	10003a0c <_etoa+0x90>
10003a0a:	e0ad      	b.n	10003b68 <_etoa+0x1ec>
10003a0c:	000b      	movs	r3, r1
10003a0e:	4303      	orrs	r3, r0
10003a10:	d000      	beq.n	10003a14 <_etoa+0x98>
10003a12:	e0d5      	b.n	10003bc0 <_etoa+0x244>
10003a14:	2a00      	cmp	r2, #0
10003a16:	d000      	beq.n	10003a1a <_etoa+0x9e>
10003a18:	e20a      	b.n	10003e30 <_etoa+0x4b4>
10003a1a:	0022      	movs	r2, r4
10003a1c:	3306      	adds	r3, #6
10003a1e:	9324      	str	r3, [sp, #144]	@ 0x90
10003a20:	2302      	movs	r3, #2
10003a22:	4013      	ands	r3, r2
10003a24:	930c      	str	r3, [sp, #48]	@ 0x30
10003a26:	2302      	movs	r3, #2
10003a28:	4213      	tst	r3, r2
10003a2a:	d000      	beq.n	10003a2e <_etoa+0xb2>
10003a2c:	e202      	b.n	10003e34 <_etoa+0x4b8>
10003a2e:	9b25      	ldr	r3, [sp, #148]	@ 0x94
10003a30:	2b04      	cmp	r3, #4
10003a32:	d200      	bcs.n	10003a36 <_etoa+0xba>
10003a34:	e20f      	b.n	10003e56 <_etoa+0x4da>
10003a36:	3b04      	subs	r3, #4
10003a38:	930b      	str	r3, [sp, #44]	@ 0x2c
10003a3a:	2300      	movs	r3, #0
10003a3c:	2504      	movs	r5, #4
10003a3e:	930a      	str	r3, [sp, #40]	@ 0x28
10003a40:	2200      	movs	r2, #0
10003a42:	9822      	ldr	r0, [sp, #136]	@ 0x88
10003a44:	9923      	ldr	r1, [sp, #140]	@ 0x8c
10003a46:	2300      	movs	r3, #0
10003a48:	f7fe fe34 	bl	100026b4 <__wrap___aeabi_dcmplt>
10003a4c:	2800      	cmp	r0, #0
10003a4e:	d000      	beq.n	10003a52 <_etoa+0xd6>
10003a50:	e203      	b.n	10003e5a <_etoa+0x4de>
10003a52:	4b5a      	ldr	r3, [pc, #360]	@ (10003bbc <_etoa+0x240>)
10003a54:	9a26      	ldr	r2, [sp, #152]	@ 0x98
10003a56:	4013      	ands	r3, r2
10003a58:	9304      	str	r3, [sp, #16]
10003a5a:	9b0b      	ldr	r3, [sp, #44]	@ 0x2c
10003a5c:	9303      	str	r3, [sp, #12]
10003a5e:	9b24      	ldr	r3, [sp, #144]	@ 0x90
10003a60:	9302      	str	r3, [sp, #8]
10003a62:	9b08      	ldr	r3, [sp, #32]
10003a64:	9c09      	ldr	r4, [sp, #36]	@ 0x24
10003a66:	9300      	str	r3, [sp, #0]
10003a68:	9401      	str	r4, [sp, #4]
10003a6a:	4659      	mov	r1, fp
10003a6c:	4643      	mov	r3, r8
10003a6e:	4652      	mov	r2, sl
10003a70:	4648      	mov	r0, r9
10003a72:	f7ff fd2f 	bl	100034d4 <_ftoa>
10003a76:	0002      	movs	r2, r0
10003a78:	2020      	movs	r0, #32
10003a7a:	9b26      	ldr	r3, [sp, #152]	@ 0x98
10003a7c:	271f      	movs	r7, #31
10003a7e:	4003      	ands	r3, r0
10003a80:	4259      	negs	r1, r3
10003a82:	414b      	adcs	r3, r1
10003a84:	425b      	negs	r3, r3
10003a86:	4018      	ands	r0, r3
10003a88:	1c53      	adds	r3, r2, #1
10003a8a:	9308      	str	r3, [sp, #32]
10003a8c:	4659      	mov	r1, fp
10003a8e:	4643      	mov	r3, r8
10003a90:	3045      	adds	r0, #69	@ 0x45
10003a92:	47c8      	blx	r9
10003a94:	9a0a      	ldr	r2, [sp, #40]	@ 0x28
10003a96:	17d3      	asrs	r3, r2, #31
10003a98:	18d4      	adds	r4, r2, r3
10003a9a:	405c      	eors	r4, r3
10003a9c:	0fd3      	lsrs	r3, r2, #31
10003a9e:	930a      	str	r3, [sp, #40]	@ 0x28
10003aa0:	1e6b      	subs	r3, r5, #1
10003aa2:	930b      	str	r3, [sp, #44]	@ 0x2c
10003aa4:	ab08      	add	r3, sp, #32
10003aa6:	469c      	mov	ip, r3
10003aa8:	2500      	movs	r5, #0
10003aaa:	4467      	add	r7, ip
10003aac:	e001      	b.n	10003ab2 <_etoa+0x136>
10003aae:	2d20      	cmp	r5, #32
10003ab0:	d00f      	beq.n	10003ad2 <_etoa+0x156>
10003ab2:	0020      	movs	r0, r4
10003ab4:	210a      	movs	r1, #10
10003ab6:	f7fe fb4f 	bl	10002158 <__wrap___aeabi_uidiv>
10003aba:	3501      	adds	r5, #1
10003abc:	197e      	adds	r6, r7, r5
10003abe:	3130      	adds	r1, #48	@ 0x30
10003ac0:	7031      	strb	r1, [r6, #0]
10003ac2:	0020      	movs	r0, r4
10003ac4:	210a      	movs	r1, #10
10003ac6:	f7fe fb47 	bl	10002158 <__wrap___aeabi_uidiv>
10003aca:	0026      	movs	r6, r4
10003acc:	0004      	movs	r4, r0
10003ace:	2e09      	cmp	r6, #9
10003ad0:	d8ed      	bhi.n	10003aae <_etoa+0x132>
10003ad2:	2305      	movs	r3, #5
10003ad4:	9306      	str	r3, [sp, #24]
10003ad6:	9b0b      	ldr	r3, [sp, #44]	@ 0x2c
10003ad8:	4659      	mov	r1, fp
10003ada:	9305      	str	r3, [sp, #20]
10003adc:	2300      	movs	r3, #0
10003ade:	9304      	str	r3, [sp, #16]
10003ae0:	330a      	adds	r3, #10
10003ae2:	9303      	str	r3, [sp, #12]
10003ae4:	9b0a      	ldr	r3, [sp, #40]	@ 0x28
10003ae6:	4648      	mov	r0, r9
10003ae8:	9302      	str	r3, [sp, #8]
10003aea:	ab10      	add	r3, sp, #64	@ 0x40
10003aec:	9300      	str	r3, [sp, #0]
10003aee:	9a08      	ldr	r2, [sp, #32]
10003af0:	4643      	mov	r3, r8
10003af2:	9501      	str	r5, [sp, #4]
10003af4:	f7ff fbf8 	bl	100032e8 <_ntoa_format>
10003af8:	9b0c      	ldr	r3, [sp, #48]	@ 0x30
10003afa:	2b00      	cmp	r3, #0
10003afc:	d02d      	beq.n	10003b5a <_etoa+0x1de>
10003afe:	4653      	mov	r3, sl
10003b00:	1ac4      	subs	r4, r0, r3
10003b02:	9b25      	ldr	r3, [sp, #148]	@ 0x94
10003b04:	42a3      	cmp	r3, r4
10003b06:	d928      	bls.n	10003b5a <_etoa+0x1de>
10003b08:	464d      	mov	r5, r9
10003b0a:	465f      	mov	r7, fp
10003b0c:	4681      	mov	r9, r0
10003b0e:	001e      	movs	r6, r3
10003b10:	4653      	mov	r3, sl
10003b12:	0039      	movs	r1, r7
10003b14:	191a      	adds	r2, r3, r4
10003b16:	2020      	movs	r0, #32
10003b18:	4643      	mov	r3, r8
10003b1a:	3401      	adds	r4, #1
10003b1c:	47a8      	blx	r5
10003b1e:	42a6      	cmp	r6, r4
10003b20:	d8f6      	bhi.n	10003b10 <_etoa+0x194>
10003b22:	4653      	mov	r3, sl
10003b24:	4648      	mov	r0, r9
10003b26:	9925      	ldr	r1, [sp, #148]	@ 0x94
10003b28:	1ac2      	subs	r2, r0, r3
10003b2a:	3201      	adds	r2, #1
10003b2c:	2300      	movs	r3, #0
10003b2e:	4291      	cmp	r1, r2
10003b30:	d300      	bcc.n	10003b34 <_etoa+0x1b8>
10003b32:	e186      	b.n	10003e42 <_etoa+0x4c6>
10003b34:	3001      	adds	r0, #1
10003b36:	1818      	adds	r0, r3, r0
10003b38:	e00f      	b.n	10003b5a <_etoa+0x1de>
10003b3a:	9b26      	ldr	r3, [sp, #152]	@ 0x98
10003b3c:	9304      	str	r3, [sp, #16]
10003b3e:	9b25      	ldr	r3, [sp, #148]	@ 0x94
10003b40:	9303      	str	r3, [sp, #12]
10003b42:	9b24      	ldr	r3, [sp, #144]	@ 0x90
10003b44:	9302      	str	r3, [sp, #8]
10003b46:	9b22      	ldr	r3, [sp, #136]	@ 0x88
10003b48:	9c23      	ldr	r4, [sp, #140]	@ 0x8c
10003b4a:	9300      	str	r3, [sp, #0]
10003b4c:	9401      	str	r4, [sp, #4]
10003b4e:	4643      	mov	r3, r8
10003b50:	4652      	mov	r2, sl
10003b52:	4659      	mov	r1, fp
10003b54:	4648      	mov	r0, r9
10003b56:	f7ff fcbd 	bl	100034d4 <_ftoa>
10003b5a:	b019      	add	sp, #100	@ 0x64
10003b5c:	bcf0      	pop	{r4, r5, r6, r7}
10003b5e:	46bb      	mov	fp, r7
10003b60:	46b2      	mov	sl, r6
10003b62:	46a9      	mov	r9, r5
10003b64:	46a0      	mov	r8, r4
10003b66:	bdf0      	pop	{r4, r5, r6, r7, pc}
10003b68:	4301      	orrs	r1, r0
10003b6a:	d12b      	bne.n	10003bc4 <_etoa+0x248>
10003b6c:	9b0b      	ldr	r3, [sp, #44]	@ 0x2c
10003b6e:	0022      	movs	r2, r4
10003b70:	2b00      	cmp	r3, #0
10003b72:	d100      	bne.n	10003b76 <_etoa+0x1fa>
10003b74:	e754      	b.n	10003a20 <_etoa+0xa4>
10003b76:	2300      	movs	r3, #0
10003b78:	930a      	str	r3, [sp, #40]	@ 0x28
10003b7a:	9b24      	ldr	r3, [sp, #144]	@ 0x90
10003b7c:	9a0a      	ldr	r2, [sp, #40]	@ 0x28
10003b7e:	2400      	movs	r4, #0
10003b80:	4293      	cmp	r3, r2
10003b82:	dd00      	ble.n	10003b86 <_etoa+0x20a>
10003b84:	e185      	b.n	10003e92 <_etoa+0x516>
10003b86:	9822      	ldr	r0, [sp, #136]	@ 0x88
10003b88:	9923      	ldr	r1, [sp, #140]	@ 0x8c
10003b8a:	2200      	movs	r2, #0
10003b8c:	2300      	movs	r3, #0
10003b8e:	f7fe fd91 	bl	100026b4 <__wrap___aeabi_dcmplt>
10003b92:	2800      	cmp	r0, #0
10003b94:	d000      	beq.n	10003b98 <_etoa+0x21c>
10003b96:	e135      	b.n	10003e04 <_etoa+0x488>
10003b98:	9b26      	ldr	r3, [sp, #152]	@ 0x98
10003b9a:	4a08      	ldr	r2, [pc, #32]	@ (10003bbc <_etoa+0x240>)
10003b9c:	9402      	str	r4, [sp, #8]
10003b9e:	401a      	ands	r2, r3
10003ba0:	2380      	movs	r3, #128	@ 0x80
10003ba2:	00db      	lsls	r3, r3, #3
10003ba4:	4313      	orrs	r3, r2
10003ba6:	9304      	str	r3, [sp, #16]
10003ba8:	9b25      	ldr	r3, [sp, #148]	@ 0x94
10003baa:	9303      	str	r3, [sp, #12]
10003bac:	9b08      	ldr	r3, [sp, #32]
10003bae:	9c09      	ldr	r4, [sp, #36]	@ 0x24
10003bb0:	e7cb      	b.n	10003b4a <_etoa+0x1ce>
10003bb2:	46c0      	nop			@ (mov r8, r8)
10003bb4:	7fefffff 	.word	0x7fefffff
10003bb8:	ffefffff 	.word	0xffefffff
10003bbc:	fffff7ff 	.word	0xfffff7ff
10003bc0:	2306      	movs	r3, #6
10003bc2:	9324      	str	r3, [sp, #144]	@ 0x90
10003bc4:	4bb4      	ldr	r3, [pc, #720]	@ (10003e98 <_etoa+0x51c>)
10003bc6:	0070      	lsls	r0, r6, #1
10003bc8:	469c      	mov	ip, r3
10003bca:	0d40      	lsrs	r0, r0, #21
10003bcc:	4460      	add	r0, ip
10003bce:	f7fe fd9d 	bl	1000270c <__wrap___aeabi_i2d>
10003bd2:	4ab2      	ldr	r2, [pc, #712]	@ (10003e9c <_etoa+0x520>)
10003bd4:	4bb2      	ldr	r3, [pc, #712]	@ (10003ea0 <_etoa+0x524>)
10003bd6:	f7fe fd2a 	bl	1000262e <__wrap___aeabi_dmul>
10003bda:	4ab2      	ldr	r2, [pc, #712]	@ (10003ea4 <_etoa+0x528>)
10003bdc:	4bb2      	ldr	r3, [pc, #712]	@ (10003ea8 <_etoa+0x52c>)
10003bde:	f7fe fcff 	bl	100025e0 <__wrap___aeabi_dadd>
10003be2:	0336      	lsls	r6, r6, #12
10003be4:	4bb1      	ldr	r3, [pc, #708]	@ (10003eac <_etoa+0x530>)
10003be6:	0b36      	lsrs	r6, r6, #12
10003be8:	4333      	orrs	r3, r6
10003bea:	0004      	movs	r4, r0
10003bec:	000d      	movs	r5, r1
10003bee:	0038      	movs	r0, r7
10003bf0:	0019      	movs	r1, r3
10003bf2:	2200      	movs	r2, #0
10003bf4:	4bae      	ldr	r3, [pc, #696]	@ (10003eb0 <_etoa+0x534>)
10003bf6:	f7fe fcea 	bl	100025ce <__wrap___aeabi_dsub>
10003bfa:	4aae      	ldr	r2, [pc, #696]	@ (10003eb4 <_etoa+0x538>)
10003bfc:	4bae      	ldr	r3, [pc, #696]	@ (10003eb8 <_etoa+0x53c>)
10003bfe:	f7fe fd16 	bl	1000262e <__wrap___aeabi_dmul>
10003c02:	0002      	movs	r2, r0
10003c04:	000b      	movs	r3, r1
10003c06:	0020      	movs	r0, r4
10003c08:	0029      	movs	r1, r5
10003c0a:	f7fe fce9 	bl	100025e0 <__wrap___aeabi_dadd>
10003c0e:	f7fe fd95 	bl	1000273c <__wrap___aeabi_d2iz>
10003c12:	900a      	str	r0, [sp, #40]	@ 0x28
10003c14:	f7fe fd7a 	bl	1000270c <__wrap___aeabi_i2d>
10003c18:	4aa8      	ldr	r2, [pc, #672]	@ (10003ebc <_etoa+0x540>)
10003c1a:	4ba9      	ldr	r3, [pc, #676]	@ (10003ec0 <_etoa+0x544>)
10003c1c:	0004      	movs	r4, r0
10003c1e:	000d      	movs	r5, r1
10003c20:	f7fe fd05 	bl	1000262e <__wrap___aeabi_dmul>
10003c24:	2200      	movs	r2, #0
10003c26:	4ba7      	ldr	r3, [pc, #668]	@ (10003ec4 <_etoa+0x548>)
10003c28:	f7fe fcda 	bl	100025e0 <__wrap___aeabi_dadd>
10003c2c:	f7fe fd86 	bl	1000273c <__wrap___aeabi_d2iz>
10003c30:	4aa5      	ldr	r2, [pc, #660]	@ (10003ec8 <_etoa+0x54c>)
10003c32:	0006      	movs	r6, r0
10003c34:	4ba5      	ldr	r3, [pc, #660]	@ (10003ecc <_etoa+0x550>)
10003c36:	0020      	movs	r0, r4
10003c38:	0029      	movs	r1, r5
10003c3a:	f7fe fcf8 	bl	1000262e <__wrap___aeabi_dmul>
10003c3e:	0004      	movs	r4, r0
10003c40:	0030      	movs	r0, r6
10003c42:	000d      	movs	r5, r1
10003c44:	960c      	str	r6, [sp, #48]	@ 0x30
10003c46:	f7fe fd61 	bl	1000270c <__wrap___aeabi_i2d>
10003c4a:	4aa1      	ldr	r2, [pc, #644]	@ (10003ed0 <_etoa+0x554>)
10003c4c:	4ba1      	ldr	r3, [pc, #644]	@ (10003ed4 <_etoa+0x558>)
10003c4e:	f7fe fcee 	bl	1000262e <__wrap___aeabi_dmul>
10003c52:	0002      	movs	r2, r0
10003c54:	000b      	movs	r3, r1
10003c56:	0020      	movs	r0, r4
10003c58:	0029      	movs	r1, r5
10003c5a:	f7fe fcb8 	bl	100025ce <__wrap___aeabi_dsub>
10003c5e:	0002      	movs	r2, r0
10003c60:	000b      	movs	r3, r1
10003c62:	0006      	movs	r6, r0
10003c64:	000f      	movs	r7, r1
10003c66:	f7fe fce2 	bl	1000262e <__wrap___aeabi_dmul>
10003c6a:	0032      	movs	r2, r6
10003c6c:	0004      	movs	r4, r0
10003c6e:	000d      	movs	r5, r1
10003c70:	003b      	movs	r3, r7
10003c72:	0030      	movs	r0, r6
10003c74:	0039      	movs	r1, r7
10003c76:	f7fe fcb3 	bl	100025e0 <__wrap___aeabi_dadd>
10003c7a:	2200      	movs	r2, #0
10003c7c:	900e      	str	r0, [sp, #56]	@ 0x38
10003c7e:	910f      	str	r1, [sp, #60]	@ 0x3c
10003c80:	4b95      	ldr	r3, [pc, #596]	@ (10003ed8 <_etoa+0x55c>)
10003c82:	0020      	movs	r0, r4
10003c84:	0029      	movs	r1, r5
10003c86:	f7fe fcb4 	bl	100025f2 <__wrap___aeabi_ddiv>
10003c8a:	2200      	movs	r2, #0
10003c8c:	4b93      	ldr	r3, [pc, #588]	@ (10003edc <_etoa+0x560>)
10003c8e:	f7fe fca7 	bl	100025e0 <__wrap___aeabi_dadd>
10003c92:	0002      	movs	r2, r0
10003c94:	000b      	movs	r3, r1
10003c96:	0020      	movs	r0, r4
10003c98:	0029      	movs	r1, r5
10003c9a:	f7fe fcaa 	bl	100025f2 <__wrap___aeabi_ddiv>
10003c9e:	2200      	movs	r2, #0
10003ca0:	4b8f      	ldr	r3, [pc, #572]	@ (10003ee0 <_etoa+0x564>)
10003ca2:	f7fe fc9d 	bl	100025e0 <__wrap___aeabi_dadd>
10003ca6:	0002      	movs	r2, r0
10003ca8:	000b      	movs	r3, r1
10003caa:	0020      	movs	r0, r4
10003cac:	0029      	movs	r1, r5
10003cae:	f7fe fca0 	bl	100025f2 <__wrap___aeabi_ddiv>
10003cb2:	000d      	movs	r5, r1
10003cb4:	2180      	movs	r1, #128	@ 0x80
10003cb6:	0004      	movs	r4, r0
10003cb8:	0032      	movs	r2, r6
10003cba:	003b      	movs	r3, r7
10003cbc:	2000      	movs	r0, #0
10003cbe:	05c9      	lsls	r1, r1, #23
10003cc0:	f7fe fc85 	bl	100025ce <__wrap___aeabi_dsub>
10003cc4:	0002      	movs	r2, r0
10003cc6:	000b      	movs	r3, r1
10003cc8:	0020      	movs	r0, r4
10003cca:	0029      	movs	r1, r5
10003ccc:	f7fe fc88 	bl	100025e0 <__wrap___aeabi_dadd>
10003cd0:	0002      	movs	r2, r0
10003cd2:	000b      	movs	r3, r1
10003cd4:	980e      	ldr	r0, [sp, #56]	@ 0x38
10003cd6:	990f      	ldr	r1, [sp, #60]	@ 0x3c
10003cd8:	f7fe fc8b 	bl	100025f2 <__wrap___aeabi_ddiv>
10003cdc:	2200      	movs	r2, #0
10003cde:	4b73      	ldr	r3, [pc, #460]	@ (10003eac <_etoa+0x530>)
10003ce0:	f7fe fc7e 	bl	100025e0 <__wrap___aeabi_dadd>
10003ce4:	4b7f      	ldr	r3, [pc, #508]	@ (10003ee4 <_etoa+0x568>)
10003ce6:	9c0c      	ldr	r4, [sp, #48]	@ 0x30
10003ce8:	469c      	mov	ip, r3
10003cea:	4464      	add	r4, ip
10003cec:	2200      	movs	r2, #0
10003cee:	0523      	lsls	r3, r4, #20
10003cf0:	f7fe fc9d 	bl	1000262e <__wrap___aeabi_dmul>
10003cf4:	0006      	movs	r6, r0
10003cf6:	000f      	movs	r7, r1
10003cf8:	0002      	movs	r2, r0
10003cfa:	000b      	movs	r3, r1
10003cfc:	9808      	ldr	r0, [sp, #32]
10003cfe:	9909      	ldr	r1, [sp, #36]	@ 0x24
10003d00:	f7fe fcd8 	bl	100026b4 <__wrap___aeabi_dcmplt>
10003d04:	2800      	cmp	r0, #0
10003d06:	d00a      	beq.n	10003d1e <_etoa+0x3a2>
10003d08:	9b0a      	ldr	r3, [sp, #40]	@ 0x28
10003d0a:	0030      	movs	r0, r6
10003d0c:	3b01      	subs	r3, #1
10003d0e:	0039      	movs	r1, r7
10003d10:	930a      	str	r3, [sp, #40]	@ 0x28
10003d12:	2200      	movs	r2, #0
10003d14:	4b71      	ldr	r3, [pc, #452]	@ (10003edc <_etoa+0x560>)
10003d16:	f7fe fc6c 	bl	100025f2 <__wrap___aeabi_ddiv>
10003d1a:	0006      	movs	r6, r0
10003d1c:	000f      	movs	r7, r1
10003d1e:	9a0a      	ldr	r2, [sp, #40]	@ 0x28
10003d20:	0033      	movs	r3, r6
10003d22:	3263      	adds	r2, #99	@ 0x63
10003d24:	0039      	movs	r1, r7
10003d26:	2ac6      	cmp	r2, #198	@ 0xc6
10003d28:	d812      	bhi.n	10003d50 <_etoa+0x3d4>
10003d2a:	2202      	movs	r2, #2
10003d2c:	9826      	ldr	r0, [sp, #152]	@ 0x98
10003d2e:	2504      	movs	r5, #4
10003d30:	4010      	ands	r0, r2
10003d32:	9a0b      	ldr	r2, [sp, #44]	@ 0x2c
10003d34:	900c      	str	r0, [sp, #48]	@ 0x30
10003d36:	2a00      	cmp	r2, #0
10003d38:	d125      	bne.n	10003d86 <_etoa+0x40a>
10003d3a:	9b25      	ldr	r3, [sp, #148]	@ 0x94
10003d3c:	2b04      	cmp	r3, #4
10003d3e:	d905      	bls.n	10003d4c <_etoa+0x3d0>
10003d40:	2800      	cmp	r0, #0
10003d42:	d000      	beq.n	10003d46 <_etoa+0x3ca>
10003d44:	e0a1      	b.n	10003e8a <_etoa+0x50e>
10003d46:	9b25      	ldr	r3, [sp, #148]	@ 0x94
10003d48:	3b04      	subs	r3, #4
10003d4a:	930b      	str	r3, [sp, #44]	@ 0x2c
10003d4c:	2504      	movs	r5, #4
10003d4e:	e041      	b.n	10003dd4 <_etoa+0x458>
10003d50:	2202      	movs	r2, #2
10003d52:	9826      	ldr	r0, [sp, #152]	@ 0x98
10003d54:	4010      	ands	r0, r2
10003d56:	9a0b      	ldr	r2, [sp, #44]	@ 0x2c
10003d58:	900c      	str	r0, [sp, #48]	@ 0x30
10003d5a:	2a00      	cmp	r2, #0
10003d5c:	d112      	bne.n	10003d84 <_etoa+0x408>
10003d5e:	9b25      	ldr	r3, [sp, #148]	@ 0x94
10003d60:	2b05      	cmp	r3, #5
10003d62:	d976      	bls.n	10003e52 <_etoa+0x4d6>
10003d64:	2800      	cmp	r0, #0
10003d66:	d172      	bne.n	10003e4e <_etoa+0x4d2>
10003d68:	9b25      	ldr	r3, [sp, #148]	@ 0x94
10003d6a:	2505      	movs	r5, #5
10003d6c:	3b05      	subs	r3, #5
10003d6e:	930b      	str	r3, [sp, #44]	@ 0x2c
10003d70:	e034      	b.n	10003ddc <_etoa+0x460>
10003d72:	2280      	movs	r2, #128	@ 0x80
10003d74:	0612      	lsls	r2, r2, #24
10003d76:	4694      	mov	ip, r2
10003d78:	9b22      	ldr	r3, [sp, #136]	@ 0x88
10003d7a:	9308      	str	r3, [sp, #32]
10003d7c:	9b23      	ldr	r3, [sp, #140]	@ 0x8c
10003d7e:	4463      	add	r3, ip
10003d80:	9309      	str	r3, [sp, #36]	@ 0x24
10003d82:	e630      	b.n	100039e6 <_etoa+0x6a>
10003d84:	2505      	movs	r5, #5
10003d86:	430b      	orrs	r3, r1
10003d88:	d100      	bne.n	10003d8c <_etoa+0x410>
10003d8a:	e6f6      	b.n	10003b7a <_etoa+0x1fe>
10003d8c:	9808      	ldr	r0, [sp, #32]
10003d8e:	9909      	ldr	r1, [sp, #36]	@ 0x24
10003d90:	4a55      	ldr	r2, [pc, #340]	@ (10003ee8 <_etoa+0x56c>)
10003d92:	4b56      	ldr	r3, [pc, #344]	@ (10003eec <_etoa+0x570>)
10003d94:	f7fe fc9c 	bl	100026d0 <__wrap___aeabi_dcmpge>
10003d98:	2800      	cmp	r0, #0
10003d9a:	d008      	beq.n	10003dae <_etoa+0x432>
10003d9c:	9808      	ldr	r0, [sp, #32]
10003d9e:	9909      	ldr	r1, [sp, #36]	@ 0x24
10003da0:	2200      	movs	r2, #0
10003da2:	4b53      	ldr	r3, [pc, #332]	@ (10003ef0 <_etoa+0x574>)
10003da4:	f7fe fc86 	bl	100026b4 <__wrap___aeabi_dcmplt>
10003da8:	2800      	cmp	r0, #0
10003daa:	d000      	beq.n	10003dae <_etoa+0x432>
10003dac:	e6e5      	b.n	10003b7a <_etoa+0x1fe>
10003dae:	9b24      	ldr	r3, [sp, #144]	@ 0x90
10003db0:	2b00      	cmp	r3, #0
10003db2:	d01c      	beq.n	10003dee <_etoa+0x472>
10003db4:	9b0d      	ldr	r3, [sp, #52]	@ 0x34
10003db6:	2b00      	cmp	r3, #0
10003db8:	d019      	beq.n	10003dee <_etoa+0x472>
10003dba:	9b24      	ldr	r3, [sp, #144]	@ 0x90
10003dbc:	3b01      	subs	r3, #1
10003dbe:	9324      	str	r3, [sp, #144]	@ 0x90
10003dc0:	9b25      	ldr	r3, [sp, #148]	@ 0x94
10003dc2:	42ab      	cmp	r3, r5
10003dc4:	d904      	bls.n	10003dd0 <_etoa+0x454>
10003dc6:	9b0c      	ldr	r3, [sp, #48]	@ 0x30
10003dc8:	2b00      	cmp	r3, #0
10003dca:	d05a      	beq.n	10003e82 <_etoa+0x506>
10003dcc:	2302      	movs	r3, #2
10003dce:	930c      	str	r3, [sp, #48]	@ 0x30
10003dd0:	2300      	movs	r3, #0
10003dd2:	930b      	str	r3, [sp, #44]	@ 0x2c
10003dd4:	9b0a      	ldr	r3, [sp, #40]	@ 0x28
10003dd6:	2b00      	cmp	r3, #0
10003dd8:	d100      	bne.n	10003ddc <_etoa+0x460>
10003dda:	e631      	b.n	10003a40 <_etoa+0xc4>
10003ddc:	9808      	ldr	r0, [sp, #32]
10003dde:	9909      	ldr	r1, [sp, #36]	@ 0x24
10003de0:	0032      	movs	r2, r6
10003de2:	003b      	movs	r3, r7
10003de4:	f7fe fc05 	bl	100025f2 <__wrap___aeabi_ddiv>
10003de8:	9008      	str	r0, [sp, #32]
10003dea:	9109      	str	r1, [sp, #36]	@ 0x24
10003dec:	e628      	b.n	10003a40 <_etoa+0xc4>
10003dee:	9b25      	ldr	r3, [sp, #148]	@ 0x94
10003df0:	42ab      	cmp	r3, r5
10003df2:	d9ed      	bls.n	10003dd0 <_etoa+0x454>
10003df4:	9b0c      	ldr	r3, [sp, #48]	@ 0x30
10003df6:	2b00      	cmp	r3, #0
10003df8:	d043      	beq.n	10003e82 <_etoa+0x506>
10003dfa:	2300      	movs	r3, #0
10003dfc:	930b      	str	r3, [sp, #44]	@ 0x2c
10003dfe:	3302      	adds	r3, #2
10003e00:	930c      	str	r3, [sp, #48]	@ 0x30
10003e02:	e7e7      	b.n	10003dd4 <_etoa+0x458>
10003e04:	2080      	movs	r0, #128	@ 0x80
10003e06:	9b26      	ldr	r3, [sp, #152]	@ 0x98
10003e08:	4a3a      	ldr	r2, [pc, #232]	@ (10003ef4 <_etoa+0x578>)
10003e0a:	0600      	lsls	r0, r0, #24
10003e0c:	401a      	ands	r2, r3
10003e0e:	2380      	movs	r3, #128	@ 0x80
10003e10:	4684      	mov	ip, r0
10003e12:	9402      	str	r4, [sp, #8]
10003e14:	9c08      	ldr	r4, [sp, #32]
10003e16:	9d09      	ldr	r5, [sp, #36]	@ 0x24
10003e18:	0029      	movs	r1, r5
10003e1a:	00db      	lsls	r3, r3, #3
10003e1c:	4313      	orrs	r3, r2
10003e1e:	9304      	str	r3, [sp, #16]
10003e20:	9b25      	ldr	r3, [sp, #148]	@ 0x94
10003e22:	4461      	add	r1, ip
10003e24:	0022      	movs	r2, r4
10003e26:	9303      	str	r3, [sp, #12]
10003e28:	000b      	movs	r3, r1
10003e2a:	9200      	str	r2, [sp, #0]
10003e2c:	9301      	str	r3, [sp, #4]
10003e2e:	e68e      	b.n	10003b4e <_etoa+0x1d2>
10003e30:	2405      	movs	r4, #5
10003e32:	e6a8      	b.n	10003b86 <_etoa+0x20a>
10003e34:	2300      	movs	r3, #0
10003e36:	930b      	str	r3, [sp, #44]	@ 0x2c
10003e38:	930a      	str	r3, [sp, #40]	@ 0x28
10003e3a:	3302      	adds	r3, #2
10003e3c:	2504      	movs	r5, #4
10003e3e:	930c      	str	r3, [sp, #48]	@ 0x30
10003e40:	e5fe      	b.n	10003a40 <_etoa+0xc4>
10003e42:	4653      	mov	r3, sl
10003e44:	468c      	mov	ip, r1
10003e46:	3b01      	subs	r3, #1
10003e48:	4463      	add	r3, ip
10003e4a:	1a1b      	subs	r3, r3, r0
10003e4c:	e672      	b.n	10003b34 <_etoa+0x1b8>
10003e4e:	2302      	movs	r3, #2
10003e50:	930c      	str	r3, [sp, #48]	@ 0x30
10003e52:	2505      	movs	r5, #5
10003e54:	e7c2      	b.n	10003ddc <_etoa+0x460>
10003e56:	2304      	movs	r3, #4
10003e58:	e5ed      	b.n	10003a36 <_etoa+0xba>
10003e5a:	2080      	movs	r0, #128	@ 0x80
10003e5c:	9e08      	ldr	r6, [sp, #32]
10003e5e:	9f09      	ldr	r7, [sp, #36]	@ 0x24
10003e60:	0600      	lsls	r0, r0, #24
10003e62:	0039      	movs	r1, r7
10003e64:	4684      	mov	ip, r0
10003e66:	9a26      	ldr	r2, [sp, #152]	@ 0x98
10003e68:	4b22      	ldr	r3, [pc, #136]	@ (10003ef4 <_etoa+0x578>)
10003e6a:	4461      	add	r1, ip
10003e6c:	4013      	ands	r3, r2
10003e6e:	9304      	str	r3, [sp, #16]
10003e70:	9b0b      	ldr	r3, [sp, #44]	@ 0x2c
10003e72:	0032      	movs	r2, r6
10003e74:	9303      	str	r3, [sp, #12]
10003e76:	9b24      	ldr	r3, [sp, #144]	@ 0x90
10003e78:	9302      	str	r3, [sp, #8]
10003e7a:	000b      	movs	r3, r1
10003e7c:	9200      	str	r2, [sp, #0]
10003e7e:	9301      	str	r3, [sp, #4]
10003e80:	e5f3      	b.n	10003a6a <_etoa+0xee>
10003e82:	9b25      	ldr	r3, [sp, #148]	@ 0x94
10003e84:	1b5b      	subs	r3, r3, r5
10003e86:	930b      	str	r3, [sp, #44]	@ 0x2c
10003e88:	e7a4      	b.n	10003dd4 <_etoa+0x458>
10003e8a:	2302      	movs	r3, #2
10003e8c:	2504      	movs	r5, #4
10003e8e:	930c      	str	r3, [sp, #48]	@ 0x30
10003e90:	e7a0      	b.n	10003dd4 <_etoa+0x458>
10003e92:	1a9c      	subs	r4, r3, r2
10003e94:	3c01      	subs	r4, #1
10003e96:	e676      	b.n	10003b86 <_etoa+0x20a>
10003e98:	fffffc01 	.word	0xfffffc01
10003e9c:	509f79fb 	.word	0x509f79fb
10003ea0:	3fd34413 	.word	0x3fd34413
10003ea4:	8b60c8b3 	.word	0x8b60c8b3
10003ea8:	3fc68a28 	.word	0x3fc68a28
10003eac:	3ff00000 	.word	0x3ff00000
10003eb0:	3ff80000 	.word	0x3ff80000
10003eb4:	636f4361 	.word	0x636f4361
10003eb8:	3fd287a7 	.word	0x3fd287a7
10003ebc:	0979a371 	.word	0x0979a371
10003ec0:	400a934f 	.word	0x400a934f
10003ec4:	3fe00000 	.word	0x3fe00000
10003ec8:	bbb55516 	.word	0xbbb55516
10003ecc:	40026bb1 	.word	0x40026bb1
10003ed0:	fefa39ef 	.word	0xfefa39ef
10003ed4:	3fe62e42 	.word	0x3fe62e42
10003ed8:	402c0000 	.word	0x402c0000
10003edc:	40240000 	.word	0x40240000
10003ee0:	40180000 	.word	0x40180000
10003ee4:	000003ff 	.word	0x000003ff
10003ee8:	eb1c432d 	.word	0xeb1c432d
10003eec:	3f1a36e2 	.word	0x3f1a36e2
10003ef0:	412e8480 	.word	0x412e8480
10003ef4:	fffff7ff 	.word	0xfffff7ff

10003ef8 <_vsnprintf>:
10003ef8:	b5f0      	push	{r4, r5, r6, r7, lr}
10003efa:	46de      	mov	lr, fp
10003efc:	4657      	mov	r7, sl
10003efe:	464e      	mov	r6, r9
10003f00:	4645      	mov	r5, r8
10003f02:	b5e0      	push	{r5, r6, r7, lr}
10003f04:	b0a5      	sub	sp, #148	@ 0x94
10003f06:	001e      	movs	r6, r3
10003f08:	9b2e      	ldr	r3, [sp, #184]	@ 0xb8
10003f0a:	4692      	mov	sl, r2
10003f0c:	930c      	str	r3, [sp, #48]	@ 0x30
10003f0e:	4acd      	ldr	r2, [pc, #820]	@ (10004244 <_vsnprintf+0x34c>)
10003f10:	4bcd      	ldr	r3, [pc, #820]	@ (10004248 <_vsnprintf+0x350>)
10003f12:	4680      	mov	r8, r0
10003f14:	468b      	mov	fp, r1
10003f16:	601a      	str	r2, [r3, #0]
10003f18:	2900      	cmp	r1, #0
10003f1a:	d100      	bne.n	10003f1e <_vsnprintf+0x26>
10003f1c:	e1ea      	b.n	100042f4 <_vsnprintf+0x3fc>
10003f1e:	2300      	movs	r3, #0
10003f20:	7830      	ldrb	r0, [r6, #0]
10003f22:	4699      	mov	r9, r3
10003f24:	2800      	cmp	r0, #0
10003f26:	d100      	bne.n	10003f2a <_vsnprintf+0x32>
10003f28:	e1ec      	b.n	10004304 <_vsnprintf+0x40c>
10003f2a:	4bc8      	ldr	r3, [pc, #800]	@ (1000424c <_vsnprintf+0x354>)
10003f2c:	464c      	mov	r4, r9
10003f2e:	930b      	str	r3, [sp, #44]	@ 0x2c
10003f30:	4bc7      	ldr	r3, [pc, #796]	@ (10004250 <_vsnprintf+0x358>)
10003f32:	4645      	mov	r5, r8
10003f34:	4657      	mov	r7, sl
10003f36:	930e      	str	r3, [sp, #56]	@ 0x38
10003f38:	e00a      	b.n	10003f50 <_vsnprintf+0x58>
10003f3a:	1c63      	adds	r3, r4, #1
10003f3c:	4698      	mov	r8, r3
10003f3e:	0022      	movs	r2, r4
10003f40:	003b      	movs	r3, r7
10003f42:	4659      	mov	r1, fp
10003f44:	47a8      	blx	r5
10003f46:	4644      	mov	r4, r8
10003f48:	7830      	ldrb	r0, [r6, #0]
10003f4a:	2800      	cmp	r0, #0
10003f4c:	d100      	bne.n	10003f50 <_vsnprintf+0x58>
10003f4e:	e087      	b.n	10004060 <_vsnprintf+0x168>
10003f50:	3601      	adds	r6, #1
10003f52:	2825      	cmp	r0, #37	@ 0x25
10003f54:	d1f1      	bne.n	10003f3a <_vsnprintf+0x42>
10003f56:	2308      	movs	r3, #8
10003f58:	469a      	mov	sl, r3
10003f5a:	3b04      	subs	r3, #4
10003f5c:	4699      	mov	r9, r3
10003f5e:	3b02      	subs	r3, #2
10003f60:	4698      	mov	r8, r3
10003f62:	3b01      	subs	r3, #1
10003f64:	2200      	movs	r2, #0
10003f66:	469c      	mov	ip, r3
10003f68:	940d      	str	r4, [sp, #52]	@ 0x34
10003f6a:	7830      	ldrb	r0, [r6, #0]
10003f6c:	1c71      	adds	r1, r6, #1
10003f6e:	0003      	movs	r3, r0
10003f70:	3b20      	subs	r3, #32
10003f72:	b2db      	uxtb	r3, r3
10003f74:	2b10      	cmp	r3, #16
10003f76:	d803      	bhi.n	10003f80 <_vsnprintf+0x88>
10003f78:	9c0b      	ldr	r4, [sp, #44]	@ 0x2c
10003f7a:	009b      	lsls	r3, r3, #2
10003f7c:	58e3      	ldr	r3, [r4, r3]
10003f7e:	469f      	mov	pc, r3
10003f80:	0003      	movs	r3, r0
10003f82:	3b30      	subs	r3, #48	@ 0x30
10003f84:	4689      	mov	r9, r1
10003f86:	9c0d      	ldr	r4, [sp, #52]	@ 0x34
10003f88:	2b09      	cmp	r3, #9
10003f8a:	d93a      	bls.n	10004002 <_vsnprintf+0x10a>
10003f8c:	2300      	movs	r3, #0
10003f8e:	4698      	mov	r8, r3
10003f90:	282a      	cmp	r0, #42	@ 0x2a
10003f92:	d100      	bne.n	10003f96 <_vsnprintf+0x9e>
10003f94:	e0c1      	b.n	1000411a <_vsnprintf+0x222>
10003f96:	2300      	movs	r3, #0
10003f98:	469a      	mov	sl, r3
10003f9a:	282e      	cmp	r0, #46	@ 0x2e
10003f9c:	d04b      	beq.n	10004036 <_vsnprintf+0x13e>
10003f9e:	0003      	movs	r3, r0
10003fa0:	3b68      	subs	r3, #104	@ 0x68
10003fa2:	b2db      	uxtb	r3, r3
10003fa4:	2b12      	cmp	r3, #18
10003fa6:	d81e      	bhi.n	10003fe6 <_vsnprintf+0xee>
10003fa8:	990e      	ldr	r1, [sp, #56]	@ 0x38
10003faa:	009b      	lsls	r3, r3, #2
10003fac:	58cb      	ldr	r3, [r1, r3]
10003fae:	469f      	mov	pc, r3
10003fb0:	4663      	mov	r3, ip
10003fb2:	000e      	movs	r6, r1
10003fb4:	431a      	orrs	r2, r3
10003fb6:	e7d8      	b.n	10003f6a <_vsnprintf+0x72>
10003fb8:	4643      	mov	r3, r8
10003fba:	000e      	movs	r6, r1
10003fbc:	431a      	orrs	r2, r3
10003fbe:	e7d4      	b.n	10003f6a <_vsnprintf+0x72>
10003fc0:	464b      	mov	r3, r9
10003fc2:	000e      	movs	r6, r1
10003fc4:	431a      	orrs	r2, r3
10003fc6:	e7d0      	b.n	10003f6a <_vsnprintf+0x72>
10003fc8:	2310      	movs	r3, #16
10003fca:	000e      	movs	r6, r1
10003fcc:	431a      	orrs	r2, r3
10003fce:	e7cc      	b.n	10003f6a <_vsnprintf+0x72>
10003fd0:	4653      	mov	r3, sl
10003fd2:	000e      	movs	r6, r1
10003fd4:	431a      	orrs	r2, r3
10003fd6:	e7c8      	b.n	10003f6a <_vsnprintf+0x72>
10003fd8:	2380      	movs	r3, #128	@ 0x80
10003fda:	005b      	lsls	r3, r3, #1
10003fdc:	431a      	orrs	r2, r3
10003fde:	3bff      	subs	r3, #255	@ 0xff
10003fe0:	469c      	mov	ip, r3
10003fe2:	7870      	ldrb	r0, [r6, #1]
10003fe4:	44e1      	add	r9, ip
10003fe6:	464e      	mov	r6, r9
10003fe8:	2867      	cmp	r0, #103	@ 0x67
10003fea:	d84f      	bhi.n	1000408c <_vsnprintf+0x194>
10003fec:	2824      	cmp	r0, #36	@ 0x24
10003fee:	d9a4      	bls.n	10003f3a <_vsnprintf+0x42>
10003ff0:	0003      	movs	r3, r0
10003ff2:	3b25      	subs	r3, #37	@ 0x25
10003ff4:	b2db      	uxtb	r3, r3
10003ff6:	2b42      	cmp	r3, #66	@ 0x42
10003ff8:	d89f      	bhi.n	10003f3a <_vsnprintf+0x42>
10003ffa:	4996      	ldr	r1, [pc, #600]	@ (10004254 <_vsnprintf+0x35c>)
10003ffc:	009b      	lsls	r3, r3, #2
10003ffe:	58cb      	ldr	r3, [r1, r3]
10004000:	469f      	mov	pc, r3
10004002:	2300      	movs	r3, #0
10004004:	4694      	mov	ip, r2
10004006:	001e      	movs	r6, r3
10004008:	e000      	b.n	1000400c <_vsnprintf+0x114>
1000400a:	3101      	adds	r1, #1
1000400c:	00b3      	lsls	r3, r6, #2
1000400e:	199b      	adds	r3, r3, r6
10004010:	005b      	lsls	r3, r3, #1
10004012:	181e      	adds	r6, r3, r0
10004014:	7808      	ldrb	r0, [r1, #0]
10004016:	3e30      	subs	r6, #48	@ 0x30
10004018:	0003      	movs	r3, r0
1000401a:	3b30      	subs	r3, #48	@ 0x30
1000401c:	2b09      	cmp	r3, #9
1000401e:	d9f4      	bls.n	1000400a <_vsnprintf+0x112>
10004020:	2301      	movs	r3, #1
10004022:	4662      	mov	r2, ip
10004024:	4689      	mov	r9, r1
10004026:	469c      	mov	ip, r3
10004028:	2300      	movs	r3, #0
1000402a:	46b0      	mov	r8, r6
1000402c:	469a      	mov	sl, r3
1000402e:	000e      	movs	r6, r1
10004030:	44e1      	add	r9, ip
10004032:	282e      	cmp	r0, #46	@ 0x2e
10004034:	d1b3      	bne.n	10003f9e <_vsnprintf+0xa6>
10004036:	2130      	movs	r1, #48	@ 0x30
10004038:	2080      	movs	r0, #128	@ 0x80
1000403a:	4249      	negs	r1, r1
1000403c:	468c      	mov	ip, r1
1000403e:	00c0      	lsls	r0, r0, #3
10004040:	4302      	orrs	r2, r0
10004042:	7870      	ldrb	r0, [r6, #1]
10004044:	464b      	mov	r3, r9
10004046:	4484      	add	ip, r0
10004048:	4661      	mov	r1, ip
1000404a:	2909      	cmp	r1, #9
1000404c:	d800      	bhi.n	10004050 <_vsnprintf+0x158>
1000404e:	e16c      	b.n	1000432a <_vsnprintf+0x432>
10004050:	282a      	cmp	r0, #42	@ 0x2a
10004052:	d100      	bne.n	10004056 <_vsnprintf+0x15e>
10004054:	e17a      	b.n	1000434c <_vsnprintf+0x454>
10004056:	2301      	movs	r3, #1
10004058:	469c      	mov	ip, r3
1000405a:	464e      	mov	r6, r9
1000405c:	44e1      	add	r9, ip
1000405e:	e79e      	b.n	10003f9e <_vsnprintf+0xa6>
10004060:	46a1      	mov	r9, r4
10004062:	46a8      	mov	r8, r5
10004064:	46ba      	mov	sl, r7
10004066:	45ca      	cmp	sl, r9
10004068:	d803      	bhi.n	10004072 <_vsnprintf+0x17a>
1000406a:	2301      	movs	r3, #1
1000406c:	425b      	negs	r3, r3
1000406e:	4453      	add	r3, sl
10004070:	4699      	mov	r9, r3
10004072:	4653      	mov	r3, sl
10004074:	464a      	mov	r2, r9
10004076:	4659      	mov	r1, fp
10004078:	2000      	movs	r0, #0
1000407a:	47c0      	blx	r8
1000407c:	0020      	movs	r0, r4
1000407e:	b025      	add	sp, #148	@ 0x94
10004080:	bcf0      	pop	{r4, r5, r6, r7}
10004082:	46bb      	mov	fp, r7
10004084:	46b2      	mov	sl, r6
10004086:	46a9      	mov	r9, r5
10004088:	46a0      	mov	r8, r4
1000408a:	bdf0      	pop	{r4, r5, r6, r7, pc}
1000408c:	0003      	movs	r3, r0
1000408e:	3b69      	subs	r3, #105	@ 0x69
10004090:	b2db      	uxtb	r3, r3
10004092:	930d      	str	r3, [sp, #52]	@ 0x34
10004094:	2b0f      	cmp	r3, #15
10004096:	d900      	bls.n	1000409a <_vsnprintf+0x1a2>
10004098:	e74f      	b.n	10003f3a <_vsnprintf+0x42>
1000409a:	2101      	movs	r1, #1
1000409c:	4099      	lsls	r1, r3
1000409e:	468c      	mov	ip, r1
100040a0:	496d      	ldr	r1, [pc, #436]	@ (10004258 <_vsnprintf+0x360>)
100040a2:	4689      	mov	r9, r1
100040a4:	4661      	mov	r1, ip
100040a6:	464b      	mov	r3, r9
100040a8:	4019      	ands	r1, r3
100040aa:	910f      	str	r1, [sp, #60]	@ 0x3c
100040ac:	4663      	mov	r3, ip
100040ae:	4649      	mov	r1, r9
100040b0:	420b      	tst	r3, r1
100040b2:	d000      	beq.n	100040b6 <_vsnprintf+0x1be>
100040b4:	e128      	b.n	10004308 <_vsnprintf+0x410>
100040b6:	9b0d      	ldr	r3, [sp, #52]	@ 0x34
100040b8:	2b0a      	cmp	r3, #10
100040ba:	d03a      	beq.n	10004132 <_vsnprintf+0x23a>
100040bc:	2b07      	cmp	r3, #7
100040be:	d000      	beq.n	100040c2 <_vsnprintf+0x1ca>
100040c0:	e73b      	b.n	10003f3a <_vsnprintf+0x42>
100040c2:	9b0c      	ldr	r3, [sp, #48]	@ 0x30
100040c4:	0019      	movs	r1, r3
100040c6:	c908      	ldmia	r1!, {r3}
100040c8:	4688      	mov	r8, r1
100040ca:	2b00      	cmp	r3, #0
100040cc:	d100      	bne.n	100040d0 <_vsnprintf+0x1d8>
100040ce:	e14b      	b.n	10004368 <_vsnprintf+0x470>
100040d0:	2021      	movs	r0, #33	@ 0x21
100040d2:	4302      	orrs	r2, r0
100040d4:	4691      	mov	r9, r2
100040d6:	a914      	add	r1, sp, #80	@ 0x50
100040d8:	468c      	mov	ip, r1
100040da:	221f      	movs	r2, #31
100040dc:	210f      	movs	r1, #15
100040de:	4462      	add	r2, ip
100040e0:	468c      	mov	ip, r1
100040e2:	4651      	mov	r1, sl
100040e4:	950d      	str	r5, [sp, #52]	@ 0x34
100040e6:	910c      	str	r1, [sp, #48]	@ 0x30
100040e8:	46a2      	mov	sl, r4
100040ea:	0015      	movs	r5, r2
100040ec:	990f      	ldr	r1, [sp, #60]	@ 0x3c
100040ee:	e002      	b.n	100040f6 <_vsnprintf+0x1fe>
100040f0:	2920      	cmp	r1, #32
100040f2:	d00c      	beq.n	1000410e <_vsnprintf+0x216>
100040f4:	0013      	movs	r3, r2
100040f6:	4664      	mov	r4, ip
100040f8:	401c      	ands	r4, r3
100040fa:	0020      	movs	r0, r4
100040fc:	3037      	adds	r0, #55	@ 0x37
100040fe:	2c09      	cmp	r4, #9
10004100:	d800      	bhi.n	10004104 <_vsnprintf+0x20c>
10004102:	3807      	subs	r0, #7
10004104:	3101      	adds	r1, #1
10004106:	5468      	strb	r0, [r5, r1]
10004108:	091a      	lsrs	r2, r3, #4
1000410a:	2b0f      	cmp	r3, #15
1000410c:	d8f0      	bhi.n	100040f0 <_vsnprintf+0x1f8>
1000410e:	9b0c      	ldr	r3, [sp, #48]	@ 0x30
10004110:	4654      	mov	r4, sl
10004112:	9d0d      	ldr	r5, [sp, #52]	@ 0x34
10004114:	469a      	mov	sl, r3
10004116:	910f      	str	r1, [sp, #60]	@ 0x3c
10004118:	e133      	b.n	10004382 <_vsnprintf+0x48a>
1000411a:	9b0c      	ldr	r3, [sp, #48]	@ 0x30
1000411c:	cb02      	ldmia	r3!, {r1}
1000411e:	4688      	mov	r8, r1
10004120:	2900      	cmp	r1, #0
10004122:	db47      	blt.n	100041b4 <_vsnprintf+0x2bc>
10004124:	930c      	str	r3, [sp, #48]	@ 0x30
10004126:	2301      	movs	r3, #1
10004128:	469c      	mov	ip, r3
1000412a:	7870      	ldrb	r0, [r6, #1]
1000412c:	464e      	mov	r6, r9
1000412e:	44e1      	add	r9, ip
10004130:	e731      	b.n	10003f96 <_vsnprintf+0x9e>
10004132:	9b0c      	ldr	r3, [sp, #48]	@ 0x30
10004134:	cb02      	ldmia	r3!, {r1}
10004136:	9314      	str	r3, [sp, #80]	@ 0x50
10004138:	4653      	mov	r3, sl
1000413a:	2b00      	cmp	r3, #0
1000413c:	d100      	bne.n	10004140 <_vsnprintf+0x248>
1000413e:	e138      	b.n	100043b2 <_vsnprintf+0x4ba>
10004140:	469c      	mov	ip, r3
10004142:	7808      	ldrb	r0, [r1, #0]
10004144:	000b      	movs	r3, r1
10004146:	900c      	str	r0, [sp, #48]	@ 0x30
10004148:	448c      	add	ip, r1
1000414a:	2800      	cmp	r0, #0
1000414c:	d101      	bne.n	10004152 <_vsnprintf+0x25a>
1000414e:	f000 fc98 	bl	10004a82 <_vsnprintf+0xb8a>
10004152:	4689      	mov	r9, r1
10004154:	4661      	mov	r1, ip
10004156:	4694      	mov	ip, r2
10004158:	e003      	b.n	10004162 <_vsnprintf+0x26a>
1000415a:	785a      	ldrb	r2, [r3, #1]
1000415c:	3301      	adds	r3, #1
1000415e:	2a00      	cmp	r2, #0
10004160:	d001      	beq.n	10004166 <_vsnprintf+0x26e>
10004162:	428b      	cmp	r3, r1
10004164:	d1f9      	bne.n	1000415a <_vsnprintf+0x262>
10004166:	4649      	mov	r1, r9
10004168:	4662      	mov	r2, ip
1000416a:	1a5b      	subs	r3, r3, r1
1000416c:	900c      	str	r0, [sp, #48]	@ 0x30
1000416e:	930f      	str	r3, [sp, #60]	@ 0x3c
10004170:	0553      	lsls	r3, r2, #21
10004172:	d500      	bpl.n	10004176 <_vsnprintf+0x27e>
10004174:	e120      	b.n	100043b8 <_vsnprintf+0x4c0>
10004176:	2302      	movs	r3, #2
10004178:	0018      	movs	r0, r3
1000417a:	4010      	ands	r0, r2
1000417c:	900d      	str	r0, [sp, #52]	@ 0x34
1000417e:	4213      	tst	r3, r2
10004180:	d100      	bne.n	10004184 <_vsnprintf+0x28c>
10004182:	e3cb      	b.n	1000491c <_vsnprintf+0xa24>
10004184:	930d      	str	r3, [sp, #52]	@ 0x34
10004186:	1b0b      	subs	r3, r1, r4
10004188:	46b1      	mov	r9, r6
1000418a:	469a      	mov	sl, r3
1000418c:	465e      	mov	r6, fp
1000418e:	980c      	ldr	r0, [sp, #48]	@ 0x30
10004190:	0022      	movs	r2, r4
10004192:	003b      	movs	r3, r7
10004194:	0031      	movs	r1, r6
10004196:	47a8      	blx	r5
10004198:	4653      	mov	r3, sl
1000419a:	3401      	adds	r4, #1
1000419c:	5d18      	ldrb	r0, [r3, r4]
1000419e:	2800      	cmp	r0, #0
100041a0:	d1f6      	bne.n	10004190 <_vsnprintf+0x298>
100041a2:	46b3      	mov	fp, r6
100041a4:	464e      	mov	r6, r9
100041a6:	9b0d      	ldr	r3, [sp, #52]	@ 0x34
100041a8:	2b00      	cmp	r3, #0
100041aa:	d000      	beq.n	100041ae <_vsnprintf+0x2b6>
100041ac:	e1c7      	b.n	1000453e <_vsnprintf+0x646>
100041ae:	9b14      	ldr	r3, [sp, #80]	@ 0x50
100041b0:	930c      	str	r3, [sp, #48]	@ 0x30
100041b2:	e6c9      	b.n	10003f48 <_vsnprintf+0x50>
100041b4:	930c      	str	r3, [sp, #48]	@ 0x30
100041b6:	2301      	movs	r3, #1
100041b8:	469c      	mov	ip, r3
100041ba:	3828      	subs	r0, #40	@ 0x28
100041bc:	4249      	negs	r1, r1
100041be:	4302      	orrs	r2, r0
100041c0:	4688      	mov	r8, r1
100041c2:	7870      	ldrb	r0, [r6, #1]
100041c4:	464e      	mov	r6, r9
100041c6:	44e1      	add	r9, ip
100041c8:	e6e5      	b.n	10003f96 <_vsnprintf+0x9e>
100041ca:	7870      	ldrb	r0, [r6, #1]
100041cc:	286c      	cmp	r0, #108	@ 0x6c
100041ce:	d100      	bne.n	100041d2 <_vsnprintf+0x2da>
100041d0:	e17f      	b.n	100044d2 <_vsnprintf+0x5da>
100041d2:	2380      	movs	r3, #128	@ 0x80
100041d4:	005b      	lsls	r3, r3, #1
100041d6:	431a      	orrs	r2, r3
100041d8:	3bff      	subs	r3, #255	@ 0xff
100041da:	469c      	mov	ip, r3
100041dc:	44e1      	add	r9, ip
100041de:	e702      	b.n	10003fe6 <_vsnprintf+0xee>
100041e0:	2380      	movs	r3, #128	@ 0x80
100041e2:	009b      	lsls	r3, r3, #2
100041e4:	431a      	orrs	r2, r3
100041e6:	2301      	movs	r3, #1
100041e8:	469c      	mov	ip, r3
100041ea:	7870      	ldrb	r0, [r6, #1]
100041ec:	44e1      	add	r9, ip
100041ee:	e6fa      	b.n	10003fe6 <_vsnprintf+0xee>
100041f0:	7870      	ldrb	r0, [r6, #1]
100041f2:	2868      	cmp	r0, #104	@ 0x68
100041f4:	d100      	bne.n	100041f8 <_vsnprintf+0x300>
100041f6:	e173      	b.n	100044e0 <_vsnprintf+0x5e8>
100041f8:	2380      	movs	r3, #128	@ 0x80
100041fa:	431a      	orrs	r2, r3
100041fc:	3b7f      	subs	r3, #127	@ 0x7f
100041fe:	469c      	mov	ip, r3
10004200:	44e1      	add	r9, ip
10004202:	e6f0      	b.n	10003fe6 <_vsnprintf+0xee>
10004204:	2867      	cmp	r0, #103	@ 0x67
10004206:	d100      	bne.n	1000420a <_vsnprintf+0x312>
10004208:	e103      	b.n	10004412 <_vsnprintf+0x51a>
1000420a:	2847      	cmp	r0, #71	@ 0x47
1000420c:	d100      	bne.n	10004210 <_vsnprintf+0x318>
1000420e:	e15a      	b.n	100044c6 <_vsnprintf+0x5ce>
10004210:	2845      	cmp	r0, #69	@ 0x45
10004212:	d100      	bne.n	10004216 <_vsnprintf+0x31e>
10004214:	e15a      	b.n	100044cc <_vsnprintf+0x5d4>
10004216:	9204      	str	r2, [sp, #16]
10004218:	2107      	movs	r1, #7
1000421a:	4642      	mov	r2, r8
1000421c:	9b0c      	ldr	r3, [sp, #48]	@ 0x30
1000421e:	9203      	str	r2, [sp, #12]
10004220:	3307      	adds	r3, #7
10004222:	4652      	mov	r2, sl
10004224:	438b      	bics	r3, r1
10004226:	0019      	movs	r1, r3
10004228:	9202      	str	r2, [sp, #8]
1000422a:	c90c      	ldmia	r1!, {r2, r3}
1000422c:	0028      	movs	r0, r5
1000422e:	9200      	str	r2, [sp, #0]
10004230:	9301      	str	r3, [sp, #4]
10004232:	910c      	str	r1, [sp, #48]	@ 0x30
10004234:	0022      	movs	r2, r4
10004236:	003b      	movs	r3, r7
10004238:	4659      	mov	r1, fp
1000423a:	f7ff fb9f 	bl	1000397c <_etoa>
1000423e:	0004      	movs	r4, r0
10004240:	e682      	b.n	10003f48 <_vsnprintf+0x50>
10004242:	46c0      	nop			@ (mov r8, r8)
10004244:	10003ef9 	.word	0x10003ef9
10004248:	200024f4 	.word	0x200024f4
1000424c:	10008bcc 	.word	0x10008bcc
10004250:	10008c10 	.word	0x10008c10
10004254:	10008c5c 	.word	0x10008c5c
10004258:	00009041 	.word	0x00009041
1000425c:	2846      	cmp	r0, #70	@ 0x46
1000425e:	d100      	bne.n	10004262 <_vsnprintf+0x36a>
10004260:	e0db      	b.n	1000441a <_vsnprintf+0x522>
10004262:	9204      	str	r2, [sp, #16]
10004264:	2107      	movs	r1, #7
10004266:	4642      	mov	r2, r8
10004268:	9b0c      	ldr	r3, [sp, #48]	@ 0x30
1000426a:	9203      	str	r2, [sp, #12]
1000426c:	3307      	adds	r3, #7
1000426e:	4652      	mov	r2, sl
10004270:	438b      	bics	r3, r1
10004272:	0019      	movs	r1, r3
10004274:	9202      	str	r2, [sp, #8]
10004276:	c90c      	ldmia	r1!, {r2, r3}
10004278:	0028      	movs	r0, r5
1000427a:	9200      	str	r2, [sp, #0]
1000427c:	9301      	str	r3, [sp, #4]
1000427e:	910c      	str	r1, [sp, #48]	@ 0x30
10004280:	0022      	movs	r2, r4
10004282:	003b      	movs	r3, r7
10004284:	4659      	mov	r1, fp
10004286:	f7ff f925 	bl	100034d4 <_ftoa>
1000428a:	0004      	movs	r4, r0
1000428c:	e65c      	b.n	10003f48 <_vsnprintf+0x50>
1000428e:	1c63      	adds	r3, r4, #1
10004290:	4698      	mov	r8, r3
10004292:	0022      	movs	r2, r4
10004294:	003b      	movs	r3, r7
10004296:	4659      	mov	r1, fp
10004298:	2025      	movs	r0, #37	@ 0x25
1000429a:	47a8      	blx	r5
1000429c:	4644      	mov	r4, r8
1000429e:	e653      	b.n	10003f48 <_vsnprintf+0x50>
100042a0:	9b0c      	ldr	r3, [sp, #48]	@ 0x30
100042a2:	3304      	adds	r3, #4
100042a4:	930d      	str	r3, [sp, #52]	@ 0x34
100042a6:	1c63      	adds	r3, r4, #1
100042a8:	4699      	mov	r9, r3
100042aa:	0792      	lsls	r2, r2, #30
100042ac:	d400      	bmi.n	100042b0 <_vsnprintf+0x3b8>
100042ae:	e122      	b.n	100044f6 <_vsnprintf+0x5fe>
100042b0:	9b0c      	ldr	r3, [sp, #48]	@ 0x30
100042b2:	0022      	movs	r2, r4
100042b4:	7818      	ldrb	r0, [r3, #0]
100042b6:	4659      	mov	r1, fp
100042b8:	003b      	movs	r3, r7
100042ba:	47a8      	blx	r5
100042bc:	4643      	mov	r3, r8
100042be:	4444      	add	r4, r8
100042c0:	2b01      	cmp	r3, #1
100042c2:	d800      	bhi.n	100042c6 <_vsnprintf+0x3ce>
100042c4:	e285      	b.n	100047d2 <_vsnprintf+0x8da>
100042c6:	0033      	movs	r3, r6
100042c8:	46b8      	mov	r8, r7
100042ca:	002e      	movs	r6, r5
100042cc:	465f      	mov	r7, fp
100042ce:	0025      	movs	r5, r4
100042d0:	464c      	mov	r4, r9
100042d2:	4699      	mov	r9, r3
100042d4:	0022      	movs	r2, r4
100042d6:	4643      	mov	r3, r8
100042d8:	3401      	adds	r4, #1
100042da:	0039      	movs	r1, r7
100042dc:	2020      	movs	r0, #32
100042de:	47b0      	blx	r6
100042e0:	42ac      	cmp	r4, r5
100042e2:	d1f7      	bne.n	100042d4 <_vsnprintf+0x3dc>
100042e4:	002c      	movs	r4, r5
100042e6:	46bb      	mov	fp, r7
100042e8:	0035      	movs	r5, r6
100042ea:	4647      	mov	r7, r8
100042ec:	464e      	mov	r6, r9
100042ee:	9b0d      	ldr	r3, [sp, #52]	@ 0x34
100042f0:	930c      	str	r3, [sp, #48]	@ 0x30
100042f2:	e629      	b.n	10003f48 <_vsnprintf+0x50>
100042f4:	4bdb      	ldr	r3, [pc, #876]	@ (10004664 <_vsnprintf+0x76c>)
100042f6:	7830      	ldrb	r0, [r6, #0]
100042f8:	4698      	mov	r8, r3
100042fa:	2300      	movs	r3, #0
100042fc:	4699      	mov	r9, r3
100042fe:	2800      	cmp	r0, #0
10004300:	d000      	beq.n	10004304 <_vsnprintf+0x40c>
10004302:	e612      	b.n	10003f2a <_vsnprintf+0x32>
10004304:	2400      	movs	r4, #0
10004306:	e6ae      	b.n	10004066 <_vsnprintf+0x16e>
10004308:	286f      	cmp	r0, #111	@ 0x6f
1000430a:	d100      	bne.n	1000430e <_vsnprintf+0x416>
1000430c:	e088      	b.n	10004420 <_vsnprintf+0x528>
1000430e:	d800      	bhi.n	10004312 <_vsnprintf+0x41a>
10004310:	e30b      	b.n	1000492a <_vsnprintf+0xa32>
10004312:	2310      	movs	r3, #16
10004314:	2878      	cmp	r0, #120	@ 0x78
10004316:	d100      	bne.n	1000431a <_vsnprintf+0x422>
10004318:	e0cf      	b.n	100044ba <_vsnprintf+0x5c2>
1000431a:	439a      	bics	r2, r3
1000431c:	230a      	movs	r3, #10
1000431e:	469c      	mov	ip, r3
10004320:	2300      	movs	r3, #0
10004322:	930f      	str	r3, [sp, #60]	@ 0x3c
10004324:	330a      	adds	r3, #10
10004326:	930d      	str	r3, [sp, #52]	@ 0x34
10004328:	e080      	b.n	1000442c <_vsnprintf+0x534>
1000432a:	4656      	mov	r6, sl
1000432c:	00b1      	lsls	r1, r6, #2
1000432e:	1989      	adds	r1, r1, r6
10004330:	0049      	lsls	r1, r1, #1
10004332:	3301      	adds	r3, #1
10004334:	180e      	adds	r6, r1, r0
10004336:	7818      	ldrb	r0, [r3, #0]
10004338:	3e30      	subs	r6, #48	@ 0x30
1000433a:	0001      	movs	r1, r0
1000433c:	3930      	subs	r1, #48	@ 0x30
1000433e:	2909      	cmp	r1, #9
10004340:	d9f4      	bls.n	1000432c <_vsnprintf+0x434>
10004342:	46b2      	mov	sl, r6
10004344:	001e      	movs	r6, r3
10004346:	3301      	adds	r3, #1
10004348:	4699      	mov	r9, r3
1000434a:	e628      	b.n	10003f9e <_vsnprintf+0xa6>
1000434c:	9b0c      	ldr	r3, [sp, #48]	@ 0x30
1000434e:	3602      	adds	r6, #2
10004350:	cb02      	ldmia	r3!, {r1}
10004352:	468a      	mov	sl, r1
10004354:	43c9      	mvns	r1, r1
10004356:	4650      	mov	r0, sl
10004358:	17c9      	asrs	r1, r1, #31
1000435a:	4008      	ands	r0, r1
1000435c:	4682      	mov	sl, r0
1000435e:	930c      	str	r3, [sp, #48]	@ 0x30
10004360:	7830      	ldrb	r0, [r6, #0]
10004362:	1c73      	adds	r3, r6, #1
10004364:	4699      	mov	r9, r3
10004366:	e61a      	b.n	10003f9e <_vsnprintf+0xa6>
10004368:	2310      	movs	r3, #16
1000436a:	0010      	movs	r0, r2
1000436c:	4398      	bics	r0, r3
1000436e:	3311      	adds	r3, #17
10004370:	4318      	orrs	r0, r3
10004372:	4681      	mov	r9, r0
10004374:	2080      	movs	r0, #128	@ 0x80
10004376:	0013      	movs	r3, r2
10004378:	00c0      	lsls	r0, r0, #3
1000437a:	4003      	ands	r3, r0
1000437c:	4202      	tst	r2, r0
1000437e:	d100      	bne.n	10004382 <_vsnprintf+0x48a>
10004380:	e6a9      	b.n	100040d6 <_vsnprintf+0x1de>
10004382:	464b      	mov	r3, r9
10004384:	9306      	str	r3, [sp, #24]
10004386:	2308      	movs	r3, #8
10004388:	9305      	str	r3, [sp, #20]
1000438a:	4653      	mov	r3, sl
1000438c:	9304      	str	r3, [sp, #16]
1000438e:	2310      	movs	r3, #16
10004390:	9303      	str	r3, [sp, #12]
10004392:	2300      	movs	r3, #0
10004394:	9302      	str	r3, [sp, #8]
10004396:	9b0f      	ldr	r3, [sp, #60]	@ 0x3c
10004398:	0022      	movs	r2, r4
1000439a:	9301      	str	r3, [sp, #4]
1000439c:	ab1c      	add	r3, sp, #112	@ 0x70
1000439e:	9300      	str	r3, [sp, #0]
100043a0:	4659      	mov	r1, fp
100043a2:	003b      	movs	r3, r7
100043a4:	0028      	movs	r0, r5
100043a6:	f7fe ff9f 	bl	100032e8 <_ntoa_format>
100043aa:	4643      	mov	r3, r8
100043ac:	0004      	movs	r4, r0
100043ae:	930c      	str	r3, [sp, #48]	@ 0x30
100043b0:	e5ca      	b.n	10003f48 <_vsnprintf+0x50>
100043b2:	2301      	movs	r3, #1
100043b4:	425b      	negs	r3, r3
100043b6:	e6c3      	b.n	10004140 <_vsnprintf+0x248>
100043b8:	9b0f      	ldr	r3, [sp, #60]	@ 0x3c
100043ba:	4553      	cmp	r3, sl
100043bc:	d901      	bls.n	100043c2 <_vsnprintf+0x4ca>
100043be:	4653      	mov	r3, sl
100043c0:	930f      	str	r3, [sp, #60]	@ 0x3c
100043c2:	2302      	movs	r3, #2
100043c4:	0018      	movs	r0, r3
100043c6:	4010      	ands	r0, r2
100043c8:	900d      	str	r0, [sp, #52]	@ 0x34
100043ca:	4213      	tst	r3, r2
100043cc:	d100      	bne.n	100043d0 <_vsnprintf+0x4d8>
100043ce:	e1b7      	b.n	10004740 <_vsnprintf+0x848>
100043d0:	930d      	str	r3, [sp, #52]	@ 0x34
100043d2:	46d1      	mov	r9, sl
100043d4:	1b0b      	subs	r3, r1, r4
100043d6:	469a      	mov	sl, r3
100043d8:	0033      	movs	r3, r6
100043da:	44a1      	add	r9, r4
100043dc:	002e      	movs	r6, r5
100043de:	0022      	movs	r2, r4
100043e0:	464d      	mov	r5, r9
100043e2:	980c      	ldr	r0, [sp, #48]	@ 0x30
100043e4:	46b9      	mov	r9, r7
100043e6:	465f      	mov	r7, fp
100043e8:	469b      	mov	fp, r3
100043ea:	e008      	b.n	100043fe <_vsnprintf+0x506>
100043ec:	464b      	mov	r3, r9
100043ee:	0039      	movs	r1, r7
100043f0:	1c54      	adds	r4, r2, #1
100043f2:	47b0      	blx	r6
100043f4:	4653      	mov	r3, sl
100043f6:	5d18      	ldrb	r0, [r3, r4]
100043f8:	2800      	cmp	r0, #0
100043fa:	d077      	beq.n	100044ec <_vsnprintf+0x5f4>
100043fc:	0022      	movs	r2, r4
100043fe:	4295      	cmp	r5, r2
10004400:	d1f4      	bne.n	100043ec <_vsnprintf+0x4f4>
10004402:	465b      	mov	r3, fp
10004404:	46bb      	mov	fp, r7
10004406:	464f      	mov	r7, r9
10004408:	46a9      	mov	r9, r5
1000440a:	0035      	movs	r5, r6
1000440c:	464c      	mov	r4, r9
1000440e:	001e      	movs	r6, r3
10004410:	e6c9      	b.n	100041a6 <_vsnprintf+0x2ae>
10004412:	2380      	movs	r3, #128	@ 0x80
10004414:	011b      	lsls	r3, r3, #4
10004416:	431a      	orrs	r2, r3
10004418:	e6fd      	b.n	10004216 <_vsnprintf+0x31e>
1000441a:	2320      	movs	r3, #32
1000441c:	431a      	orrs	r2, r3
1000441e:	e720      	b.n	10004262 <_vsnprintf+0x36a>
10004420:	2308      	movs	r3, #8
10004422:	469c      	mov	ip, r3
10004424:	2300      	movs	r3, #0
10004426:	930f      	str	r3, [sp, #60]	@ 0x3c
10004428:	3308      	adds	r3, #8
1000442a:	930d      	str	r3, [sp, #52]	@ 0x34
1000442c:	2380      	movs	r3, #128	@ 0x80
1000442e:	0011      	movs	r1, r2
10004430:	00db      	lsls	r3, r3, #3
10004432:	4019      	ands	r1, r3
10004434:	421a      	tst	r2, r3
10004436:	d100      	bne.n	1000443a <_vsnprintf+0x542>
10004438:	e116      	b.n	10004668 <_vsnprintf+0x770>
1000443a:	230d      	movs	r3, #13
1000443c:	439a      	bics	r2, r3
1000443e:	0010      	movs	r0, r2
10004440:	2380      	movs	r3, #128	@ 0x80
10004442:	0002      	movs	r2, r0
10004444:	009b      	lsls	r3, r3, #2
10004446:	401a      	ands	r2, r3
10004448:	9214      	str	r2, [sp, #80]	@ 0x50
1000444a:	4218      	tst	r0, r3
1000444c:	d000      	beq.n	10004450 <_vsnprintf+0x558>
1000444e:	e1c2      	b.n	100047d6 <_vsnprintf+0x8de>
10004450:	2380      	movs	r3, #128	@ 0x80
10004452:	0002      	movs	r2, r0
10004454:	005b      	lsls	r3, r3, #1
10004456:	401a      	ands	r2, r3
10004458:	4691      	mov	r9, r2
1000445a:	9a0c      	ldr	r2, [sp, #48]	@ 0x30
1000445c:	3204      	adds	r2, #4
1000445e:	920f      	str	r2, [sp, #60]	@ 0x3c
10004460:	4218      	tst	r0, r3
10004462:	d000      	beq.n	10004466 <_vsnprintf+0x56e>
10004464:	e2b7      	b.n	100049d6 <_vsnprintf+0xade>
10004466:	0643      	lsls	r3, r0, #25
10004468:	d500      	bpl.n	1000446c <_vsnprintf+0x574>
1000446a:	e19f      	b.n	100047ac <_vsnprintf+0x8b4>
1000446c:	0603      	lsls	r3, r0, #24
1000446e:	d400      	bmi.n	10004472 <_vsnprintf+0x57a>
10004470:	e319      	b.n	10004aa6 <_vsnprintf+0xbae>
10004472:	9b0c      	ldr	r3, [sp, #48]	@ 0x30
10004474:	881b      	ldrh	r3, [r3, #0]
10004476:	9309      	str	r3, [sp, #36]	@ 0x24
10004478:	2b00      	cmp	r3, #0
1000447a:	d000      	beq.n	1000447e <_vsnprintf+0x586>
1000447c:	e1fc      	b.n	10004878 <_vsnprintf+0x980>
1000447e:	3310      	adds	r3, #16
10004480:	4398      	bics	r0, r3
10004482:	2900      	cmp	r1, #0
10004484:	d100      	bne.n	10004488 <_vsnprintf+0x590>
10004486:	e1f7      	b.n	10004878 <_vsnprintf+0x980>
10004488:	2300      	movs	r3, #0
1000448a:	4699      	mov	r9, r3
1000448c:	4643      	mov	r3, r8
1000448e:	9305      	str	r3, [sp, #20]
10004490:	4653      	mov	r3, sl
10004492:	9304      	str	r3, [sp, #16]
10004494:	9b0d      	ldr	r3, [sp, #52]	@ 0x34
10004496:	9006      	str	r0, [sp, #24]
10004498:	9303      	str	r3, [sp, #12]
1000449a:	2300      	movs	r3, #0
1000449c:	e0d2      	b.n	10004644 <_vsnprintf+0x74c>
1000449e:	2858      	cmp	r0, #88	@ 0x58
100044a0:	d008      	beq.n	100044b4 <_vsnprintf+0x5bc>
100044a2:	2862      	cmp	r0, #98	@ 0x62
100044a4:	d167      	bne.n	10004576 <_vsnprintf+0x67e>
100044a6:	2302      	movs	r3, #2
100044a8:	469c      	mov	ip, r3
100044aa:	2300      	movs	r3, #0
100044ac:	930f      	str	r3, [sp, #60]	@ 0x3c
100044ae:	3302      	adds	r3, #2
100044b0:	930d      	str	r3, [sp, #52]	@ 0x34
100044b2:	e7bb      	b.n	1000442c <_vsnprintf+0x534>
100044b4:	2320      	movs	r3, #32
100044b6:	431a      	orrs	r2, r3
100044b8:	3b10      	subs	r3, #16
100044ba:	469c      	mov	ip, r3
100044bc:	2300      	movs	r3, #0
100044be:	930f      	str	r3, [sp, #60]	@ 0x3c
100044c0:	3310      	adds	r3, #16
100044c2:	930d      	str	r3, [sp, #52]	@ 0x34
100044c4:	e7b2      	b.n	1000442c <_vsnprintf+0x534>
100044c6:	2380      	movs	r3, #128	@ 0x80
100044c8:	011b      	lsls	r3, r3, #4
100044ca:	431a      	orrs	r2, r3
100044cc:	2320      	movs	r3, #32
100044ce:	431a      	orrs	r2, r3
100044d0:	e6a1      	b.n	10004216 <_vsnprintf+0x31e>
100044d2:	23c0      	movs	r3, #192	@ 0xc0
100044d4:	009b      	lsls	r3, r3, #2
100044d6:	431a      	orrs	r2, r3
100044d8:	1cf3      	adds	r3, r6, #3
100044da:	4699      	mov	r9, r3
100044dc:	78b0      	ldrb	r0, [r6, #2]
100044de:	e582      	b.n	10003fe6 <_vsnprintf+0xee>
100044e0:	23c0      	movs	r3, #192	@ 0xc0
100044e2:	431a      	orrs	r2, r3
100044e4:	1cf3      	adds	r3, r6, #3
100044e6:	4699      	mov	r9, r3
100044e8:	78b0      	ldrb	r0, [r6, #2]
100044ea:	e57c      	b.n	10003fe6 <_vsnprintf+0xee>
100044ec:	0035      	movs	r5, r6
100044ee:	465e      	mov	r6, fp
100044f0:	46bb      	mov	fp, r7
100044f2:	464f      	mov	r7, r9
100044f4:	e657      	b.n	100041a6 <_vsnprintf+0x2ae>
100044f6:	4643      	mov	r3, r8
100044f8:	2b01      	cmp	r3, #1
100044fa:	d800      	bhi.n	100044fe <_vsnprintf+0x606>
100044fc:	e163      	b.n	100047c6 <_vsnprintf+0x8ce>
100044fe:	1e63      	subs	r3, r4, #1
10004500:	4443      	add	r3, r8
10004502:	469a      	mov	sl, r3
10004504:	0033      	movs	r3, r6
10004506:	46b9      	mov	r9, r7
10004508:	002e      	movs	r6, r5
1000450a:	465f      	mov	r7, fp
1000450c:	4655      	mov	r5, sl
1000450e:	469b      	mov	fp, r3
10004510:	46a2      	mov	sl, r4
10004512:	0022      	movs	r2, r4
10004514:	464b      	mov	r3, r9
10004516:	3401      	adds	r4, #1
10004518:	0039      	movs	r1, r7
1000451a:	2020      	movs	r0, #32
1000451c:	47b0      	blx	r6
1000451e:	42ac      	cmp	r4, r5
10004520:	d1f7      	bne.n	10004512 <_vsnprintf+0x61a>
10004522:	0035      	movs	r5, r6
10004524:	465e      	mov	r6, fp
10004526:	46bb      	mov	fp, r7
10004528:	464f      	mov	r7, r9
1000452a:	46a1      	mov	r9, r4
1000452c:	4654      	mov	r4, sl
1000452e:	9b0c      	ldr	r3, [sp, #48]	@ 0x30
10004530:	464a      	mov	r2, r9
10004532:	7818      	ldrb	r0, [r3, #0]
10004534:	4659      	mov	r1, fp
10004536:	003b      	movs	r3, r7
10004538:	4444      	add	r4, r8
1000453a:	47a8      	blx	r5
1000453c:	e6d7      	b.n	100042ee <_vsnprintf+0x3f6>
1000453e:	46a1      	mov	r9, r4
10004540:	9b0f      	ldr	r3, [sp, #60]	@ 0x3c
10004542:	4598      	cmp	r8, r3
10004544:	d800      	bhi.n	10004548 <_vsnprintf+0x650>
10004546:	e632      	b.n	100041ae <_vsnprintf+0x2b6>
10004548:	4444      	add	r4, r8
1000454a:	1ae4      	subs	r4, r4, r3
1000454c:	0033      	movs	r3, r6
1000454e:	46b8      	mov	r8, r7
10004550:	002e      	movs	r6, r5
10004552:	465f      	mov	r7, fp
10004554:	0025      	movs	r5, r4
10004556:	464c      	mov	r4, r9
10004558:	4699      	mov	r9, r3
1000455a:	0022      	movs	r2, r4
1000455c:	4643      	mov	r3, r8
1000455e:	3401      	adds	r4, #1
10004560:	0039      	movs	r1, r7
10004562:	2020      	movs	r0, #32
10004564:	47b0      	blx	r6
10004566:	42ac      	cmp	r4, r5
10004568:	d1f7      	bne.n	1000455a <_vsnprintf+0x662>
1000456a:	002c      	movs	r4, r5
1000456c:	46bb      	mov	fp, r7
1000456e:	0035      	movs	r5, r6
10004570:	4647      	mov	r7, r8
10004572:	464e      	mov	r6, r9
10004574:	e61b      	b.n	100041ae <_vsnprintf+0x2b6>
10004576:	2380      	movs	r3, #128	@ 0x80
10004578:	0010      	movs	r0, r2
1000457a:	00db      	lsls	r3, r3, #3
1000457c:	4018      	ands	r0, r3
1000457e:	421a      	tst	r2, r3
10004580:	d100      	bne.n	10004584 <_vsnprintf+0x68c>
10004582:	e10f      	b.n	100047a4 <_vsnprintf+0x8ac>
10004584:	2111      	movs	r1, #17
10004586:	0018      	movs	r0, r3
10004588:	438a      	bics	r2, r1
1000458a:	920d      	str	r2, [sp, #52]	@ 0x34
1000458c:	9a0d      	ldr	r2, [sp, #52]	@ 0x34
1000458e:	2380      	movs	r3, #128	@ 0x80
10004590:	0011      	movs	r1, r2
10004592:	009b      	lsls	r3, r3, #2
10004594:	4019      	ands	r1, r3
10004596:	468c      	mov	ip, r1
10004598:	421a      	tst	r2, r3
1000459a:	d169      	bne.n	10004670 <_vsnprintf+0x778>
1000459c:	2380      	movs	r3, #128	@ 0x80
1000459e:	0011      	movs	r1, r2
100045a0:	005b      	lsls	r3, r3, #1
100045a2:	4019      	ands	r1, r3
100045a4:	4689      	mov	r9, r1
100045a6:	990c      	ldr	r1, [sp, #48]	@ 0x30
100045a8:	3104      	adds	r1, #4
100045aa:	910f      	str	r1, [sp, #60]	@ 0x3c
100045ac:	421a      	tst	r2, r3
100045ae:	d000      	beq.n	100045b2 <_vsnprintf+0x6ba>
100045b0:	e1ca      	b.n	10004948 <_vsnprintf+0xa50>
100045b2:	0013      	movs	r3, r2
100045b4:	065b      	lsls	r3, r3, #25
100045b6:	d500      	bpl.n	100045ba <_vsnprintf+0x6c2>
100045b8:	e0f0      	b.n	1000479c <_vsnprintf+0x8a4>
100045ba:	0013      	movs	r3, r2
100045bc:	061b      	lsls	r3, r3, #24
100045be:	d400      	bmi.n	100045c2 <_vsnprintf+0x6ca>
100045c0:	e259      	b.n	10004a76 <_vsnprintf+0xb7e>
100045c2:	9b0c      	ldr	r3, [sp, #48]	@ 0x30
100045c4:	2200      	movs	r2, #0
100045c6:	5e9b      	ldrsh	r3, [r3, r2]
100045c8:	17d9      	asrs	r1, r3, #31
100045ca:	185a      	adds	r2, r3, r1
100045cc:	404a      	eors	r2, r1
100045ce:	b292      	uxth	r2, r2
100045d0:	0fd9      	lsrs	r1, r3, #31
100045d2:	910c      	str	r1, [sp, #48]	@ 0x30
100045d4:	2b00      	cmp	r3, #0
100045d6:	d100      	bne.n	100045da <_vsnprintf+0x6e2>
100045d8:	e1f9      	b.n	100049ce <_vsnprintf+0xad6>
100045da:	0010      	movs	r0, r2
100045dc:	aa14      	add	r2, sp, #80	@ 0x50
100045de:	4694      	mov	ip, r2
100045e0:	4642      	mov	r2, r8
100045e2:	231f      	movs	r3, #31
100045e4:	9214      	str	r2, [sp, #80]	@ 0x50
100045e6:	4652      	mov	r2, sl
100045e8:	4463      	add	r3, ip
100045ea:	46a8      	mov	r8, r5
100045ec:	9416      	str	r4, [sp, #88]	@ 0x58
100045ee:	464d      	mov	r5, r9
100045f0:	0004      	movs	r4, r0
100045f2:	46b9      	mov	r9, r7
100045f4:	46b2      	mov	sl, r6
100045f6:	001f      	movs	r7, r3
100045f8:	9215      	str	r2, [sp, #84]	@ 0x54
100045fa:	e001      	b.n	10004600 <_vsnprintf+0x708>
100045fc:	2d20      	cmp	r5, #32
100045fe:	d00f      	beq.n	10004620 <_vsnprintf+0x728>
10004600:	0020      	movs	r0, r4
10004602:	210a      	movs	r1, #10
10004604:	f7fd fda8 	bl	10002158 <__wrap___aeabi_uidiv>
10004608:	3501      	adds	r5, #1
1000460a:	197e      	adds	r6, r7, r5
1000460c:	3130      	adds	r1, #48	@ 0x30
1000460e:	7031      	strb	r1, [r6, #0]
10004610:	0020      	movs	r0, r4
10004612:	210a      	movs	r1, #10
10004614:	f7fd fda0 	bl	10002158 <__wrap___aeabi_uidiv>
10004618:	0026      	movs	r6, r4
1000461a:	0004      	movs	r4, r0
1000461c:	2e09      	cmp	r6, #9
1000461e:	d8ed      	bhi.n	100045fc <_vsnprintf+0x704>
10004620:	9b14      	ldr	r3, [sp, #80]	@ 0x50
10004622:	464f      	mov	r7, r9
10004624:	46a9      	mov	r9, r5
10004626:	4645      	mov	r5, r8
10004628:	4698      	mov	r8, r3
1000462a:	9b15      	ldr	r3, [sp, #84]	@ 0x54
1000462c:	4656      	mov	r6, sl
1000462e:	469a      	mov	sl, r3
10004630:	9c16      	ldr	r4, [sp, #88]	@ 0x58
10004632:	9b0d      	ldr	r3, [sp, #52]	@ 0x34
10004634:	9306      	str	r3, [sp, #24]
10004636:	4643      	mov	r3, r8
10004638:	9305      	str	r3, [sp, #20]
1000463a:	4653      	mov	r3, sl
1000463c:	9304      	str	r3, [sp, #16]
1000463e:	230a      	movs	r3, #10
10004640:	9303      	str	r3, [sp, #12]
10004642:	9b0c      	ldr	r3, [sp, #48]	@ 0x30
10004644:	9302      	str	r3, [sp, #8]
10004646:	464b      	mov	r3, r9
10004648:	9301      	str	r3, [sp, #4]
1000464a:	ab1c      	add	r3, sp, #112	@ 0x70
1000464c:	0022      	movs	r2, r4
1000464e:	9300      	str	r3, [sp, #0]
10004650:	4659      	mov	r1, fp
10004652:	003b      	movs	r3, r7
10004654:	0028      	movs	r0, r5
10004656:	f7fe fe47 	bl	100032e8 <_ntoa_format>
1000465a:	9b0f      	ldr	r3, [sp, #60]	@ 0x3c
1000465c:	0004      	movs	r4, r0
1000465e:	930c      	str	r3, [sp, #48]	@ 0x30
10004660:	e472      	b.n	10003f48 <_vsnprintf+0x50>
10004662:	46c0      	nop			@ (mov r8, r8)
10004664:	10003239 	.word	0x10003239
10004668:	230c      	movs	r3, #12
1000466a:	439a      	bics	r2, r3
1000466c:	0010      	movs	r0, r2
1000466e:	e6e7      	b.n	10004440 <_vsnprintf+0x548>
10004670:	2207      	movs	r2, #7
10004672:	9b0c      	ldr	r3, [sp, #48]	@ 0x30
10004674:	3307      	adds	r3, #7
10004676:	4393      	bics	r3, r2
10004678:	3201      	adds	r2, #1
1000467a:	4694      	mov	ip, r2
1000467c:	449c      	add	ip, r3
1000467e:	4662      	mov	r2, ip
10004680:	920c      	str	r2, [sp, #48]	@ 0x30
10004682:	cb0c      	ldmia	r3, {r2, r3}
10004684:	0fd9      	lsrs	r1, r3, #31
10004686:	910f      	str	r1, [sp, #60]	@ 0x3c
10004688:	0011      	movs	r1, r2
1000468a:	4319      	orrs	r1, r3
1000468c:	d100      	bne.n	10004690 <_vsnprintf+0x798>
1000468e:	e091      	b.n	100047b4 <_vsnprintf+0x8bc>
10004690:	17d9      	asrs	r1, r3, #31
10004692:	9113      	str	r1, [sp, #76]	@ 0x4c
10004694:	9112      	str	r1, [sp, #72]	@ 0x48
10004696:	4051      	eors	r1, r2
10004698:	9110      	str	r1, [sp, #64]	@ 0x40
1000469a:	9913      	ldr	r1, [sp, #76]	@ 0x4c
1000469c:	4059      	eors	r1, r3
1000469e:	9111      	str	r1, [sp, #68]	@ 0x44
100046a0:	9810      	ldr	r0, [sp, #64]	@ 0x40
100046a2:	9911      	ldr	r1, [sp, #68]	@ 0x44
100046a4:	9a12      	ldr	r2, [sp, #72]	@ 0x48
100046a6:	9b13      	ldr	r3, [sp, #76]	@ 0x4c
100046a8:	1a80      	subs	r0, r0, r2
100046aa:	4199      	sbcs	r1, r3
100046ac:	9010      	str	r0, [sp, #64]	@ 0x40
100046ae:	9111      	str	r1, [sp, #68]	@ 0x44
100046b0:	aa14      	add	r2, sp, #80	@ 0x50
100046b2:	2300      	movs	r3, #0
100046b4:	4694      	mov	ip, r2
100046b6:	4642      	mov	r2, r8
100046b8:	4699      	mov	r9, r3
100046ba:	9214      	str	r2, [sp, #80]	@ 0x50
100046bc:	4652      	mov	r2, sl
100046be:	331f      	adds	r3, #31
100046c0:	4463      	add	r3, ip
100046c2:	46a8      	mov	r8, r5
100046c4:	46b2      	mov	sl, r6
100046c6:	9416      	str	r4, [sp, #88]	@ 0x58
100046c8:	464e      	mov	r6, r9
100046ca:	9c10      	ldr	r4, [sp, #64]	@ 0x40
100046cc:	9d11      	ldr	r5, [sp, #68]	@ 0x44
100046ce:	46b9      	mov	r9, r7
100046d0:	9215      	str	r2, [sp, #84]	@ 0x54
100046d2:	001f      	movs	r7, r3
100046d4:	e001      	b.n	100046da <_vsnprintf+0x7e2>
100046d6:	2e20      	cmp	r6, #32
100046d8:	d010      	beq.n	100046fc <_vsnprintf+0x804>
100046da:	0020      	movs	r0, r4
100046dc:	0029      	movs	r1, r5
100046de:	220a      	movs	r2, #10
100046e0:	2300      	movs	r3, #0
100046e2:	f7fd fd77 	bl	100021d4 <__wrap___aeabi_uldivmod>
100046e6:	3601      	adds	r6, #1
100046e8:	3230      	adds	r2, #48	@ 0x30
100046ea:	002b      	movs	r3, r5
100046ec:	55ba      	strb	r2, [r7, r6]
100046ee:	000d      	movs	r5, r1
100046f0:	0022      	movs	r2, r4
100046f2:	0004      	movs	r4, r0
100046f4:	2b00      	cmp	r3, #0
100046f6:	d1ee      	bne.n	100046d6 <_vsnprintf+0x7de>
100046f8:	2a09      	cmp	r2, #9
100046fa:	d8ec      	bhi.n	100046d6 <_vsnprintf+0x7de>
100046fc:	9b14      	ldr	r3, [sp, #80]	@ 0x50
100046fe:	9410      	str	r4, [sp, #64]	@ 0x40
10004700:	9511      	str	r5, [sp, #68]	@ 0x44
10004702:	4645      	mov	r5, r8
10004704:	4698      	mov	r8, r3
10004706:	9b15      	ldr	r3, [sp, #84]	@ 0x54
10004708:	464f      	mov	r7, r9
1000470a:	46b1      	mov	r9, r6
1000470c:	4656      	mov	r6, sl
1000470e:	469a      	mov	sl, r3
10004710:	9c16      	ldr	r4, [sp, #88]	@ 0x58
10004712:	9b0d      	ldr	r3, [sp, #52]	@ 0x34
10004714:	9306      	str	r3, [sp, #24]
10004716:	4643      	mov	r3, r8
10004718:	9305      	str	r3, [sp, #20]
1000471a:	4653      	mov	r3, sl
1000471c:	9304      	str	r3, [sp, #16]
1000471e:	230a      	movs	r3, #10
10004720:	9303      	str	r3, [sp, #12]
10004722:	9b0f      	ldr	r3, [sp, #60]	@ 0x3c
10004724:	9302      	str	r3, [sp, #8]
10004726:	464b      	mov	r3, r9
10004728:	9301      	str	r3, [sp, #4]
1000472a:	ab1c      	add	r3, sp, #112	@ 0x70
1000472c:	0022      	movs	r2, r4
1000472e:	9300      	str	r3, [sp, #0]
10004730:	4659      	mov	r1, fp
10004732:	003b      	movs	r3, r7
10004734:	0028      	movs	r0, r5
10004736:	f7fe fdd7 	bl	100032e8 <_ntoa_format>
1000473a:	0004      	movs	r4, r0
1000473c:	f7ff fc04 	bl	10003f48 <_vsnprintf+0x50>
10004740:	9b0f      	ldr	r3, [sp, #60]	@ 0x3c
10004742:	4598      	cmp	r8, r3
10004744:	d800      	bhi.n	10004748 <_vsnprintf+0x850>
10004746:	e1c1      	b.n	10004acc <_vsnprintf+0xbd4>
10004748:	2380      	movs	r3, #128	@ 0x80
1000474a:	00db      	lsls	r3, r3, #3
1000474c:	930d      	str	r3, [sp, #52]	@ 0x34
1000474e:	4643      	mov	r3, r8
10004750:	9a0f      	ldr	r2, [sp, #60]	@ 0x3c
10004752:	191b      	adds	r3, r3, r4
10004754:	1a9b      	subs	r3, r3, r2
10004756:	4699      	mov	r9, r3
10004758:	0033      	movs	r3, r6
1000475a:	002e      	movs	r6, r5
1000475c:	464d      	mov	r5, r9
1000475e:	46b9      	mov	r9, r7
10004760:	465f      	mov	r7, fp
10004762:	469b      	mov	fp, r3
10004764:	910c      	str	r1, [sp, #48]	@ 0x30
10004766:	0022      	movs	r2, r4
10004768:	464b      	mov	r3, r9
1000476a:	3401      	adds	r4, #1
1000476c:	0039      	movs	r1, r7
1000476e:	2020      	movs	r0, #32
10004770:	47b0      	blx	r6
10004772:	42ac      	cmp	r4, r5
10004774:	d1f7      	bne.n	10004766 <_vsnprintf+0x86e>
10004776:	4643      	mov	r3, r8
10004778:	990c      	ldr	r1, [sp, #48]	@ 0x30
1000477a:	3301      	adds	r3, #1
1000477c:	930f      	str	r3, [sp, #60]	@ 0x3c
1000477e:	780b      	ldrb	r3, [r1, #0]
10004780:	0035      	movs	r5, r6
10004782:	930c      	str	r3, [sp, #48]	@ 0x30
10004784:	465e      	mov	r6, fp
10004786:	46bb      	mov	fp, r7
10004788:	464f      	mov	r7, r9
1000478a:	2b00      	cmp	r3, #0
1000478c:	d100      	bne.n	10004790 <_vsnprintf+0x898>
1000478e:	e50e      	b.n	100041ae <_vsnprintf+0x2b6>
10004790:	9b0d      	ldr	r3, [sp, #52]	@ 0x34
10004792:	2b00      	cmp	r3, #0
10004794:	d100      	bne.n	10004798 <_vsnprintf+0x8a0>
10004796:	e4f6      	b.n	10004186 <_vsnprintf+0x28e>
10004798:	2300      	movs	r3, #0
1000479a:	e619      	b.n	100043d0 <_vsnprintf+0x4d8>
1000479c:	9b0c      	ldr	r3, [sp, #48]	@ 0x30
1000479e:	781b      	ldrb	r3, [r3, #0]
100047a0:	001a      	movs	r2, r3
100047a2:	e715      	b.n	100045d0 <_vsnprintf+0x6d8>
100047a4:	2310      	movs	r3, #16
100047a6:	439a      	bics	r2, r3
100047a8:	920d      	str	r2, [sp, #52]	@ 0x34
100047aa:	e6ef      	b.n	1000458c <_vsnprintf+0x694>
100047ac:	9b0c      	ldr	r3, [sp, #48]	@ 0x30
100047ae:	781b      	ldrb	r3, [r3, #0]
100047b0:	9309      	str	r3, [sp, #36]	@ 0x24
100047b2:	e661      	b.n	10004478 <_vsnprintf+0x580>
100047b4:	2300      	movs	r3, #0
100047b6:	4699      	mov	r9, r3
100047b8:	2800      	cmp	r0, #0
100047ba:	d1aa      	bne.n	10004712 <_vsnprintf+0x81a>
100047bc:	2200      	movs	r2, #0
100047be:	2300      	movs	r3, #0
100047c0:	9210      	str	r2, [sp, #64]	@ 0x40
100047c2:	9311      	str	r3, [sp, #68]	@ 0x44
100047c4:	e774      	b.n	100046b0 <_vsnprintf+0x7b8>
100047c6:	9b0c      	ldr	r3, [sp, #48]	@ 0x30
100047c8:	0022      	movs	r2, r4
100047ca:	7818      	ldrb	r0, [r3, #0]
100047cc:	4659      	mov	r1, fp
100047ce:	003b      	movs	r3, r7
100047d0:	47a8      	blx	r5
100047d2:	464c      	mov	r4, r9
100047d4:	e58b      	b.n	100042ee <_vsnprintf+0x3f6>
100047d6:	9a0c      	ldr	r2, [sp, #48]	@ 0x30
100047d8:	3bfa      	subs	r3, #250	@ 0xfa
100047da:	3bff      	subs	r3, #255	@ 0xff
100047dc:	3207      	adds	r2, #7
100047de:	439a      	bics	r2, r3
100047e0:	3301      	adds	r3, #1
100047e2:	4699      	mov	r9, r3
100047e4:	4491      	add	r9, r2
100047e6:	464b      	mov	r3, r9
100047e8:	930c      	str	r3, [sp, #48]	@ 0x30
100047ea:	6813      	ldr	r3, [r2, #0]
100047ec:	6852      	ldr	r2, [r2, #4]
100047ee:	9215      	str	r2, [sp, #84]	@ 0x54
100047f0:	431a      	orrs	r2, r3
100047f2:	d106      	bne.n	10004802 <_vsnprintf+0x90a>
100047f4:	3210      	adds	r2, #16
100047f6:	4390      	bics	r0, r2
100047f8:	2200      	movs	r2, #0
100047fa:	9209      	str	r2, [sp, #36]	@ 0x24
100047fc:	2900      	cmp	r1, #0
100047fe:	d000      	beq.n	10004802 <_vsnprintf+0x90a>
10004800:	e081      	b.n	10004906 <_vsnprintf+0xa0e>
10004802:	2261      	movs	r2, #97	@ 0x61
10004804:	0681      	lsls	r1, r0, #26
10004806:	d500      	bpl.n	1000480a <_vsnprintf+0x912>
10004808:	2241      	movs	r2, #65	@ 0x41
1000480a:	b2d2      	uxtb	r2, r2
1000480c:	920a      	str	r2, [sp, #40]	@ 0x28
1000480e:	aa14      	add	r2, sp, #80	@ 0x50
10004810:	4691      	mov	r9, r2
10004812:	9a0a      	ldr	r2, [sp, #40]	@ 0x28
10004814:	2100      	movs	r1, #0
10004816:	3a0a      	subs	r2, #10
10004818:	9214      	str	r2, [sp, #80]	@ 0x50
1000481a:	4642      	mov	r2, r8
1000481c:	9217      	str	r2, [sp, #92]	@ 0x5c
1000481e:	4652      	mov	r2, sl
10004820:	9218      	str	r2, [sp, #96]	@ 0x60
10004822:	465a      	mov	r2, fp
10004824:	9109      	str	r1, [sp, #36]	@ 0x24
10004826:	46b3      	mov	fp, r6
10004828:	311f      	adds	r1, #31
1000482a:	001e      	movs	r6, r3
1000482c:	9b0f      	ldr	r3, [sp, #60]	@ 0x3c
1000482e:	4449      	add	r1, r9
10004830:	46ba      	mov	sl, r7
10004832:	9419      	str	r4, [sp, #100]	@ 0x64
10004834:	951a      	str	r5, [sp, #104]	@ 0x68
10004836:	2400      	movs	r4, #0
10004838:	4667      	mov	r7, ip
1000483a:	4698      	mov	r8, r3
1000483c:	4689      	mov	r9, r1
1000483e:	9d15      	ldr	r5, [sp, #84]	@ 0x54
10004840:	9016      	str	r0, [sp, #88]	@ 0x58
10004842:	921b      	str	r2, [sp, #108]	@ 0x6c
10004844:	e00a      	b.n	1000485c <_vsnprintf+0x964>
10004846:	3230      	adds	r2, #48	@ 0x30
10004848:	b2d2      	uxtb	r2, r2
1000484a:	464b      	mov	r3, r9
1000484c:	3401      	adds	r4, #1
1000484e:	551a      	strb	r2, [r3, r4]
10004850:	45a8      	cmp	r8, r5
10004852:	d04a      	beq.n	100048ea <_vsnprintf+0x9f2>
10004854:	2c20      	cmp	r4, #32
10004856:	d04a      	beq.n	100048ee <_vsnprintf+0x9f6>
10004858:	0006      	movs	r6, r0
1000485a:	000d      	movs	r5, r1
1000485c:	003a      	movs	r2, r7
1000485e:	2300      	movs	r3, #0
10004860:	0030      	movs	r0, r6
10004862:	0029      	movs	r1, r5
10004864:	f7fd fcb6 	bl	100021d4 <__wrap___aeabi_uldivmod>
10004868:	b2d2      	uxtb	r2, r2
1000486a:	2a09      	cmp	r2, #9
1000486c:	d9eb      	bls.n	10004846 <_vsnprintf+0x94e>
1000486e:	9b14      	ldr	r3, [sp, #80]	@ 0x50
10004870:	469c      	mov	ip, r3
10004872:	4462      	add	r2, ip
10004874:	b2d2      	uxtb	r2, r2
10004876:	e7e8      	b.n	1000484a <_vsnprintf+0x952>
10004878:	2361      	movs	r3, #97	@ 0x61
1000487a:	0682      	lsls	r2, r0, #26
1000487c:	d500      	bpl.n	10004880 <_vsnprintf+0x988>
1000487e:	2341      	movs	r3, #65	@ 0x41
10004880:	b2db      	uxtb	r3, r3
10004882:	3b0a      	subs	r3, #10
10004884:	930c      	str	r3, [sp, #48]	@ 0x30
10004886:	4643      	mov	r3, r8
10004888:	a914      	add	r1, sp, #80	@ 0x50
1000488a:	221f      	movs	r2, #31
1000488c:	468c      	mov	ip, r1
1000488e:	9315      	str	r3, [sp, #84]	@ 0x54
10004890:	4653      	mov	r3, sl
10004892:	4462      	add	r2, ip
10004894:	46a0      	mov	r8, r4
10004896:	46b2      	mov	sl, r6
10004898:	464c      	mov	r4, r9
1000489a:	9717      	str	r7, [sp, #92]	@ 0x5c
1000489c:	46a9      	mov	r9, r5
1000489e:	0017      	movs	r7, r2
100048a0:	9d09      	ldr	r5, [sp, #36]	@ 0x24
100048a2:	9e0d      	ldr	r6, [sp, #52]	@ 0x34
100048a4:	9014      	str	r0, [sp, #80]	@ 0x50
100048a6:	9316      	str	r3, [sp, #88]	@ 0x58
100048a8:	e008      	b.n	100048bc <_vsnprintf+0x9c4>
100048aa:	3330      	adds	r3, #48	@ 0x30
100048ac:	b2db      	uxtb	r3, r3
100048ae:	3401      	adds	r4, #1
100048b0:	553b      	strb	r3, [r7, r4]
100048b2:	42b5      	cmp	r5, r6
100048b4:	d30e      	bcc.n	100048d4 <_vsnprintf+0x9dc>
100048b6:	2c20      	cmp	r4, #32
100048b8:	d00c      	beq.n	100048d4 <_vsnprintf+0x9dc>
100048ba:	0005      	movs	r5, r0
100048bc:	0031      	movs	r1, r6
100048be:	0028      	movs	r0, r5
100048c0:	f7fd fc4a 	bl	10002158 <__wrap___aeabi_uidiv>
100048c4:	b2cb      	uxtb	r3, r1
100048c6:	2909      	cmp	r1, #9
100048c8:	d9ef      	bls.n	100048aa <_vsnprintf+0x9b2>
100048ca:	9a0c      	ldr	r2, [sp, #48]	@ 0x30
100048cc:	4694      	mov	ip, r2
100048ce:	4463      	add	r3, ip
100048d0:	b2db      	uxtb	r3, r3
100048d2:	e7ec      	b.n	100048ae <_vsnprintf+0x9b6>
100048d4:	9b15      	ldr	r3, [sp, #84]	@ 0x54
100048d6:	464d      	mov	r5, r9
100048d8:	46a1      	mov	r9, r4
100048da:	4644      	mov	r4, r8
100048dc:	4698      	mov	r8, r3
100048de:	9b16      	ldr	r3, [sp, #88]	@ 0x58
100048e0:	4656      	mov	r6, sl
100048e2:	9814      	ldr	r0, [sp, #80]	@ 0x50
100048e4:	469a      	mov	sl, r3
100048e6:	9f17      	ldr	r7, [sp, #92]	@ 0x5c
100048e8:	e5d0      	b.n	1000448c <_vsnprintf+0x594>
100048ea:	42b7      	cmp	r7, r6
100048ec:	d9b2      	bls.n	10004854 <_vsnprintf+0x95c>
100048ee:	9b17      	ldr	r3, [sp, #92]	@ 0x5c
100048f0:	4657      	mov	r7, sl
100048f2:	4698      	mov	r8, r3
100048f4:	9b18      	ldr	r3, [sp, #96]	@ 0x60
100048f6:	465e      	mov	r6, fp
100048f8:	469a      	mov	sl, r3
100048fa:	9b1b      	ldr	r3, [sp, #108]	@ 0x6c
100048fc:	9409      	str	r4, [sp, #36]	@ 0x24
100048fe:	469b      	mov	fp, r3
10004900:	9816      	ldr	r0, [sp, #88]	@ 0x58
10004902:	9c19      	ldr	r4, [sp, #100]	@ 0x64
10004904:	9d1a      	ldr	r5, [sp, #104]	@ 0x68
10004906:	4643      	mov	r3, r8
10004908:	9305      	str	r3, [sp, #20]
1000490a:	4653      	mov	r3, sl
1000490c:	9304      	str	r3, [sp, #16]
1000490e:	9b0d      	ldr	r3, [sp, #52]	@ 0x34
10004910:	9006      	str	r0, [sp, #24]
10004912:	9303      	str	r3, [sp, #12]
10004914:	2300      	movs	r3, #0
10004916:	9302      	str	r3, [sp, #8]
10004918:	9b09      	ldr	r3, [sp, #36]	@ 0x24
1000491a:	e705      	b.n	10004728 <_vsnprintf+0x830>
1000491c:	9b0f      	ldr	r3, [sp, #60]	@ 0x3c
1000491e:	4598      	cmp	r8, r3
10004920:	d900      	bls.n	10004924 <_vsnprintf+0xa2c>
10004922:	e714      	b.n	1000474e <_vsnprintf+0x856>
10004924:	3301      	adds	r3, #1
10004926:	930f      	str	r3, [sp, #60]	@ 0x3c
10004928:	e42d      	b.n	10004186 <_vsnprintf+0x28e>
1000492a:	2310      	movs	r3, #16
1000492c:	0011      	movs	r1, r2
1000492e:	4399      	bics	r1, r3
10004930:	910d      	str	r1, [sp, #52]	@ 0x34
10004932:	2869      	cmp	r0, #105	@ 0x69
10004934:	d000      	beq.n	10004938 <_vsnprintf+0xa40>
10004936:	e0ba      	b.n	10004aae <_vsnprintf+0xbb6>
10004938:	2380      	movs	r3, #128	@ 0x80
1000493a:	0010      	movs	r0, r2
1000493c:	00db      	lsls	r3, r3, #3
1000493e:	4018      	ands	r0, r3
10004940:	421a      	tst	r2, r3
10004942:	d100      	bne.n	10004946 <_vsnprintf+0xa4e>
10004944:	e622      	b.n	1000458c <_vsnprintf+0x694>
10004946:	e61d      	b.n	10004584 <_vsnprintf+0x68c>
10004948:	9b0c      	ldr	r3, [sp, #48]	@ 0x30
1000494a:	681b      	ldr	r3, [r3, #0]
1000494c:	0fda      	lsrs	r2, r3, #31
1000494e:	0011      	movs	r1, r2
10004950:	2b00      	cmp	r3, #0
10004952:	d100      	bne.n	10004956 <_vsnprintf+0xa5e>
10004954:	e08c      	b.n	10004a70 <_vsnprintf+0xb78>
10004956:	17da      	asrs	r2, r3, #31
10004958:	1898      	adds	r0, r3, r2
1000495a:	4050      	eors	r0, r2
1000495c:	aa14      	add	r2, sp, #80	@ 0x50
1000495e:	4691      	mov	r9, r2
10004960:	4642      	mov	r2, r8
10004962:	231f      	movs	r3, #31
10004964:	9214      	str	r2, [sp, #80]	@ 0x50
10004966:	4652      	mov	r2, sl
10004968:	444b      	add	r3, r9
1000496a:	46a0      	mov	r8, r4
1000496c:	46a9      	mov	r9, r5
1000496e:	9716      	str	r7, [sp, #88]	@ 0x58
10004970:	0004      	movs	r4, r0
10004972:	4665      	mov	r5, ip
10004974:	46b2      	mov	sl, r6
10004976:	001f      	movs	r7, r3
10004978:	910c      	str	r1, [sp, #48]	@ 0x30
1000497a:	9215      	str	r2, [sp, #84]	@ 0x54
1000497c:	e001      	b.n	10004982 <_vsnprintf+0xa8a>
1000497e:	2d20      	cmp	r5, #32
10004980:	d00f      	beq.n	100049a2 <_vsnprintf+0xaaa>
10004982:	0020      	movs	r0, r4
10004984:	210a      	movs	r1, #10
10004986:	f7fd fbe7 	bl	10002158 <__wrap___aeabi_uidiv>
1000498a:	3501      	adds	r5, #1
1000498c:	197e      	adds	r6, r7, r5
1000498e:	3130      	adds	r1, #48	@ 0x30
10004990:	7031      	strb	r1, [r6, #0]
10004992:	0020      	movs	r0, r4
10004994:	210a      	movs	r1, #10
10004996:	f7fd fbdf 	bl	10002158 <__wrap___aeabi_uidiv>
1000499a:	0026      	movs	r6, r4
1000499c:	0004      	movs	r4, r0
1000499e:	2e09      	cmp	r6, #9
100049a0:	d8ed      	bhi.n	1000497e <_vsnprintf+0xa86>
100049a2:	9b14      	ldr	r3, [sp, #80]	@ 0x50
100049a4:	4644      	mov	r4, r8
100049a6:	4698      	mov	r8, r3
100049a8:	9b0c      	ldr	r3, [sp, #48]	@ 0x30
100049aa:	46ac      	mov	ip, r5
100049ac:	0019      	movs	r1, r3
100049ae:	9b15      	ldr	r3, [sp, #84]	@ 0x54
100049b0:	4656      	mov	r6, sl
100049b2:	464d      	mov	r5, r9
100049b4:	469a      	mov	sl, r3
100049b6:	9f16      	ldr	r7, [sp, #88]	@ 0x58
100049b8:	9b0d      	ldr	r3, [sp, #52]	@ 0x34
100049ba:	9102      	str	r1, [sp, #8]
100049bc:	9306      	str	r3, [sp, #24]
100049be:	4643      	mov	r3, r8
100049c0:	9305      	str	r3, [sp, #20]
100049c2:	4653      	mov	r3, sl
100049c4:	9304      	str	r3, [sp, #16]
100049c6:	230a      	movs	r3, #10
100049c8:	9303      	str	r3, [sp, #12]
100049ca:	4663      	mov	r3, ip
100049cc:	e63c      	b.n	10004648 <_vsnprintf+0x750>
100049ce:	2800      	cmp	r0, #0
100049d0:	d000      	beq.n	100049d4 <_vsnprintf+0xadc>
100049d2:	e62e      	b.n	10004632 <_vsnprintf+0x73a>
100049d4:	e602      	b.n	100045dc <_vsnprintf+0x6e4>
100049d6:	9b0c      	ldr	r3, [sp, #48]	@ 0x30
100049d8:	681b      	ldr	r3, [r3, #0]
100049da:	4699      	mov	r9, r3
100049dc:	2b00      	cmp	r3, #0
100049de:	d103      	bne.n	100049e8 <_vsnprintf+0xaf0>
100049e0:	3310      	adds	r3, #16
100049e2:	4398      	bics	r0, r3
100049e4:	2900      	cmp	r1, #0
100049e6:	d138      	bne.n	10004a5a <_vsnprintf+0xb62>
100049e8:	2361      	movs	r3, #97	@ 0x61
100049ea:	0682      	lsls	r2, r0, #26
100049ec:	d500      	bpl.n	100049f0 <_vsnprintf+0xaf8>
100049ee:	2341      	movs	r3, #65	@ 0x41
100049f0:	b2db      	uxtb	r3, r3
100049f2:	3b0a      	subs	r3, #10
100049f4:	930c      	str	r3, [sp, #48]	@ 0x30
100049f6:	4643      	mov	r3, r8
100049f8:	9316      	str	r3, [sp, #88]	@ 0x58
100049fa:	4653      	mov	r3, sl
100049fc:	a914      	add	r1, sp, #80	@ 0x50
100049fe:	221f      	movs	r2, #31
10004a00:	468c      	mov	ip, r1
10004a02:	9317      	str	r3, [sp, #92]	@ 0x5c
10004a04:	002b      	movs	r3, r5
10004a06:	4462      	add	r2, ip
10004a08:	46a0      	mov	r8, r4
10004a0a:	464d      	mov	r5, r9
10004a0c:	46b2      	mov	sl, r6
10004a0e:	9718      	str	r7, [sp, #96]	@ 0x60
10004a10:	4699      	mov	r9, r3
10004a12:	0017      	movs	r7, r2
10004a14:	9c14      	ldr	r4, [sp, #80]	@ 0x50
10004a16:	9e0d      	ldr	r6, [sp, #52]	@ 0x34
10004a18:	9015      	str	r0, [sp, #84]	@ 0x54
10004a1a:	e008      	b.n	10004a2e <_vsnprintf+0xb36>
10004a1c:	3330      	adds	r3, #48	@ 0x30
10004a1e:	b2db      	uxtb	r3, r3
10004a20:	3401      	adds	r4, #1
10004a22:	553b      	strb	r3, [r7, r4]
10004a24:	42b5      	cmp	r5, r6
10004a26:	d30e      	bcc.n	10004a46 <_vsnprintf+0xb4e>
10004a28:	2c20      	cmp	r4, #32
10004a2a:	d00c      	beq.n	10004a46 <_vsnprintf+0xb4e>
10004a2c:	0005      	movs	r5, r0
10004a2e:	0031      	movs	r1, r6
10004a30:	0028      	movs	r0, r5
10004a32:	f7fd fb91 	bl	10002158 <__wrap___aeabi_uidiv>
10004a36:	b2cb      	uxtb	r3, r1
10004a38:	2909      	cmp	r1, #9
10004a3a:	d9ef      	bls.n	10004a1c <_vsnprintf+0xb24>
10004a3c:	9a0c      	ldr	r2, [sp, #48]	@ 0x30
10004a3e:	4694      	mov	ip, r2
10004a40:	4463      	add	r3, ip
10004a42:	b2db      	uxtb	r3, r3
10004a44:	e7ec      	b.n	10004a20 <_vsnprintf+0xb28>
10004a46:	9b16      	ldr	r3, [sp, #88]	@ 0x58
10004a48:	9414      	str	r4, [sp, #80]	@ 0x50
10004a4a:	4644      	mov	r4, r8
10004a4c:	4698      	mov	r8, r3
10004a4e:	9b17      	ldr	r3, [sp, #92]	@ 0x5c
10004a50:	4656      	mov	r6, sl
10004a52:	464d      	mov	r5, r9
10004a54:	469a      	mov	sl, r3
10004a56:	9815      	ldr	r0, [sp, #84]	@ 0x54
10004a58:	9f18      	ldr	r7, [sp, #96]	@ 0x60
10004a5a:	4643      	mov	r3, r8
10004a5c:	9305      	str	r3, [sp, #20]
10004a5e:	4653      	mov	r3, sl
10004a60:	9304      	str	r3, [sp, #16]
10004a62:	9b0d      	ldr	r3, [sp, #52]	@ 0x34
10004a64:	9006      	str	r0, [sp, #24]
10004a66:	9303      	str	r3, [sp, #12]
10004a68:	2300      	movs	r3, #0
10004a6a:	9302      	str	r3, [sp, #8]
10004a6c:	9b14      	ldr	r3, [sp, #80]	@ 0x50
10004a6e:	e5eb      	b.n	10004648 <_vsnprintf+0x750>
10004a70:	2800      	cmp	r0, #0
10004a72:	d1a1      	bne.n	100049b8 <_vsnprintf+0xac0>
10004a74:	e772      	b.n	1000495c <_vsnprintf+0xa64>
10004a76:	9b0c      	ldr	r3, [sp, #48]	@ 0x30
10004a78:	681b      	ldr	r3, [r3, #0]
10004a7a:	17d9      	asrs	r1, r3, #31
10004a7c:	185a      	adds	r2, r3, r1
10004a7e:	404a      	eors	r2, r1
10004a80:	e5a6      	b.n	100045d0 <_vsnprintf+0x6d8>
10004a82:	2380      	movs	r3, #128	@ 0x80
10004a84:	0010      	movs	r0, r2
10004a86:	00db      	lsls	r3, r3, #3
10004a88:	4018      	ands	r0, r3
10004a8a:	469c      	mov	ip, r3
10004a8c:	900f      	str	r0, [sp, #60]	@ 0x3c
10004a8e:	421a      	tst	r2, r3
10004a90:	d00f      	beq.n	10004ab2 <_vsnprintf+0xbba>
10004a92:	2002      	movs	r0, #2
10004a94:	0003      	movs	r3, r0
10004a96:	4013      	ands	r3, r2
10004a98:	930f      	str	r3, [sp, #60]	@ 0x3c
10004a9a:	4210      	tst	r0, r2
10004a9c:	d019      	beq.n	10004ad2 <_vsnprintf+0xbda>
10004a9e:	2300      	movs	r3, #0
10004aa0:	46a1      	mov	r9, r4
10004aa2:	930f      	str	r3, [sp, #60]	@ 0x3c
10004aa4:	e54c      	b.n	10004540 <_vsnprintf+0x648>
10004aa6:	9b0c      	ldr	r3, [sp, #48]	@ 0x30
10004aa8:	681b      	ldr	r3, [r3, #0]
10004aaa:	9309      	str	r3, [sp, #36]	@ 0x24
10004aac:	e4e4      	b.n	10004478 <_vsnprintf+0x580>
10004aae:	000a      	movs	r2, r1
10004ab0:	e434      	b.n	1000431c <_vsnprintf+0x424>
10004ab2:	2302      	movs	r3, #2
10004ab4:	0018      	movs	r0, r3
10004ab6:	4010      	ands	r0, r2
10004ab8:	900d      	str	r0, [sp, #52]	@ 0x34
10004aba:	4213      	tst	r3, r2
10004abc:	d000      	beq.n	10004ac0 <_vsnprintf+0xbc8>
10004abe:	e53e      	b.n	1000453e <_vsnprintf+0x646>
10004ac0:	4643      	mov	r3, r8
10004ac2:	2b00      	cmp	r3, #0
10004ac4:	d000      	beq.n	10004ac8 <_vsnprintf+0xbd0>
10004ac6:	e642      	b.n	1000474e <_vsnprintf+0x856>
10004ac8:	f7ff fb71 	bl	100041ae <_vsnprintf+0x2b6>
10004acc:	3301      	adds	r3, #1
10004ace:	930f      	str	r3, [sp, #60]	@ 0x3c
10004ad0:	e47f      	b.n	100043d2 <_vsnprintf+0x4da>
10004ad2:	4663      	mov	r3, ip
10004ad4:	930d      	str	r3, [sp, #52]	@ 0x34
10004ad6:	e7f3      	b.n	10004ac0 <_vsnprintf+0xbc8>

10004ad8 <vfctprintf>:
10004ad8:	b510      	push	{r4, lr}
10004ada:	000c      	movs	r4, r1
10004adc:	b084      	sub	sp, #16
10004ade:	9403      	str	r4, [sp, #12]
10004ae0:	2401      	movs	r4, #1
10004ae2:	a902      	add	r1, sp, #8
10004ae4:	9002      	str	r0, [sp, #8]
10004ae6:	9300      	str	r3, [sp, #0]
10004ae8:	4803      	ldr	r0, [pc, #12]	@ (10004af8 <vfctprintf+0x20>)
10004aea:	0013      	movs	r3, r2
10004aec:	4262      	negs	r2, r4
10004aee:	f7ff fa03 	bl	10003ef8 <_vsnprintf>
10004af2:	b004      	add	sp, #16
10004af4:	bd10      	pop	{r4, pc}
10004af6:	46c0      	nop			@ (mov r8, r8)
10004af8:	100034c5 	.word	0x100034c5

10004afc <weak_raw_vprintf>:
10004afc:	b510      	push	{r4, lr}
10004afe:	4a09      	ldr	r2, [pc, #36]	@ (10004b24 <weak_raw_vprintf+0x28>)
10004b00:	0003      	movs	r3, r0
10004b02:	6814      	ldr	r4, [r2, #0]
10004b04:	b084      	sub	sp, #16
10004b06:	2c00      	cmp	r4, #0
10004b08:	d008      	beq.n	10004b1c <weak_raw_vprintf+0x20>
10004b0a:	2201      	movs	r2, #1
10004b0c:	9100      	str	r1, [sp, #0]
10004b0e:	4806      	ldr	r0, [pc, #24]	@ (10004b28 <weak_raw_vprintf+0x2c>)
10004b10:	4252      	negs	r2, r2
10004b12:	a903      	add	r1, sp, #12
10004b14:	47a0      	blx	r4
10004b16:	2001      	movs	r0, #1
10004b18:	b004      	add	sp, #16
10004b1a:	bd10      	pop	{r4, pc}
10004b1c:	f000 f99c 	bl	10004e58 <__wrap_puts>
10004b20:	2000      	movs	r0, #0
10004b22:	e7f9      	b.n	10004b18 <weak_raw_vprintf+0x1c>
10004b24:	200024f4 	.word	0x200024f4
10004b28:	100034b5 	.word	0x100034b5

10004b2c <_exit>:
10004b2c:	be00      	bkpt	0x0000
10004b2e:	e7fd      	b.n	10004b2c <_exit>

10004b30 <exit>:
10004b30:	b510      	push	{r4, lr}
10004b32:	f7ff fffb 	bl	10004b2c <_exit>
10004b36:	46c0      	nop			@ (mov r8, r8)

10004b38 <runtime_init>:
10004b38:	b570      	push	{r4, r5, r6, lr}
10004b3a:	f7fd fa0d 	bl	10001f58 <runtime_run_initializers>
10004b3e:	4d07      	ldr	r5, [pc, #28]	@ (10004b5c <runtime_init+0x24>)
10004b40:	4e07      	ldr	r6, [pc, #28]	@ (10004b60 <runtime_init+0x28>)
10004b42:	42b5      	cmp	r5, r6
10004b44:	d209      	bcs.n	10004b5a <runtime_init+0x22>
10004b46:	2400      	movs	r4, #0
10004b48:	3e01      	subs	r6, #1
10004b4a:	1b76      	subs	r6, r6, r5
10004b4c:	08b6      	lsrs	r6, r6, #2
10004b4e:	cd08      	ldmia	r5!, {r3}
10004b50:	4798      	blx	r3
10004b52:	0023      	movs	r3, r4
10004b54:	3401      	adds	r4, #1
10004b56:	42b3      	cmp	r3, r6
10004b58:	d1f9      	bne.n	10004b4e <runtime_init+0x16>
10004b5a:	bd70      	pop	{r4, r5, r6, pc}
10004b5c:	100088fc 	.word	0x100088fc
10004b60:	10008904 	.word	0x10008904

10004b64 <stdio_out_chars_no_crlf>:
10004b64:	0003      	movs	r3, r0
10004b66:	b510      	push	{r4, lr}
10004b68:	0008      	movs	r0, r1
10004b6a:	0011      	movs	r1, r2
10004b6c:	681b      	ldr	r3, [r3, #0]
10004b6e:	4798      	blx	r3
10004b70:	bd10      	pop	{r4, pc}
10004b72:	46c0      	nop			@ (mov r8, r8)

10004b74 <stdio_out_chars_crlf>:
10004b74:	b5f0      	push	{r4, r5, r6, r7, lr}
10004b76:	46c6      	mov	lr, r8
10004b78:	b500      	push	{lr}
10004b7a:	7d43      	ldrb	r3, [r0, #21]
10004b7c:	0007      	movs	r7, r0
10004b7e:	000c      	movs	r4, r1
10004b80:	0016      	movs	r6, r2
10004b82:	2b00      	cmp	r3, #0
10004b84:	d046      	beq.n	10004c14 <stdio_out_chars_crlf+0xa0>
10004b86:	2a00      	cmp	r2, #0
10004b88:	dd17      	ble.n	10004bba <stdio_out_chars_crlf+0x46>
10004b8a:	780b      	ldrb	r3, [r1, #0]
10004b8c:	2b0a      	cmp	r3, #10
10004b8e:	d024      	beq.n	10004bda <stdio_out_chars_crlf+0x66>
10004b90:	2300      	movs	r3, #0
10004b92:	4698      	mov	r8, r3
10004b94:	2e01      	cmp	r6, #1
10004b96:	d013      	beq.n	10004bc0 <stdio_out_chars_crlf+0x4c>
10004b98:	2501      	movs	r5, #1
10004b9a:	0029      	movs	r1, r5
10004b9c:	5c63      	ldrb	r3, [r4, r1]
10004b9e:	3501      	adds	r5, #1
10004ba0:	2b0a      	cmp	r3, #10
10004ba2:	d026      	beq.n	10004bf2 <stdio_out_chars_crlf+0x7e>
10004ba4:	42b5      	cmp	r5, r6
10004ba6:	d1f8      	bne.n	10004b9a <stdio_out_chars_crlf+0x26>
10004ba8:	4546      	cmp	r6, r8
10004baa:	dc09      	bgt.n	10004bc0 <stdio_out_chars_crlf+0x4c>
10004bac:	19a4      	adds	r4, r4, r6
10004bae:	3c01      	subs	r4, #1
10004bb0:	7823      	ldrb	r3, [r4, #0]
10004bb2:	3b0d      	subs	r3, #13
10004bb4:	425a      	negs	r2, r3
10004bb6:	4153      	adcs	r3, r2
10004bb8:	753b      	strb	r3, [r7, #20]
10004bba:	bc80      	pop	{r7}
10004bbc:	46b8      	mov	r8, r7
10004bbe:	bdf0      	pop	{r4, r5, r6, r7, pc}
10004bc0:	4643      	mov	r3, r8
10004bc2:	18e0      	adds	r0, r4, r3
10004bc4:	19a4      	adds	r4, r4, r6
10004bc6:	1af1      	subs	r1, r6, r3
10004bc8:	3c01      	subs	r4, #1
10004bca:	683b      	ldr	r3, [r7, #0]
10004bcc:	4798      	blx	r3
10004bce:	7823      	ldrb	r3, [r4, #0]
10004bd0:	3b0d      	subs	r3, #13
10004bd2:	425a      	negs	r2, r3
10004bd4:	4153      	adcs	r3, r2
10004bd6:	753b      	strb	r3, [r7, #20]
10004bd8:	e7ef      	b.n	10004bba <stdio_out_chars_crlf+0x46>
10004bda:	7d03      	ldrb	r3, [r0, #20]
10004bdc:	2b00      	cmp	r3, #0
10004bde:	d1d7      	bne.n	10004b90 <stdio_out_chars_crlf+0x1c>
10004be0:	2102      	movs	r1, #2
10004be2:	480f      	ldr	r0, [pc, #60]	@ (10004c20 <stdio_out_chars_crlf+0xac>)
10004be4:	683b      	ldr	r3, [r7, #0]
10004be6:	4798      	blx	r3
10004be8:	2e01      	cmp	r6, #1
10004bea:	d0df      	beq.n	10004bac <stdio_out_chars_crlf+0x38>
10004bec:	2301      	movs	r3, #1
10004bee:	4698      	mov	r8, r3
10004bf0:	e7d2      	b.n	10004b98 <stdio_out_chars_crlf+0x24>
10004bf2:	1e63      	subs	r3, r4, #1
10004bf4:	5c5b      	ldrb	r3, [r3, r1]
10004bf6:	2b0d      	cmp	r3, #13
10004bf8:	d0d4      	beq.n	10004ba4 <stdio_out_chars_crlf+0x30>
10004bfa:	4588      	cmp	r8, r1
10004bfc:	da04      	bge.n	10004c08 <stdio_out_chars_crlf+0x94>
10004bfe:	4643      	mov	r3, r8
10004c00:	1ac9      	subs	r1, r1, r3
10004c02:	18e0      	adds	r0, r4, r3
10004c04:	683b      	ldr	r3, [r7, #0]
10004c06:	4798      	blx	r3
10004c08:	2102      	movs	r1, #2
10004c0a:	4805      	ldr	r0, [pc, #20]	@ (10004c20 <stdio_out_chars_crlf+0xac>)
10004c0c:	683b      	ldr	r3, [r7, #0]
10004c0e:	46a8      	mov	r8, r5
10004c10:	4798      	blx	r3
10004c12:	e7c7      	b.n	10004ba4 <stdio_out_chars_crlf+0x30>
10004c14:	6803      	ldr	r3, [r0, #0]
10004c16:	0011      	movs	r1, r2
10004c18:	0020      	movs	r0, r4
10004c1a:	4798      	blx	r3
10004c1c:	e7cd      	b.n	10004bba <stdio_out_chars_crlf+0x46>
10004c1e:	46c0      	nop			@ (mov r8, r8)
10004c20:	10008db8 	.word	0x10008db8

10004c24 <stdio_buffered_printer>:
10004c24:	b5f0      	push	{r4, r5, r6, r7, lr}
10004c26:	46c6      	mov	lr, r8
10004c28:	680b      	ldr	r3, [r1, #0]
10004c2a:	0006      	movs	r6, r0
10004c2c:	000c      	movs	r4, r1
10004c2e:	b500      	push	{lr}
10004c30:	2b80      	cmp	r3, #128	@ 0x80
10004c32:	d006      	beq.n	10004c42 <stdio_buffered_printer+0x1e>
10004c34:	1c5a      	adds	r2, r3, #1
10004c36:	6022      	str	r2, [r4, #0]
10004c38:	18e4      	adds	r4, r4, r3
10004c3a:	7126      	strb	r6, [r4, #4]
10004c3c:	bc80      	pop	{r7}
10004c3e:	46b8      	mov	r8, r7
10004c40:	bdf0      	pop	{r4, r5, r6, r7, pc}
10004c42:	4b0f      	ldr	r3, [pc, #60]	@ (10004c80 <stdio_buffered_printer+0x5c>)
10004c44:	681d      	ldr	r5, [r3, #0]
10004c46:	2d00      	cmp	r5, #0
10004c48:	d016      	beq.n	10004c78 <stdio_buffered_printer+0x54>
10004c4a:	1d0b      	adds	r3, r1, #4
10004c4c:	4698      	mov	r8, r3
10004c4e:	4f0d      	ldr	r7, [pc, #52]	@ (10004c84 <stdio_buffered_printer+0x60>)
10004c50:	e002      	b.n	10004c58 <stdio_buffered_printer+0x34>
10004c52:	692d      	ldr	r5, [r5, #16]
10004c54:	2d00      	cmp	r5, #0
10004c56:	d00f      	beq.n	10004c78 <stdio_buffered_printer+0x54>
10004c58:	682b      	ldr	r3, [r5, #0]
10004c5a:	2b00      	cmp	r3, #0
10004c5c:	d0f9      	beq.n	10004c52 <stdio_buffered_printer+0x2e>
10004c5e:	683b      	ldr	r3, [r7, #0]
10004c60:	2b00      	cmp	r3, #0
10004c62:	d001      	beq.n	10004c68 <stdio_buffered_printer+0x44>
10004c64:	42ab      	cmp	r3, r5
10004c66:	d1f4      	bne.n	10004c52 <stdio_buffered_printer+0x2e>
10004c68:	0028      	movs	r0, r5
10004c6a:	4641      	mov	r1, r8
10004c6c:	6822      	ldr	r2, [r4, #0]
10004c6e:	f7ff ff81 	bl	10004b74 <stdio_out_chars_crlf>
10004c72:	692d      	ldr	r5, [r5, #16]
10004c74:	2d00      	cmp	r5, #0
10004c76:	d1ef      	bne.n	10004c58 <stdio_buffered_printer+0x34>
10004c78:	2201      	movs	r2, #1
10004c7a:	2300      	movs	r3, #0
10004c7c:	e7db      	b.n	10004c36 <stdio_buffered_printer+0x12>
10004c7e:	46c0      	nop			@ (mov r8, r8)
10004c80:	200020d8 	.word	0x200020d8
10004c84:	200020e0 	.word	0x200020e0

10004c88 <stdio_put_string>:
10004c88:	b5f0      	push	{r4, r5, r6, r7, lr}
10004c8a:	4645      	mov	r5, r8
10004c8c:	46de      	mov	lr, fp
10004c8e:	464e      	mov	r6, r9
10004c90:	4657      	mov	r7, sl
10004c92:	b5e0      	push	{r5, r6, r7, lr}
10004c94:	b083      	sub	sp, #12
10004c96:	4691      	mov	r9, r2
10004c98:	001c      	movs	r4, r3
10004c9a:	4680      	mov	r8, r0
10004c9c:	000d      	movs	r5, r1
10004c9e:	f7fc fe81 	bl	100019a4 <time_us_64>
10004ca2:	2300      	movs	r3, #0
10004ca4:	4a30      	ldr	r2, [pc, #192]	@ (10004d68 <stdio_put_string+0xe0>)
10004ca6:	1812      	adds	r2, r2, r0
10004ca8:	414b      	adcs	r3, r1
10004caa:	2b00      	cmp	r3, #0
10004cac:	da02      	bge.n	10004cb4 <stdio_put_string+0x2c>
10004cae:	2201      	movs	r2, #1
10004cb0:	4b2e      	ldr	r3, [pc, #184]	@ (10004d6c <stdio_put_string+0xe4>)
10004cb2:	4252      	negs	r2, r2
10004cb4:	492e      	ldr	r1, [pc, #184]	@ (10004d70 <stdio_put_string+0xe8>)
10004cb6:	0008      	movs	r0, r1
10004cb8:	468a      	mov	sl, r1
10004cba:	f003 fde9 	bl	10008890 <__mutex_try_enter_block_until_veneer>
10004cbe:	0007      	movs	r7, r0
10004cc0:	1c6b      	adds	r3, r5, #1
10004cc2:	d103      	bne.n	10004ccc <stdio_put_string+0x44>
10004cc4:	4640      	mov	r0, r8
10004cc6:	f003 fd6b 	bl	100087a0 <strlen>
10004cca:	0005      	movs	r5, r0
10004ccc:	2c00      	cmp	r4, #0
10004cce:	d027      	beq.n	10004d20 <stdio_put_string+0x98>
10004cd0:	4e28      	ldr	r6, [pc, #160]	@ (10004d74 <stdio_put_string+0xec>)
10004cd2:	4b29      	ldr	r3, [pc, #164]	@ (10004d78 <stdio_put_string+0xf0>)
10004cd4:	681c      	ldr	r4, [r3, #0]
10004cd6:	2c00      	cmp	r4, #0
10004cd8:	d018      	beq.n	10004d0c <stdio_put_string+0x84>
10004cda:	464b      	mov	r3, r9
10004cdc:	2b00      	cmp	r3, #0
10004cde:	d121      	bne.n	10004d24 <stdio_put_string+0x9c>
10004ce0:	4b26      	ldr	r3, [pc, #152]	@ (10004d7c <stdio_put_string+0xf4>)
10004ce2:	4699      	mov	r9, r3
10004ce4:	e002      	b.n	10004cec <stdio_put_string+0x64>
10004ce6:	6924      	ldr	r4, [r4, #16]
10004ce8:	2c00      	cmp	r4, #0
10004cea:	d00f      	beq.n	10004d0c <stdio_put_string+0x84>
10004cec:	6823      	ldr	r3, [r4, #0]
10004cee:	2b00      	cmp	r3, #0
10004cf0:	d0f9      	beq.n	10004ce6 <stdio_put_string+0x5e>
10004cf2:	464b      	mov	r3, r9
10004cf4:	681b      	ldr	r3, [r3, #0]
10004cf6:	2b00      	cmp	r3, #0
10004cf8:	d001      	beq.n	10004cfe <stdio_put_string+0x76>
10004cfa:	429c      	cmp	r4, r3
10004cfc:	d1f3      	bne.n	10004ce6 <stdio_put_string+0x5e>
10004cfe:	0020      	movs	r0, r4
10004d00:	002a      	movs	r2, r5
10004d02:	4641      	mov	r1, r8
10004d04:	47b0      	blx	r6
10004d06:	6924      	ldr	r4, [r4, #16]
10004d08:	2c00      	cmp	r4, #0
10004d0a:	d1ef      	bne.n	10004cec <stdio_put_string+0x64>
10004d0c:	2f00      	cmp	r7, #0
10004d0e:	d126      	bne.n	10004d5e <stdio_put_string+0xd6>
10004d10:	0028      	movs	r0, r5
10004d12:	b003      	add	sp, #12
10004d14:	bcf0      	pop	{r4, r5, r6, r7}
10004d16:	46bb      	mov	fp, r7
10004d18:	46b2      	mov	sl, r6
10004d1a:	46a9      	mov	r9, r5
10004d1c:	46a0      	mov	r8, r4
10004d1e:	bdf0      	pop	{r4, r5, r6, r7, pc}
10004d20:	4e17      	ldr	r6, [pc, #92]	@ (10004d80 <stdio_put_string+0xf8>)
10004d22:	e7d6      	b.n	10004cd2 <stdio_put_string+0x4a>
10004d24:	4b15      	ldr	r3, [pc, #84]	@ (10004d7c <stdio_put_string+0xf4>)
10004d26:	4699      	mov	r9, r3
10004d28:	230a      	movs	r3, #10
10004d2a:	469b      	mov	fp, r3
10004d2c:	e002      	b.n	10004d34 <stdio_put_string+0xac>
10004d2e:	6924      	ldr	r4, [r4, #16]
10004d30:	2c00      	cmp	r4, #0
10004d32:	d0eb      	beq.n	10004d0c <stdio_put_string+0x84>
10004d34:	6823      	ldr	r3, [r4, #0]
10004d36:	2b00      	cmp	r3, #0
10004d38:	d0f9      	beq.n	10004d2e <stdio_put_string+0xa6>
10004d3a:	464b      	mov	r3, r9
10004d3c:	681b      	ldr	r3, [r3, #0]
10004d3e:	2b00      	cmp	r3, #0
10004d40:	d001      	beq.n	10004d46 <stdio_put_string+0xbe>
10004d42:	42a3      	cmp	r3, r4
10004d44:	d1f3      	bne.n	10004d2e <stdio_put_string+0xa6>
10004d46:	002a      	movs	r2, r5
10004d48:	4641      	mov	r1, r8
10004d4a:	0020      	movs	r0, r4
10004d4c:	47b0      	blx	r6
10004d4e:	466b      	mov	r3, sp
10004d50:	465a      	mov	r2, fp
10004d52:	0020      	movs	r0, r4
10004d54:	71da      	strb	r2, [r3, #7]
10004d56:	1dd9      	adds	r1, r3, #7
10004d58:	2201      	movs	r2, #1
10004d5a:	47b0      	blx	r6
10004d5c:	e7e7      	b.n	10004d2e <stdio_put_string+0xa6>
10004d5e:	4650      	mov	r0, sl
10004d60:	f003 fd66 	bl	10008830 <__mutex_exit_veneer>
10004d64:	e7d4      	b.n	10004d10 <stdio_put_string+0x88>
10004d66:	46c0      	nop			@ (mov r8, r8)
10004d68:	000f4240 	.word	0x000f4240
10004d6c:	7fffffff 	.word	0x7fffffff
10004d70:	20001120 	.word	0x20001120
10004d74:	10004b75 	.word	0x10004b75
10004d78:	200020d8 	.word	0x200020d8
10004d7c:	200020e0 	.word	0x200020e0
10004d80:	10004b65 	.word	0x10004b65

10004d84 <stdio_set_driver_enabled>:
10004d84:	4a0a      	ldr	r2, [pc, #40]	@ (10004db0 <stdio_set_driver_enabled+0x2c>)
10004d86:	6813      	ldr	r3, [r2, #0]
10004d88:	2b00      	cmp	r3, #0
10004d8a:	d105      	bne.n	10004d98 <stdio_set_driver_enabled+0x14>
10004d8c:	e00c      	b.n	10004da8 <stdio_set_driver_enabled+0x24>
10004d8e:	001a      	movs	r2, r3
10004d90:	691b      	ldr	r3, [r3, #16]
10004d92:	3210      	adds	r2, #16
10004d94:	2b00      	cmp	r3, #0
10004d96:	d007      	beq.n	10004da8 <stdio_set_driver_enabled+0x24>
10004d98:	4283      	cmp	r3, r0
10004d9a:	d1f8      	bne.n	10004d8e <stdio_set_driver_enabled+0xa>
10004d9c:	2900      	cmp	r1, #0
10004d9e:	d102      	bne.n	10004da6 <stdio_set_driver_enabled+0x22>
10004da0:	6918      	ldr	r0, [r3, #16]
10004da2:	6010      	str	r0, [r2, #0]
10004da4:	6119      	str	r1, [r3, #16]
10004da6:	4770      	bx	lr
10004da8:	2900      	cmp	r1, #0
10004daa:	d0fc      	beq.n	10004da6 <stdio_set_driver_enabled+0x22>
10004dac:	6010      	str	r0, [r2, #0]
10004dae:	e7fa      	b.n	10004da6 <stdio_set_driver_enabled+0x22>
10004db0:	200020d8 	.word	0x200020d8

10004db4 <stdio_init_all>:
10004db4:	b510      	push	{r4, lr}
10004db6:	f000 f9ad 	bl	10005114 <stdio_uart_init>
10004dba:	f000 fbe9 	bl	10005590 <stdio_usb_init>
10004dbe:	2001      	movs	r0, #1
10004dc0:	bd10      	pop	{r4, pc}
10004dc2:	46c0      	nop			@ (mov r8, r8)

10004dc4 <__wrap_putchar>:
10004dc4:	b5f0      	push	{r4, r5, r6, r7, lr}
10004dc6:	46ce      	mov	lr, r9
10004dc8:	4647      	mov	r7, r8
10004dca:	b580      	push	{r7, lr}
10004dcc:	b083      	sub	sp, #12
10004dce:	466b      	mov	r3, sp
10004dd0:	0006      	movs	r6, r0
10004dd2:	1ddd      	adds	r5, r3, #7
10004dd4:	7028      	strb	r0, [r5, #0]
10004dd6:	f7fc fde5 	bl	100019a4 <time_us_64>
10004dda:	2300      	movs	r3, #0
10004ddc:	4a19      	ldr	r2, [pc, #100]	@ (10004e44 <__wrap_putchar+0x80>)
10004dde:	1812      	adds	r2, r2, r0
10004de0:	414b      	adcs	r3, r1
10004de2:	2b00      	cmp	r3, #0
10004de4:	da02      	bge.n	10004dec <__wrap_putchar+0x28>
10004de6:	2201      	movs	r2, #1
10004de8:	4b17      	ldr	r3, [pc, #92]	@ (10004e48 <__wrap_putchar+0x84>)
10004dea:	4252      	negs	r2, r2
10004dec:	4917      	ldr	r1, [pc, #92]	@ (10004e4c <__wrap_putchar+0x88>)
10004dee:	0008      	movs	r0, r1
10004df0:	4688      	mov	r8, r1
10004df2:	f003 fd4d 	bl	10008890 <__mutex_try_enter_block_until_veneer>
10004df6:	4b16      	ldr	r3, [pc, #88]	@ (10004e50 <__wrap_putchar+0x8c>)
10004df8:	4681      	mov	r9, r0
10004dfa:	681c      	ldr	r4, [r3, #0]
10004dfc:	2c00      	cmp	r4, #0
10004dfe:	d014      	beq.n	10004e2a <__wrap_putchar+0x66>
10004e00:	4f14      	ldr	r7, [pc, #80]	@ (10004e54 <__wrap_putchar+0x90>)
10004e02:	e002      	b.n	10004e0a <__wrap_putchar+0x46>
10004e04:	6924      	ldr	r4, [r4, #16]
10004e06:	2c00      	cmp	r4, #0
10004e08:	d00f      	beq.n	10004e2a <__wrap_putchar+0x66>
10004e0a:	6823      	ldr	r3, [r4, #0]
10004e0c:	2b00      	cmp	r3, #0
10004e0e:	d0f9      	beq.n	10004e04 <__wrap_putchar+0x40>
10004e10:	683b      	ldr	r3, [r7, #0]
10004e12:	2b00      	cmp	r3, #0
10004e14:	d001      	beq.n	10004e1a <__wrap_putchar+0x56>
10004e16:	429c      	cmp	r4, r3
10004e18:	d1f4      	bne.n	10004e04 <__wrap_putchar+0x40>
10004e1a:	0020      	movs	r0, r4
10004e1c:	2201      	movs	r2, #1
10004e1e:	0029      	movs	r1, r5
10004e20:	f7ff fea8 	bl	10004b74 <stdio_out_chars_crlf>
10004e24:	6924      	ldr	r4, [r4, #16]
10004e26:	2c00      	cmp	r4, #0
10004e28:	d1ef      	bne.n	10004e0a <__wrap_putchar+0x46>
10004e2a:	464b      	mov	r3, r9
10004e2c:	2b00      	cmp	r3, #0
10004e2e:	d105      	bne.n	10004e3c <__wrap_putchar+0x78>
10004e30:	0030      	movs	r0, r6
10004e32:	b003      	add	sp, #12
10004e34:	bcc0      	pop	{r6, r7}
10004e36:	46b9      	mov	r9, r7
10004e38:	46b0      	mov	r8, r6
10004e3a:	bdf0      	pop	{r4, r5, r6, r7, pc}
10004e3c:	4640      	mov	r0, r8
10004e3e:	f003 fcf7 	bl	10008830 <__mutex_exit_veneer>
10004e42:	e7f5      	b.n	10004e30 <__wrap_putchar+0x6c>
10004e44:	000f4240 	.word	0x000f4240
10004e48:	7fffffff 	.word	0x7fffffff
10004e4c:	20001120 	.word	0x20001120
10004e50:	200020d8 	.word	0x200020d8
10004e54:	200020e0 	.word	0x200020e0

10004e58 <__wrap_puts>:
10004e58:	b570      	push	{r4, r5, r6, lr}
10004e5a:	0004      	movs	r4, r0
10004e5c:	f003 fca0 	bl	100087a0 <strlen>
10004e60:	2301      	movs	r3, #1
10004e62:	0001      	movs	r1, r0
10004e64:	0005      	movs	r5, r0
10004e66:	2201      	movs	r2, #1
10004e68:	0020      	movs	r0, r4
10004e6a:	f7ff ff0d 	bl	10004c88 <stdio_put_string>
10004e6e:	4b08      	ldr	r3, [pc, #32]	@ (10004e90 <__wrap_puts+0x38>)
10004e70:	681c      	ldr	r4, [r3, #0]
10004e72:	2c00      	cmp	r4, #0
10004e74:	d006      	beq.n	10004e84 <__wrap_puts+0x2c>
10004e76:	6863      	ldr	r3, [r4, #4]
10004e78:	2b00      	cmp	r3, #0
10004e7a:	d005      	beq.n	10004e88 <__wrap_puts+0x30>
10004e7c:	4798      	blx	r3
10004e7e:	6924      	ldr	r4, [r4, #16]
10004e80:	2c00      	cmp	r4, #0
10004e82:	d1f8      	bne.n	10004e76 <__wrap_puts+0x1e>
10004e84:	0028      	movs	r0, r5
10004e86:	bd70      	pop	{r4, r5, r6, pc}
10004e88:	6924      	ldr	r4, [r4, #16]
10004e8a:	2c00      	cmp	r4, #0
10004e8c:	d1f3      	bne.n	10004e76 <__wrap_puts+0x1e>
10004e8e:	e7f9      	b.n	10004e84 <__wrap_puts+0x2c>
10004e90:	200020d8 	.word	0x200020d8

10004e94 <__wrap_vprintf>:
10004e94:	b5f0      	push	{r4, r5, r6, r7, lr}
10004e96:	46ce      	mov	lr, r9
10004e98:	4647      	mov	r7, r8
10004e9a:	b580      	push	{r7, lr}
10004e9c:	b0a3      	sub	sp, #140	@ 0x8c
10004e9e:	0004      	movs	r4, r0
10004ea0:	000d      	movs	r5, r1
10004ea2:	f7fc fd7f 	bl	100019a4 <time_us_64>
10004ea6:	2300      	movs	r3, #0
10004ea8:	4a27      	ldr	r2, [pc, #156]	@ (10004f48 <__wrap_vprintf+0xb4>)
10004eaa:	1812      	adds	r2, r2, r0
10004eac:	414b      	adcs	r3, r1
10004eae:	2b00      	cmp	r3, #0
10004eb0:	da02      	bge.n	10004eb8 <__wrap_vprintf+0x24>
10004eb2:	2201      	movs	r2, #1
10004eb4:	4b25      	ldr	r3, [pc, #148]	@ (10004f4c <__wrap_vprintf+0xb8>)
10004eb6:	4252      	negs	r2, r2
10004eb8:	4e25      	ldr	r6, [pc, #148]	@ (10004f50 <__wrap_vprintf+0xbc>)
10004eba:	0030      	movs	r0, r6
10004ebc:	f003 fce8 	bl	10008890 <__mutex_try_enter_block_until_veneer>
10004ec0:	2300      	movs	r3, #0
10004ec2:	0022      	movs	r2, r4
10004ec4:	9301      	str	r3, [sp, #4]
10004ec6:	0007      	movs	r7, r0
10004ec8:	002b      	movs	r3, r5
10004eca:	4822      	ldr	r0, [pc, #136]	@ (10004f54 <__wrap_vprintf+0xc0>)
10004ecc:	a901      	add	r1, sp, #4
10004ece:	f7ff fe03 	bl	10004ad8 <vfctprintf>
10004ed2:	4b21      	ldr	r3, [pc, #132]	@ (10004f58 <__wrap_vprintf+0xc4>)
10004ed4:	4680      	mov	r8, r0
10004ed6:	4699      	mov	r9, r3
10004ed8:	681c      	ldr	r4, [r3, #0]
10004eda:	9b01      	ldr	r3, [sp, #4]
10004edc:	2b00      	cmp	r3, #0
10004ede:	d01a      	beq.n	10004f16 <__wrap_vprintf+0x82>
10004ee0:	2c00      	cmp	r4, #0
10004ee2:	d02f      	beq.n	10004f44 <__wrap_vprintf+0xb0>
10004ee4:	4d1d      	ldr	r5, [pc, #116]	@ (10004f5c <__wrap_vprintf+0xc8>)
10004ee6:	e002      	b.n	10004eee <__wrap_vprintf+0x5a>
10004ee8:	6924      	ldr	r4, [r4, #16]
10004eea:	2c00      	cmp	r4, #0
10004eec:	d00f      	beq.n	10004f0e <__wrap_vprintf+0x7a>
10004eee:	6823      	ldr	r3, [r4, #0]
10004ef0:	2b00      	cmp	r3, #0
10004ef2:	d0f9      	beq.n	10004ee8 <__wrap_vprintf+0x54>
10004ef4:	682b      	ldr	r3, [r5, #0]
10004ef6:	2b00      	cmp	r3, #0
10004ef8:	d001      	beq.n	10004efe <__wrap_vprintf+0x6a>
10004efa:	42a3      	cmp	r3, r4
10004efc:	d1f4      	bne.n	10004ee8 <__wrap_vprintf+0x54>
10004efe:	0020      	movs	r0, r4
10004f00:	9a01      	ldr	r2, [sp, #4]
10004f02:	a902      	add	r1, sp, #8
10004f04:	f7ff fe36 	bl	10004b74 <stdio_out_chars_crlf>
10004f08:	6924      	ldr	r4, [r4, #16]
10004f0a:	2c00      	cmp	r4, #0
10004f0c:	d1ef      	bne.n	10004eee <__wrap_vprintf+0x5a>
10004f0e:	464b      	mov	r3, r9
10004f10:	681c      	ldr	r4, [r3, #0]
10004f12:	2300      	movs	r3, #0
10004f14:	9301      	str	r3, [sp, #4]
10004f16:	2c00      	cmp	r4, #0
10004f18:	d006      	beq.n	10004f28 <__wrap_vprintf+0x94>
10004f1a:	6863      	ldr	r3, [r4, #4]
10004f1c:	2b00      	cmp	r3, #0
10004f1e:	d00b      	beq.n	10004f38 <__wrap_vprintf+0xa4>
10004f20:	4798      	blx	r3
10004f22:	6924      	ldr	r4, [r4, #16]
10004f24:	2c00      	cmp	r4, #0
10004f26:	d1f8      	bne.n	10004f1a <__wrap_vprintf+0x86>
10004f28:	2f00      	cmp	r7, #0
10004f2a:	d107      	bne.n	10004f3c <__wrap_vprintf+0xa8>
10004f2c:	4640      	mov	r0, r8
10004f2e:	b023      	add	sp, #140	@ 0x8c
10004f30:	bcc0      	pop	{r6, r7}
10004f32:	46b9      	mov	r9, r7
10004f34:	46b0      	mov	r8, r6
10004f36:	bdf0      	pop	{r4, r5, r6, r7, pc}
10004f38:	6924      	ldr	r4, [r4, #16]
10004f3a:	e7ec      	b.n	10004f16 <__wrap_vprintf+0x82>
10004f3c:	0030      	movs	r0, r6
10004f3e:	f003 fc77 	bl	10008830 <__mutex_exit_veneer>
10004f42:	e7f3      	b.n	10004f2c <__wrap_vprintf+0x98>
10004f44:	9401      	str	r4, [sp, #4]
10004f46:	e7ef      	b.n	10004f28 <__wrap_vprintf+0x94>
10004f48:	000f4240 	.word	0x000f4240
10004f4c:	7fffffff 	.word	0x7fffffff
10004f50:	20001120 	.word	0x20001120
10004f54:	10004c25 	.word	0x10004c25
10004f58:	200020d8 	.word	0x200020d8
10004f5c:	200020e0 	.word	0x200020e0

10004f60 <__wrap_printf>:
10004f60:	b40f      	push	{r0, r1, r2, r3}
10004f62:	b500      	push	{lr}
10004f64:	b083      	sub	sp, #12
10004f66:	a904      	add	r1, sp, #16
10004f68:	c901      	ldmia	r1!, {r0}
10004f6a:	9101      	str	r1, [sp, #4]
10004f6c:	f7ff ff92 	bl	10004e94 <__wrap_vprintf>
10004f70:	b003      	add	sp, #12
10004f72:	bc08      	pop	{r3}
10004f74:	b004      	add	sp, #16
10004f76:	4718      	bx	r3

10004f78 <stdio_uart_out_chars>:
10004f78:	b5f0      	push	{r4, r5, r6, r7, lr}
10004f7a:	2900      	cmp	r1, #0
10004f7c:	dd15      	ble.n	10004faa <stdio_uart_out_chars+0x32>
10004f7e:	4b0e      	ldr	r3, [pc, #56]	@ (10004fb8 <stdio_uart_out_chars+0x40>)
10004f80:	270d      	movs	r7, #13
10004f82:	681a      	ldr	r2, [r3, #0]
10004f84:	4b0d      	ldr	r3, [pc, #52]	@ (10004fbc <stdio_uart_out_chars+0x44>)
10004f86:	4c0e      	ldr	r4, [pc, #56]	@ (10004fc0 <stdio_uart_out_chars+0x48>)
10004f88:	18d3      	adds	r3, r2, r3
10004f8a:	425d      	negs	r5, r3
10004f8c:	416b      	adcs	r3, r5
10004f8e:	1845      	adds	r5, r0, r1
10004f90:	2120      	movs	r1, #32
10004f92:	005b      	lsls	r3, r3, #1
10004f94:	5f1e      	ldrsh	r6, [r3, r4]
10004f96:	7804      	ldrb	r4, [r0, #0]
10004f98:	42a6      	cmp	r6, r4
10004f9a:	d007      	beq.n	10004fac <stdio_uart_out_chars+0x34>
10004f9c:	6993      	ldr	r3, [r2, #24]
10004f9e:	4219      	tst	r1, r3
10004fa0:	d1fc      	bne.n	10004f9c <stdio_uart_out_chars+0x24>
10004fa2:	3001      	adds	r0, #1
10004fa4:	6014      	str	r4, [r2, #0]
10004fa6:	42a8      	cmp	r0, r5
10004fa8:	d1f5      	bne.n	10004f96 <stdio_uart_out_chars+0x1e>
10004faa:	bdf0      	pop	{r4, r5, r6, r7, pc}
10004fac:	6993      	ldr	r3, [r2, #24]
10004fae:	4219      	tst	r1, r3
10004fb0:	d1fc      	bne.n	10004fac <stdio_uart_out_chars+0x34>
10004fb2:	6017      	str	r7, [r2, #0]
10004fb4:	e7f2      	b.n	10004f9c <stdio_uart_out_chars+0x24>
10004fb6:	46c0      	nop			@ (mov r8, r8)
10004fb8:	20002554 	.word	0x20002554
10004fbc:	bffc8000 	.word	0xbffc8000
10004fc0:	20002550 	.word	0x20002550

10004fc4 <stdio_uart_in_chars>:
10004fc4:	4b20      	ldr	r3, [pc, #128]	@ (10005048 <stdio_uart_in_chars+0x84>)
10004fc6:	b570      	push	{r4, r5, r6, lr}
10004fc8:	0004      	movs	r4, r0
10004fca:	1e0d      	subs	r5, r1, #0
10004fcc:	681e      	ldr	r6, [r3, #0]
10004fce:	dd2a      	ble.n	10005026 <stdio_uart_in_chars+0x62>
10004fd0:	2000      	movs	r0, #0
10004fd2:	2110      	movs	r1, #16
10004fd4:	4b1d      	ldr	r3, [pc, #116]	@ (1000504c <stdio_uart_in_chars+0x88>)
10004fd6:	3c01      	subs	r4, #1
10004fd8:	681a      	ldr	r2, [r3, #0]
10004fda:	6993      	ldr	r3, [r2, #24]
10004fdc:	4219      	tst	r1, r3
10004fde:	d114      	bne.n	1000500a <stdio_uart_in_chars+0x46>
10004fe0:	3001      	adds	r0, #1
10004fe2:	6993      	ldr	r3, [r2, #24]
10004fe4:	4219      	tst	r1, r3
10004fe6:	d1fc      	bne.n	10004fe2 <stdio_uart_in_chars+0x1e>
10004fe8:	6813      	ldr	r3, [r2, #0]
10004fea:	5423      	strb	r3, [r4, r0]
10004fec:	4285      	cmp	r5, r0
10004fee:	d1f4      	bne.n	10004fda <stdio_uart_in_chars+0x16>
10004ff0:	2e00      	cmp	r6, #0
10004ff2:	d008      	beq.n	10005006 <stdio_uart_in_chars+0x42>
10004ff4:	2350      	movs	r3, #80	@ 0x50
10004ff6:	6393      	str	r3, [r2, #56]	@ 0x38
10004ff8:	6b51      	ldr	r1, [r2, #52]	@ 0x34
10004ffa:	3b18      	subs	r3, #24
10004ffc:	400b      	ands	r3, r1
10004ffe:	4914      	ldr	r1, [pc, #80]	@ (10005050 <stdio_uart_in_chars+0x8c>)
10005000:	468c      	mov	ip, r1
10005002:	4462      	add	r2, ip
10005004:	6013      	str	r3, [r2, #0]
10005006:	0028      	movs	r0, r5
10005008:	bd70      	pop	{r4, r5, r6, pc}
1000500a:	2e00      	cmp	r6, #0
1000500c:	d008      	beq.n	10005020 <stdio_uart_in_chars+0x5c>
1000500e:	2350      	movs	r3, #80	@ 0x50
10005010:	6393      	str	r3, [r2, #56]	@ 0x38
10005012:	6b51      	ldr	r1, [r2, #52]	@ 0x34
10005014:	3b18      	subs	r3, #24
10005016:	400b      	ands	r3, r1
10005018:	490d      	ldr	r1, [pc, #52]	@ (10005050 <stdio_uart_in_chars+0x8c>)
1000501a:	468c      	mov	ip, r1
1000501c:	4462      	add	r2, ip
1000501e:	6013      	str	r3, [r2, #0]
10005020:	2800      	cmp	r0, #0
10005022:	d1f1      	bne.n	10005008 <stdio_uart_in_chars+0x44>
10005024:	e00c      	b.n	10005040 <stdio_uart_in_chars+0x7c>
10005026:	2e00      	cmp	r6, #0
10005028:	d00a      	beq.n	10005040 <stdio_uart_in_chars+0x7c>
1000502a:	2250      	movs	r2, #80	@ 0x50
1000502c:	4b07      	ldr	r3, [pc, #28]	@ (1000504c <stdio_uart_in_chars+0x88>)
1000502e:	681b      	ldr	r3, [r3, #0]
10005030:	639a      	str	r2, [r3, #56]	@ 0x38
10005032:	6b59      	ldr	r1, [r3, #52]	@ 0x34
10005034:	3a18      	subs	r2, #24
10005036:	400a      	ands	r2, r1
10005038:	4905      	ldr	r1, [pc, #20]	@ (10005050 <stdio_uart_in_chars+0x8c>)
1000503a:	468c      	mov	ip, r1
1000503c:	4463      	add	r3, ip
1000503e:	601a      	str	r2, [r3, #0]
10005040:	2003      	movs	r0, #3
10005042:	4240      	negs	r0, r0
10005044:	e7e0      	b.n	10005008 <stdio_uart_in_chars+0x44>
10005046:	46c0      	nop			@ (mov r8, r8)
10005048:	20002070 	.word	0x20002070
1000504c:	20002554 	.word	0x20002554
10005050:	00001034 	.word	0x00001034

10005054 <on_uart_rx>:
10005054:	4b06      	ldr	r3, [pc, #24]	@ (10005070 <on_uart_rx+0x1c>)
10005056:	b510      	push	{r4, lr}
10005058:	681b      	ldr	r3, [r3, #0]
1000505a:	2b00      	cmp	r3, #0
1000505c:	d006      	beq.n	1000506c <on_uart_rx+0x18>
1000505e:	2100      	movs	r1, #0
10005060:	4a04      	ldr	r2, [pc, #16]	@ (10005074 <on_uart_rx+0x20>)
10005062:	6812      	ldr	r2, [r2, #0]
10005064:	6391      	str	r1, [r2, #56]	@ 0x38
10005066:	4a04      	ldr	r2, [pc, #16]	@ (10005078 <on_uart_rx+0x24>)
10005068:	6810      	ldr	r0, [r2, #0]
1000506a:	4798      	blx	r3
1000506c:	bd10      	pop	{r4, pc}
1000506e:	46c0      	nop			@ (mov r8, r8)
10005070:	20002070 	.word	0x20002070
10005074:	20002554 	.word	0x20002554
10005078:	20002078 	.word	0x20002078

1000507c <stdio_uart_out_flush>:
1000507c:	2208      	movs	r2, #8
1000507e:	4b03      	ldr	r3, [pc, #12]	@ (1000508c <stdio_uart_out_flush+0x10>)
10005080:	6819      	ldr	r1, [r3, #0]
10005082:	698b      	ldr	r3, [r1, #24]
10005084:	421a      	tst	r2, r3
10005086:	d1fc      	bne.n	10005082 <stdio_uart_out_flush+0x6>
10005088:	4770      	bx	lr
1000508a:	46c0      	nop			@ (mov r8, r8)
1000508c:	20002554 	.word	0x20002554

10005090 <stdio_uart_set_chars_available_callback>:
10005090:	b5f8      	push	{r3, r4, r5, r6, r7, lr}
10005092:	4f1a      	ldr	r7, [pc, #104]	@ (100050fc <stdio_uart_set_chars_available_callback+0x6c>)
10005094:	4b1a      	ldr	r3, [pc, #104]	@ (10005100 <stdio_uart_set_chars_available_callback+0x70>)
10005096:	683a      	ldr	r2, [r7, #0]
10005098:	0005      	movs	r5, r0
1000509a:	18d3      	adds	r3, r2, r3
1000509c:	4258      	negs	r0, r3
1000509e:	4143      	adcs	r3, r0
100050a0:	4e18      	ldr	r6, [pc, #96]	@ (10005104 <stdio_uart_set_chars_available_callback+0x74>)
100050a2:	3314      	adds	r3, #20
100050a4:	001c      	movs	r4, r3
100050a6:	6833      	ldr	r3, [r6, #0]
100050a8:	2d00      	cmp	r5, #0
100050aa:	d002      	beq.n	100050b2 <stdio_uart_set_chars_available_callback+0x22>
100050ac:	2b00      	cmp	r3, #0
100050ae:	d00f      	beq.n	100050d0 <stdio_uart_set_chars_available_callback+0x40>
100050b0:	bdf8      	pop	{r3, r4, r5, r6, r7, pc}
100050b2:	2b00      	cmp	r3, #0
100050b4:	d0fc      	beq.n	100050b0 <stdio_uart_set_chars_available_callback+0x20>
100050b6:	2100      	movs	r1, #0
100050b8:	0020      	movs	r0, r4
100050ba:	6395      	str	r5, [r2, #56]	@ 0x38
100050bc:	f7fb fcb8 	bl	10000a30 <irq_set_enabled>
100050c0:	0020      	movs	r0, r4
100050c2:	4911      	ldr	r1, [pc, #68]	@ (10005108 <stdio_uart_set_chars_available_callback+0x78>)
100050c4:	f7fb fe10 	bl	10000ce8 <irq_remove_handler>
100050c8:	4b10      	ldr	r3, [pc, #64]	@ (1000510c <stdio_uart_set_chars_available_callback+0x7c>)
100050ca:	6035      	str	r5, [r6, #0]
100050cc:	601d      	str	r5, [r3, #0]
100050ce:	e7ef      	b.n	100050b0 <stdio_uart_set_chars_available_callback+0x20>
100050d0:	4b0e      	ldr	r3, [pc, #56]	@ (1000510c <stdio_uart_set_chars_available_callback+0x7c>)
100050d2:	0020      	movs	r0, r4
100050d4:	6019      	str	r1, [r3, #0]
100050d6:	490c      	ldr	r1, [pc, #48]	@ (10005108 <stdio_uart_set_chars_available_callback+0x78>)
100050d8:	6035      	str	r5, [r6, #0]
100050da:	f7fb fce1 	bl	10000aa0 <irq_set_exclusive_handler>
100050de:	2101      	movs	r1, #1
100050e0:	0020      	movs	r0, r4
100050e2:	f7fb fca5 	bl	10000a30 <irq_set_enabled>
100050e6:	2250      	movs	r2, #80	@ 0x50
100050e8:	683b      	ldr	r3, [r7, #0]
100050ea:	639a      	str	r2, [r3, #56]	@ 0x38
100050ec:	6b59      	ldr	r1, [r3, #52]	@ 0x34
100050ee:	3a18      	subs	r2, #24
100050f0:	400a      	ands	r2, r1
100050f2:	4907      	ldr	r1, [pc, #28]	@ (10005110 <stdio_uart_set_chars_available_callback+0x80>)
100050f4:	468c      	mov	ip, r1
100050f6:	4463      	add	r3, ip
100050f8:	601a      	str	r2, [r3, #0]
100050fa:	e7d9      	b.n	100050b0 <stdio_uart_set_chars_available_callback+0x20>
100050fc:	20002554 	.word	0x20002554
10005100:	bffc8000 	.word	0xbffc8000
10005104:	20002070 	.word	0x20002070
10005108:	10005055 	.word	0x10005055
1000510c:	20002078 	.word	0x20002078
10005110:	00001034 	.word	0x00001034

10005114 <stdio_uart_init>:
10005114:	4b0d      	ldr	r3, [pc, #52]	@ (1000514c <stdio_uart_init+0x38>)
10005116:	b510      	push	{r4, lr}
10005118:	781b      	ldrb	r3, [r3, #0]
1000511a:	4b0d      	ldr	r3, [pc, #52]	@ (10005150 <stdio_uart_init+0x3c>)
1000511c:	4c0d      	ldr	r4, [pc, #52]	@ (10005154 <stdio_uart_init+0x40>)
1000511e:	781b      	ldrb	r3, [r3, #0]
10005120:	4b0d      	ldr	r3, [pc, #52]	@ (10005158 <stdio_uart_init+0x44>)
10005122:	2102      	movs	r1, #2
10005124:	781b      	ldrb	r3, [r3, #0]
10005126:	4b0d      	ldr	r3, [pc, #52]	@ (1000515c <stdio_uart_init+0x48>)
10005128:	2000      	movs	r0, #0
1000512a:	6023      	str	r3, [r4, #0]
1000512c:	f7fb faea 	bl	10000704 <gpio_set_function>
10005130:	2102      	movs	r1, #2
10005132:	2001      	movs	r0, #1
10005134:	f7fb fae6 	bl	10000704 <gpio_set_function>
10005138:	21e1      	movs	r1, #225	@ 0xe1
1000513a:	6820      	ldr	r0, [r4, #0]
1000513c:	0249      	lsls	r1, r1, #9
1000513e:	f7fc fc7f 	bl	10001a40 <uart_init>
10005142:	2101      	movs	r1, #1
10005144:	4806      	ldr	r0, [pc, #24]	@ (10005160 <stdio_uart_init+0x4c>)
10005146:	f7ff fe1d 	bl	10004d84 <stdio_set_driver_enabled>
1000514a:	bd10      	pop	{r4, pc}
1000514c:	10009210 	.word	0x10009210
10005150:	1000920c 	.word	0x1000920c
10005154:	20002554 	.word	0x20002554
10005158:	10009208 	.word	0x10009208
1000515c:	40034000 	.word	0x40034000
10005160:	200010c0 	.word	0x200010c0

10005164 <resetd_init>:
10005164:	4770      	bx	lr
10005166:	46c0      	nop			@ (mov r8, r8)

10005168 <resetd_reset>:
10005168:	2200      	movs	r2, #0
1000516a:	4b01      	ldr	r3, [pc, #4]	@ (10005170 <resetd_reset+0x8>)
1000516c:	701a      	strb	r2, [r3, #0]
1000516e:	4770      	bx	lr
10005170:	20002573 	.word	0x20002573

10005174 <resetd_open>:
10005174:	794b      	ldrb	r3, [r1, #5]
10005176:	2000      	movs	r0, #0
10005178:	2bff      	cmp	r3, #255	@ 0xff
1000517a:	d10b      	bne.n	10005194 <resetd_open+0x20>
1000517c:	798b      	ldrb	r3, [r1, #6]
1000517e:	2b00      	cmp	r3, #0
10005180:	d108      	bne.n	10005194 <resetd_open+0x20>
10005182:	79cb      	ldrb	r3, [r1, #7]
10005184:	2b01      	cmp	r3, #1
10005186:	d105      	bne.n	10005194 <resetd_open+0x20>
10005188:	2a08      	cmp	r2, #8
1000518a:	d903      	bls.n	10005194 <resetd_open+0x20>
1000518c:	4b02      	ldr	r3, [pc, #8]	@ (10005198 <resetd_open+0x24>)
1000518e:	788a      	ldrb	r2, [r1, #2]
10005190:	3009      	adds	r0, #9
10005192:	701a      	strb	r2, [r3, #0]
10005194:	4770      	bx	lr
10005196:	46c0      	nop			@ (mov r8, r8)
10005198:	20002573 	.word	0x20002573

1000519c <resetd_xfer_cb>:
1000519c:	2001      	movs	r0, #1
1000519e:	4770      	bx	lr

100051a0 <resetd_control_xfer_cb>:
100051a0:	b510      	push	{r4, lr}
100051a2:	2901      	cmp	r1, #1
100051a4:	d113      	bne.n	100051ce <resetd_control_xfer_cb+0x2e>
100051a6:	4912      	ldr	r1, [pc, #72]	@ (100051f0 <resetd_control_xfer_cb+0x50>)
100051a8:	7953      	ldrb	r3, [r2, #5]
100051aa:	7910      	ldrb	r0, [r2, #4]
100051ac:	7809      	ldrb	r1, [r1, #0]
100051ae:	021b      	lsls	r3, r3, #8
100051b0:	4303      	orrs	r3, r0
100051b2:	2000      	movs	r0, #0
100051b4:	4299      	cmp	r1, r3
100051b6:	d000      	beq.n	100051ba <resetd_control_xfer_cb+0x1a>
100051b8:	bd10      	pop	{r4, pc}
100051ba:	7853      	ldrb	r3, [r2, #1]
100051bc:	2b01      	cmp	r3, #1
100051be:	d008      	beq.n	100051d2 <resetd_control_xfer_cb+0x32>
100051c0:	2b02      	cmp	r3, #2
100051c2:	d1f9      	bne.n	100051b8 <resetd_control_xfer_cb+0x18>
100051c4:	2264      	movs	r2, #100	@ 0x64
100051c6:	2100      	movs	r1, #0
100051c8:	2000      	movs	r0, #0
100051ca:	f7fc fe0f 	bl	10001dec <watchdog_reboot>
100051ce:	2001      	movs	r0, #1
100051d0:	e7f2      	b.n	100051b8 <resetd_control_xfer_cb+0x18>
100051d2:	78d3      	ldrb	r3, [r2, #3]
100051d4:	7891      	ldrb	r1, [r2, #2]
100051d6:	021b      	lsls	r3, r3, #8
100051d8:	4319      	orrs	r1, r3
100051da:	0a48      	lsrs	r0, r1, #9
100051dc:	05db      	lsls	r3, r3, #23
100051de:	d401      	bmi.n	100051e4 <resetd_control_xfer_cb+0x44>
100051e0:	2001      	movs	r0, #1
100051e2:	4240      	negs	r0, r0
100051e4:	237f      	movs	r3, #127	@ 0x7f
100051e6:	058a      	lsls	r2, r1, #22
100051e8:	0fd2      	lsrs	r2, r2, #31
100051ea:	4019      	ands	r1, r3
100051ec:	f7fc fe86 	bl	10001efc <rom_reset_usb_boot_extra>
100051f0:	20002573 	.word	0x20002573

100051f4 <tud_descriptor_bos_cb>:
100051f4:	4800      	ldr	r0, [pc, #0]	@ (100051f8 <tud_descriptor_bos_cb+0x4>)
100051f6:	4770      	bx	lr
100051f8:	10008ea0 	.word	0x10008ea0

100051fc <tud_vendor_control_xfer_cb>:
100051fc:	b570      	push	{r4, r5, r6, lr}
100051fe:	0005      	movs	r5, r0
10005200:	0014      	movs	r4, r2
10005202:	2001      	movs	r0, #1
10005204:	2901      	cmp	r1, #1
10005206:	d109      	bne.n	1000521c <tud_vendor_control_xfer_cb+0x20>
10005208:	7853      	ldrb	r3, [r2, #1]
1000520a:	2000      	movs	r0, #0
1000520c:	2b01      	cmp	r3, #1
1000520e:	d105      	bne.n	1000521c <tud_vendor_control_xfer_cb+0x20>
10005210:	7963      	ldrb	r3, [r4, #5]
10005212:	7912      	ldrb	r2, [r2, #4]
10005214:	021b      	lsls	r3, r3, #8
10005216:	4313      	orrs	r3, r2
10005218:	2b07      	cmp	r3, #7
1000521a:	d000      	beq.n	1000521e <tud_vendor_control_xfer_cb+0x22>
1000521c:	bd70      	pop	{r4, r5, r6, pc}
1000521e:	0021      	movs	r1, r4
10005220:	0028      	movs	r0, r5
10005222:	4a02      	ldr	r2, [pc, #8]	@ (1000522c <tud_vendor_control_xfer_cb+0x30>)
10005224:	339f      	adds	r3, #159	@ 0x9f
10005226:	f001 fa55 	bl	100066d4 <tud_control_xfer>
1000522a:	e7f7      	b.n	1000521c <tud_vendor_control_xfer_cb+0x20>
1000522c:	10008df8 	.word	0x10008df8

10005230 <usbd_app_driver_get_cb>:
10005230:	2301      	movs	r3, #1
10005232:	7003      	strb	r3, [r0, #0]
10005234:	4800      	ldr	r0, [pc, #0]	@ (10005238 <usbd_app_driver_get_cb+0x8>)
10005236:	4770      	bx	lr
10005238:	10008dd8 	.word	0x10008dd8

1000523c <tud_cdc_line_coding_cb>:
1000523c:	784b      	ldrb	r3, [r1, #1]
1000523e:	780a      	ldrb	r2, [r1, #0]
10005240:	021b      	lsls	r3, r3, #8
10005242:	4313      	orrs	r3, r2
10005244:	788a      	ldrb	r2, [r1, #2]
10005246:	b510      	push	{r4, lr}
10005248:	0412      	lsls	r2, r2, #16
1000524a:	431a      	orrs	r2, r3
1000524c:	78cb      	ldrb	r3, [r1, #3]
1000524e:	061b      	lsls	r3, r3, #24
10005250:	4313      	orrs	r3, r2
10005252:	2296      	movs	r2, #150	@ 0x96
10005254:	00d2      	lsls	r2, r2, #3
10005256:	4293      	cmp	r3, r2
10005258:	d000      	beq.n	1000525c <tud_cdc_line_coding_cb+0x20>
1000525a:	bd10      	pop	{r4, pc}
1000525c:	2200      	movs	r2, #0
1000525e:	2001      	movs	r0, #1
10005260:	0011      	movs	r1, r2
10005262:	4240      	negs	r0, r0
10005264:	f7fc fe4a 	bl	10001efc <rom_reset_usb_boot_extra>

10005268 <stdio_usb_set_chars_available_callback>:
10005268:	4b02      	ldr	r3, [pc, #8]	@ (10005274 <stdio_usb_set_chars_available_callback+0xc>)
1000526a:	6018      	str	r0, [r3, #0]
1000526c:	4b02      	ldr	r3, [pc, #8]	@ (10005278 <stdio_usb_set_chars_available_callback+0x10>)
1000526e:	6019      	str	r1, [r3, #0]
10005270:	4770      	bx	lr
10005272:	46c0      	nop			@ (mov r8, r8)
10005274:	20002074 	.word	0x20002074
10005278:	2000207c 	.word	0x2000207c

1000527c <usb_irq>:
1000527c:	b510      	push	{r4, lr}
1000527e:	4b02      	ldr	r3, [pc, #8]	@ (10005288 <usb_irq+0xc>)
10005280:	7818      	ldrb	r0, [r3, #0]
10005282:	f7fb fbf3 	bl	10000a6c <irq_set_pending>
10005286:	bd10      	pop	{r4, pc}
10005288:	20002574 	.word	0x20002574

1000528c <timer_task>:
1000528c:	4b15      	ldr	r3, [pc, #84]	@ (100052e4 <timer_task+0x58>)
1000528e:	b570      	push	{r4, r5, r6, lr}
10005290:	681a      	ldr	r2, [r3, #0]
10005292:	2a00      	cmp	r2, #0
10005294:	d022      	beq.n	100052dc <timer_task+0x50>
10005296:	f3ef 8110 	mrs	r1, PRIMASK
1000529a:	b672      	cpsid	i
1000529c:	6810      	ldr	r0, [r2, #0]
1000529e:	2800      	cmp	r0, #0
100052a0:	d0fc      	beq.n	1000529c <timer_task+0x10>
100052a2:	f3bf 8f5f 	dmb	sy
100052a6:	2000      	movs	r0, #0
100052a8:	4a0f      	ldr	r2, [pc, #60]	@ (100052e8 <timer_task+0x5c>)
100052aa:	6059      	str	r1, [r3, #4]
100052ac:	7010      	strb	r0, [r2, #0]
100052ae:	681b      	ldr	r3, [r3, #0]
100052b0:	f3bf 8f5f 	dmb	sy
100052b4:	6018      	str	r0, [r3, #0]
100052b6:	f381 8810 	msr	PRIMASK, r1
100052ba:	2400      	movs	r4, #0
100052bc:	2500      	movs	r5, #0
100052be:	4e0b      	ldr	r6, [pc, #44]	@ (100052ec <timer_task+0x60>)
100052c0:	7830      	ldrb	r0, [r6, #0]
100052c2:	f7fb fbc7 	bl	10000a54 <irq_is_enabled>
100052c6:	2800      	cmp	r0, #0
100052c8:	d104      	bne.n	100052d4 <timer_task+0x48>
100052ca:	2400      	movs	r4, #0
100052cc:	2500      	movs	r5, #0
100052ce:	0029      	movs	r1, r5
100052d0:	0020      	movs	r0, r4
100052d2:	bd70      	pop	{r4, r5, r6, pc}
100052d4:	7830      	ldrb	r0, [r6, #0]
100052d6:	f7fb fbc9 	bl	10000a6c <irq_set_pending>
100052da:	e7f8      	b.n	100052ce <timer_task+0x42>
100052dc:	24fa      	movs	r4, #250	@ 0xfa
100052de:	2500      	movs	r5, #0
100052e0:	00a4      	lsls	r4, r4, #2
100052e2:	e7ec      	b.n	100052be <timer_task+0x32>
100052e4:	20002518 	.word	0x20002518
100052e8:	20002576 	.word	0x20002576
100052ec:	20002574 	.word	0x20002574

100052f0 <stdio_usb_in_chars>:
100052f0:	b570      	push	{r4, r5, r6, lr}
100052f2:	0004      	movs	r4, r0
100052f4:	2000      	movs	r0, #0
100052f6:	000e      	movs	r6, r1
100052f8:	f001 fb0a 	bl	10006910 <tud_cdc_n_connected>
100052fc:	2800      	cmp	r0, #0
100052fe:	d034      	beq.n	1000536a <stdio_usb_in_chars+0x7a>
10005300:	2000      	movs	r0, #0
10005302:	f001 fb1b 	bl	1000693c <tud_cdc_n_available>
10005306:	2800      	cmp	r0, #0
10005308:	d02f      	beq.n	1000536a <stdio_usb_in_chars+0x7a>
1000530a:	f7fc fb4b 	bl	100019a4 <time_us_64>
1000530e:	2300      	movs	r3, #0
10005310:	4a17      	ldr	r2, [pc, #92]	@ (10005370 <stdio_usb_in_chars+0x80>)
10005312:	1812      	adds	r2, r2, r0
10005314:	414b      	adcs	r3, r1
10005316:	2b00      	cmp	r3, #0
10005318:	db16      	blt.n	10005348 <stdio_usb_in_chars+0x58>
1000531a:	4d16      	ldr	r5, [pc, #88]	@ (10005374 <stdio_usb_in_chars+0x84>)
1000531c:	0028      	movs	r0, r5
1000531e:	f003 fab7 	bl	10008890 <__mutex_try_enter_block_until_veneer>
10005322:	2800      	cmp	r0, #0
10005324:	d021      	beq.n	1000536a <stdio_usb_in_chars+0x7a>
10005326:	2000      	movs	r0, #0
10005328:	f001 faf2 	bl	10006910 <tud_cdc_n_connected>
1000532c:	2800      	cmp	r0, #0
1000532e:	d10f      	bne.n	10005350 <stdio_usb_in_chars+0x60>
10005330:	2001      	movs	r0, #1
10005332:	2100      	movs	r1, #0
10005334:	4240      	negs	r0, r0
10005336:	f000 fd01 	bl	10005d3c <tud_task_ext>
1000533a:	2403      	movs	r4, #3
1000533c:	4264      	negs	r4, r4
1000533e:	0028      	movs	r0, r5
10005340:	f003 fa76 	bl	10008830 <__mutex_exit_veneer>
10005344:	0020      	movs	r0, r4
10005346:	bd70      	pop	{r4, r5, r6, pc}
10005348:	2201      	movs	r2, #1
1000534a:	4b0b      	ldr	r3, [pc, #44]	@ (10005378 <stdio_usb_in_chars+0x88>)
1000534c:	4252      	negs	r2, r2
1000534e:	e7e4      	b.n	1000531a <stdio_usb_in_chars+0x2a>
10005350:	2000      	movs	r0, #0
10005352:	f001 faf3 	bl	1000693c <tud_cdc_n_available>
10005356:	2800      	cmp	r0, #0
10005358:	d0ea      	beq.n	10005330 <stdio_usb_in_chars+0x40>
1000535a:	0021      	movs	r1, r4
1000535c:	0032      	movs	r2, r6
1000535e:	2000      	movs	r0, #0
10005360:	f001 faf6 	bl	10006950 <tud_cdc_n_read>
10005364:	1e04      	subs	r4, r0, #0
10005366:	d1ea      	bne.n	1000533e <stdio_usb_in_chars+0x4e>
10005368:	e7e7      	b.n	1000533a <stdio_usb_in_chars+0x4a>
1000536a:	2403      	movs	r4, #3
1000536c:	4264      	negs	r4, r4
1000536e:	e7e9      	b.n	10005344 <stdio_usb_in_chars+0x54>
10005370:	000f4240 	.word	0x000f4240
10005374:	20002548 	.word	0x20002548
10005378:	7fffffff 	.word	0x7fffffff

1000537c <stdio_usb_out_flush>:
1000537c:	b510      	push	{r4, lr}
1000537e:	f7fc fb11 	bl	100019a4 <time_us_64>
10005382:	2300      	movs	r3, #0
10005384:	4a0d      	ldr	r2, [pc, #52]	@ (100053bc <stdio_usb_out_flush+0x40>)
10005386:	1812      	adds	r2, r2, r0
10005388:	414b      	adcs	r3, r1
1000538a:	2b00      	cmp	r3, #0
1000538c:	da02      	bge.n	10005394 <stdio_usb_out_flush+0x18>
1000538e:	2201      	movs	r2, #1
10005390:	4b0b      	ldr	r3, [pc, #44]	@ (100053c0 <stdio_usb_out_flush+0x44>)
10005392:	4252      	negs	r2, r2
10005394:	4c0b      	ldr	r4, [pc, #44]	@ (100053c4 <stdio_usb_out_flush+0x48>)
10005396:	0020      	movs	r0, r4
10005398:	f003 fa7a 	bl	10008890 <__mutex_try_enter_block_until_veneer>
1000539c:	2800      	cmp	r0, #0
1000539e:	d00c      	beq.n	100053ba <stdio_usb_out_flush+0x3e>
100053a0:	2001      	movs	r0, #1
100053a2:	2100      	movs	r1, #0
100053a4:	4240      	negs	r0, r0
100053a6:	f000 fcc9 	bl	10005d3c <tud_task_ext>
100053aa:	2000      	movs	r0, #0
100053ac:	f001 fb14 	bl	100069d8 <tud_cdc_n_write_flush>
100053b0:	2800      	cmp	r0, #0
100053b2:	d1f5      	bne.n	100053a0 <stdio_usb_out_flush+0x24>
100053b4:	0020      	movs	r0, r4
100053b6:	f003 fa3b 	bl	10008830 <__mutex_exit_veneer>
100053ba:	bd10      	pop	{r4, pc}
100053bc:	000f4240 	.word	0x000f4240
100053c0:	7fffffff 	.word	0x7fffffff
100053c4:	20002548 	.word	0x20002548

100053c8 <stdio_usb_out_chars>:
100053c8:	b5f8      	push	{r3, r4, r5, r6, r7, lr}
100053ca:	46de      	mov	lr, fp
100053cc:	4657      	mov	r7, sl
100053ce:	b580      	push	{r7, lr}
100053d0:	0005      	movs	r5, r0
100053d2:	000c      	movs	r4, r1
100053d4:	f7fc fae6 	bl	100019a4 <time_us_64>
100053d8:	2300      	movs	r3, #0
100053da:	4a36      	ldr	r2, [pc, #216]	@ (100054b4 <stdio_usb_out_chars+0xec>)
100053dc:	1812      	adds	r2, r2, r0
100053de:	414b      	adcs	r3, r1
100053e0:	2b00      	cmp	r3, #0
100053e2:	da02      	bge.n	100053ea <stdio_usb_out_chars+0x22>
100053e4:	2201      	movs	r2, #1
100053e6:	4b34      	ldr	r3, [pc, #208]	@ (100054b8 <stdio_usb_out_chars+0xf0>)
100053e8:	4252      	negs	r2, r2
100053ea:	4934      	ldr	r1, [pc, #208]	@ (100054bc <stdio_usb_out_chars+0xf4>)
100053ec:	0008      	movs	r0, r1
100053ee:	468a      	mov	sl, r1
100053f0:	f003 fa4e 	bl	10008890 <__mutex_try_enter_block_until_veneer>
100053f4:	2800      	cmp	r0, #0
100053f6:	d103      	bne.n	10005400 <stdio_usb_out_chars+0x38>
100053f8:	bcc0      	pop	{r6, r7}
100053fa:	46bb      	mov	fp, r7
100053fc:	46b2      	mov	sl, r6
100053fe:	bdf8      	pop	{r3, r4, r5, r6, r7, pc}
10005400:	2000      	movs	r0, #0
10005402:	f001 fa85 	bl	10006910 <tud_cdc_n_connected>
10005406:	2800      	cmp	r0, #0
10005408:	d04a      	beq.n	100054a0 <stdio_usb_out_chars+0xd8>
1000540a:	2600      	movs	r6, #0
1000540c:	2c00      	cmp	r4, #0
1000540e:	dd43      	ble.n	10005498 <stdio_usb_out_chars+0xd0>
10005410:	4b2b      	ldr	r3, [pc, #172]	@ (100054c0 <stdio_usb_out_chars+0xf8>)
10005412:	469b      	mov	fp, r3
10005414:	e014      	b.n	10005440 <stdio_usb_out_chars+0x78>
10005416:	19a9      	adds	r1, r5, r6
10005418:	2000      	movs	r0, #0
1000541a:	f001 fb17 	bl	10006a4c <tud_cdc_n_write>
1000541e:	0007      	movs	r7, r0
10005420:	2001      	movs	r0, #1
10005422:	2100      	movs	r1, #0
10005424:	4240      	negs	r0, r0
10005426:	f000 fc89 	bl	10005d3c <tud_task_ext>
1000542a:	2000      	movs	r0, #0
1000542c:	f001 fad4 	bl	100069d8 <tud_cdc_n_write_flush>
10005430:	f7fc fab8 	bl	100019a4 <time_us_64>
10005434:	4b22      	ldr	r3, [pc, #136]	@ (100054c0 <stdio_usb_out_chars+0xf8>)
10005436:	19f6      	adds	r6, r6, r7
10005438:	6018      	str	r0, [r3, #0]
1000543a:	6059      	str	r1, [r3, #4]
1000543c:	42b4      	cmp	r4, r6
1000543e:	dd2b      	ble.n	10005498 <stdio_usb_out_chars+0xd0>
10005440:	2000      	movs	r0, #0
10005442:	f001 fb23 	bl	10006a8c <tud_cdc_n_write_available>
10005446:	1ba7      	subs	r7, r4, r6
10005448:	0002      	movs	r2, r0
1000544a:	42b8      	cmp	r0, r7
1000544c:	dd00      	ble.n	10005450 <stdio_usb_out_chars+0x88>
1000544e:	003a      	movs	r2, r7
10005450:	2a00      	cmp	r2, #0
10005452:	d1e0      	bne.n	10005416 <stdio_usb_out_chars+0x4e>
10005454:	2001      	movs	r0, #1
10005456:	2100      	movs	r1, #0
10005458:	4240      	negs	r0, r0
1000545a:	f000 fc6f 	bl	10005d3c <tud_task_ext>
1000545e:	2000      	movs	r0, #0
10005460:	f001 faba 	bl	100069d8 <tud_cdc_n_write_flush>
10005464:	2000      	movs	r0, #0
10005466:	f001 fa53 	bl	10006910 <tud_cdc_n_connected>
1000546a:	2800      	cmp	r0, #0
1000546c:	d014      	beq.n	10005498 <stdio_usb_out_chars+0xd0>
1000546e:	2000      	movs	r0, #0
10005470:	f001 fb0c 	bl	10006a8c <tud_cdc_n_write_available>
10005474:	2800      	cmp	r0, #0
10005476:	d1e1      	bne.n	1000543c <stdio_usb_out_chars+0x74>
10005478:	f7fc fa94 	bl	100019a4 <time_us_64>
1000547c:	465b      	mov	r3, fp
1000547e:	000f      	movs	r7, r1
10005480:	681a      	ldr	r2, [r3, #0]
10005482:	685b      	ldr	r3, [r3, #4]
10005484:	2100      	movs	r1, #0
10005486:	4684      	mov	ip, r0
10005488:	480e      	ldr	r0, [pc, #56]	@ (100054c4 <stdio_usb_out_chars+0xfc>)
1000548a:	1812      	adds	r2, r2, r0
1000548c:	414b      	adcs	r3, r1
1000548e:	429f      	cmp	r7, r3
10005490:	d802      	bhi.n	10005498 <stdio_usb_out_chars+0xd0>
10005492:	d1d3      	bne.n	1000543c <stdio_usb_out_chars+0x74>
10005494:	4594      	cmp	ip, r2
10005496:	d9d1      	bls.n	1000543c <stdio_usb_out_chars+0x74>
10005498:	4650      	mov	r0, sl
1000549a:	f003 f9c9 	bl	10008830 <__mutex_exit_veneer>
1000549e:	e7ab      	b.n	100053f8 <stdio_usb_out_chars+0x30>
100054a0:	2000      	movs	r0, #0
100054a2:	2100      	movs	r1, #0
100054a4:	4b06      	ldr	r3, [pc, #24]	@ (100054c0 <stdio_usb_out_chars+0xf8>)
100054a6:	6018      	str	r0, [r3, #0]
100054a8:	6059      	str	r1, [r3, #4]
100054aa:	4650      	mov	r0, sl
100054ac:	f003 f9c0 	bl	10008830 <__mutex_exit_veneer>
100054b0:	e7a2      	b.n	100053f8 <stdio_usb_out_chars+0x30>
100054b2:	46c0      	nop			@ (mov r8, r8)
100054b4:	000f4240 	.word	0x000f4240
100054b8:	7fffffff 	.word	0x7fffffff
100054bc:	20002548 	.word	0x20002548
100054c0:	200012a8 	.word	0x200012a8
100054c4:	0007a120 	.word	0x0007a120

100054c8 <low_priority_worker_irq>:
100054c8:	b530      	push	{r4, r5, lr}
100054ca:	4c2a      	ldr	r4, [pc, #168]	@ (10005574 <low_priority_worker_irq+0xac>)
100054cc:	b085      	sub	sp, #20
100054ce:	2100      	movs	r1, #0
100054d0:	0020      	movs	r0, r4
100054d2:	f003 f9c5 	bl	10008860 <__mutex_try_enter_veneer>
100054d6:	2800      	cmp	r0, #0
100054d8:	d11c      	bne.n	10005514 <low_priority_worker_irq+0x4c>
100054da:	4b27      	ldr	r3, [pc, #156]	@ (10005578 <low_priority_worker_irq+0xb0>)
100054dc:	681a      	ldr	r2, [r3, #0]
100054de:	2a00      	cmp	r2, #0
100054e0:	d016      	beq.n	10005510 <low_priority_worker_irq+0x48>
100054e2:	f3ef 8110 	mrs	r1, PRIMASK
100054e6:	b672      	cpsid	i
100054e8:	6810      	ldr	r0, [r2, #0]
100054ea:	2800      	cmp	r0, #0
100054ec:	d0fc      	beq.n	100054e8 <low_priority_worker_irq+0x20>
100054ee:	f3bf 8f5f 	dmb	sy
100054f2:	2401      	movs	r4, #1
100054f4:	4821      	ldr	r0, [pc, #132]	@ (1000557c <low_priority_worker_irq+0xb4>)
100054f6:	6059      	str	r1, [r3, #4]
100054f8:	7802      	ldrb	r2, [r0, #0]
100054fa:	681b      	ldr	r3, [r3, #0]
100054fc:	b2d2      	uxtb	r2, r2
100054fe:	7004      	strb	r4, [r0, #0]
10005500:	f3bf 8f5f 	dmb	sy
10005504:	2000      	movs	r0, #0
10005506:	6018      	str	r0, [r3, #0]
10005508:	f381 8810 	msr	PRIMASK, r1
1000550c:	2a00      	cmp	r2, #0
1000550e:	d017      	beq.n	10005540 <low_priority_worker_irq+0x78>
10005510:	b005      	add	sp, #20
10005512:	bd30      	pop	{r4, r5, pc}
10005514:	2001      	movs	r0, #1
10005516:	2100      	movs	r1, #0
10005518:	4240      	negs	r0, r0
1000551a:	f000 fc0f 	bl	10005d3c <tud_task_ext>
1000551e:	2000      	movs	r0, #0
10005520:	f001 fa0c 	bl	1000693c <tud_cdc_n_available>
10005524:	0005      	movs	r5, r0
10005526:	0020      	movs	r0, r4
10005528:	f003 f982 	bl	10008830 <__mutex_exit_veneer>
1000552c:	2d00      	cmp	r5, #0
1000552e:	d0ef      	beq.n	10005510 <low_priority_worker_irq+0x48>
10005530:	4b13      	ldr	r3, [pc, #76]	@ (10005580 <low_priority_worker_irq+0xb8>)
10005532:	681b      	ldr	r3, [r3, #0]
10005534:	2b00      	cmp	r3, #0
10005536:	d0eb      	beq.n	10005510 <low_priority_worker_irq+0x48>
10005538:	4a12      	ldr	r2, [pc, #72]	@ (10005584 <low_priority_worker_irq+0xbc>)
1000553a:	6810      	ldr	r0, [r2, #0]
1000553c:	4798      	blx	r3
1000553e:	e7e7      	b.n	10005510 <low_priority_worker_irq+0x48>
10005540:	f7fb ff88 	bl	10001454 <alarm_pool_get_default>
10005544:	0004      	movs	r4, r0
10005546:	f7fc fa2d 	bl	100019a4 <time_us_64>
1000554a:	22fa      	movs	r2, #250	@ 0xfa
1000554c:	2300      	movs	r3, #0
1000554e:	0092      	lsls	r2, r2, #2
10005550:	1812      	adds	r2, r2, r0
10005552:	414b      	adcs	r3, r1
10005554:	2b00      	cmp	r3, #0
10005556:	da02      	bge.n	1000555e <low_priority_worker_irq+0x96>
10005558:	2201      	movs	r2, #1
1000555a:	4b0b      	ldr	r3, [pc, #44]	@ (10005588 <low_priority_worker_irq+0xc0>)
1000555c:	4252      	negs	r2, r2
1000555e:	2101      	movs	r1, #1
10005560:	9102      	str	r1, [sp, #8]
10005562:	2100      	movs	r1, #0
10005564:	9101      	str	r1, [sp, #4]
10005566:	4909      	ldr	r1, [pc, #36]	@ (1000558c <low_priority_worker_irq+0xc4>)
10005568:	0020      	movs	r0, r4
1000556a:	9100      	str	r1, [sp, #0]
1000556c:	f7fb ff76 	bl	1000145c <alarm_pool_add_alarm_at>
10005570:	e7ce      	b.n	10005510 <low_priority_worker_irq+0x48>
10005572:	46c0      	nop			@ (mov r8, r8)
10005574:	20002548 	.word	0x20002548
10005578:	20002518 	.word	0x20002518
1000557c:	20002576 	.word	0x20002576
10005580:	20002074 	.word	0x20002074
10005584:	2000207c 	.word	0x2000207c
10005588:	7fffffff 	.word	0x7fffffff
1000558c:	1000528d 	.word	0x1000528d

10005590 <stdio_usb_init>:
10005590:	23d0      	movs	r3, #208	@ 0xd0
10005592:	b510      	push	{r4, lr}
10005594:	061b      	lsls	r3, r3, #24
10005596:	b084      	sub	sp, #16
10005598:	681c      	ldr	r4, [r3, #0]
1000559a:	f7fb ff5b 	bl	10001454 <alarm_pool_get_default>
1000559e:	f7fc f857 	bl	10001650 <alarm_pool_core_num>
100055a2:	42a0      	cmp	r0, r4
100055a4:	d002      	beq.n	100055ac <stdio_usb_init+0x1c>
100055a6:	2000      	movs	r0, #0
100055a8:	b004      	add	sp, #16
100055aa:	bd10      	pop	{r4, pc}
100055ac:	4b29      	ldr	r3, [pc, #164]	@ (10005654 <stdio_usb_init+0xc4>)
100055ae:	2100      	movs	r1, #0
100055b0:	2000      	movs	r0, #0
100055b2:	781b      	ldrb	r3, [r3, #0]
100055b4:	f001 fd5e 	bl	10007074 <tusb_rhport_init>
100055b8:	4827      	ldr	r0, [pc, #156]	@ (10005658 <stdio_usb_init+0xc8>)
100055ba:	6803      	ldr	r3, [r0, #0]
100055bc:	2b00      	cmp	r3, #0
100055be:	d045      	beq.n	1000564c <stdio_usb_init+0xbc>
100055c0:	2001      	movs	r0, #1
100055c2:	f7fb fcd5 	bl	10000f70 <user_irq_claim_unused>
100055c6:	23ff      	movs	r3, #255	@ 0xff
100055c8:	4c24      	ldr	r4, [pc, #144]	@ (1000565c <stdio_usb_init+0xcc>)
100055ca:	4925      	ldr	r1, [pc, #148]	@ (10005660 <stdio_usb_init+0xd0>)
100055cc:	7020      	strb	r0, [r4, #0]
100055ce:	4018      	ands	r0, r3
100055d0:	f7fb fa66 	bl	10000aa0 <irq_set_exclusive_handler>
100055d4:	7820      	ldrb	r0, [r4, #0]
100055d6:	2101      	movs	r1, #1
100055d8:	f7fb fa2a 	bl	10000a30 <irq_set_enabled>
100055dc:	2005      	movs	r0, #5
100055de:	f7fb fa4d 	bl	10000a7c <irq_has_shared_handler>
100055e2:	2800      	cmp	r0, #0
100055e4:	d124      	bne.n	10005630 <stdio_usb_init+0xa0>
100055e6:	2208      	movs	r2, #8
100055e8:	2100      	movs	r1, #0
100055ea:	481e      	ldr	r0, [pc, #120]	@ (10005664 <stdio_usb_init+0xd4>)
100055ec:	f7fd fe18 	bl	10003220 <__wrap_memset>
100055f0:	f7fb ff30 	bl	10001454 <alarm_pool_get_default>
100055f4:	0004      	movs	r4, r0
100055f6:	f7fc f9d5 	bl	100019a4 <time_us_64>
100055fa:	22fa      	movs	r2, #250	@ 0xfa
100055fc:	2300      	movs	r3, #0
100055fe:	0092      	lsls	r2, r2, #2
10005600:	1812      	adds	r2, r2, r0
10005602:	414b      	adcs	r3, r1
10005604:	2b00      	cmp	r3, #0
10005606:	da02      	bge.n	1000560e <stdio_usb_init+0x7e>
10005608:	2201      	movs	r2, #1
1000560a:	4b17      	ldr	r3, [pc, #92]	@ (10005668 <stdio_usb_init+0xd8>)
1000560c:	4252      	negs	r2, r2
1000560e:	2101      	movs	r1, #1
10005610:	9102      	str	r1, [sp, #8]
10005612:	2100      	movs	r1, #0
10005614:	9101      	str	r1, [sp, #4]
10005616:	4915      	ldr	r1, [pc, #84]	@ (1000566c <stdio_usb_init+0xdc>)
10005618:	0020      	movs	r0, r4
1000561a:	9100      	str	r1, [sp, #0]
1000561c:	f7fb ff1e 	bl	1000145c <alarm_pool_add_alarm_at>
10005620:	2800      	cmp	r0, #0
10005622:	dbc0      	blt.n	100055a6 <stdio_usb_init+0x16>
10005624:	4812      	ldr	r0, [pc, #72]	@ (10005670 <stdio_usb_init+0xe0>)
10005626:	2101      	movs	r1, #1
10005628:	f7ff fbac 	bl	10004d84 <stdio_set_driver_enabled>
1000562c:	2001      	movs	r0, #1
1000562e:	e7bb      	b.n	100055a8 <stdio_usb_init+0x18>
10005630:	2001      	movs	r0, #1
10005632:	f7fb f9cb 	bl	100009cc <spin_lock_claim_unused>
10005636:	4b0b      	ldr	r3, [pc, #44]	@ (10005664 <stdio_usb_init+0xd4>)
10005638:	0001      	movs	r1, r0
1000563a:	0018      	movs	r0, r3
1000563c:	f7fb fcfa 	bl	10001034 <critical_section_init_with_lock_num>
10005640:	2200      	movs	r2, #0
10005642:	2005      	movs	r0, #5
10005644:	490b      	ldr	r1, [pc, #44]	@ (10005674 <stdio_usb_init+0xe4>)
10005646:	f7fb fa55 	bl	10000af4 <irq_add_shared_handler>
1000564a:	e7eb      	b.n	10005624 <stdio_usb_init+0x94>
1000564c:	f7fb fcd6 	bl	10000ffc <mutex_init>
10005650:	e7b6      	b.n	100055c0 <stdio_usb_init+0x30>
10005652:	46c0      	nop			@ (mov r8, r8)
10005654:	10009214 	.word	0x10009214
10005658:	20002548 	.word	0x20002548
1000565c:	20002574 	.word	0x20002574
10005660:	100054c9 	.word	0x100054c9
10005664:	20002518 	.word	0x20002518
10005668:	7fffffff 	.word	0x7fffffff
1000566c:	1000528d 	.word	0x1000528d
10005670:	200010d8 	.word	0x200010d8
10005674:	1000527d 	.word	0x1000527d

10005678 <tud_descriptor_device_cb>:
10005678:	4800      	ldr	r0, [pc, #0]	@ (1000567c <tud_descriptor_device_cb+0x4>)
1000567a:	4770      	bx	lr
1000567c:	10008f3c 	.word	0x10008f3c

10005680 <tud_descriptor_configuration_cb>:
10005680:	4800      	ldr	r0, [pc, #0]	@ (10005684 <tud_descriptor_configuration_cb+0x4>)
10005682:	4770      	bx	lr
10005684:	10008ee8 	.word	0x10008ee8

10005688 <tud_descriptor_string_cb>:
10005688:	b510      	push	{r4, lr}
1000568a:	0004      	movs	r4, r0
1000568c:	4817      	ldr	r0, [pc, #92]	@ (100056ec <tud_descriptor_string_cb+0x64>)
1000568e:	7803      	ldrb	r3, [r0, #0]
10005690:	2b00      	cmp	r3, #0
10005692:	d020      	beq.n	100056d6 <tud_descriptor_string_cb+0x4e>
10005694:	2c00      	cmp	r4, #0
10005696:	d106      	bne.n	100056a6 <tud_descriptor_string_cb+0x1e>
10005698:	4b15      	ldr	r3, [pc, #84]	@ (100056f0 <tud_descriptor_string_cb+0x68>)
1000569a:	4816      	ldr	r0, [pc, #88]	@ (100056f4 <tud_descriptor_string_cb+0x6c>)
1000569c:	8043      	strh	r3, [r0, #2]
1000569e:	3b06      	subs	r3, #6
100056a0:	3bff      	subs	r3, #255	@ 0xff
100056a2:	8003      	strh	r3, [r0, #0]
100056a4:	bd10      	pop	{r4, pc}
100056a6:	2c05      	cmp	r4, #5
100056a8:	d81d      	bhi.n	100056e6 <tud_descriptor_string_cb+0x5e>
100056aa:	4b13      	ldr	r3, [pc, #76]	@ (100056f8 <tud_descriptor_string_cb+0x70>)
100056ac:	00a4      	lsls	r4, r4, #2
100056ae:	58e0      	ldr	r0, [r4, r3]
100056b0:	4912      	ldr	r1, [pc, #72]	@ (100056fc <tud_descriptor_string_cb+0x74>)
100056b2:	2301      	movs	r3, #1
100056b4:	3801      	subs	r0, #1
100056b6:	e004      	b.n	100056c2 <tud_descriptor_string_cb+0x3a>
100056b8:	3301      	adds	r3, #1
100056ba:	800a      	strh	r2, [r1, #0]
100056bc:	3102      	adds	r1, #2
100056be:	2b14      	cmp	r3, #20
100056c0:	d00d      	beq.n	100056de <tud_descriptor_string_cb+0x56>
100056c2:	5cc2      	ldrb	r2, [r0, r3]
100056c4:	2a00      	cmp	r2, #0
100056c6:	d1f7      	bne.n	100056b8 <tud_descriptor_string_cb+0x30>
100056c8:	22c0      	movs	r2, #192	@ 0xc0
100056ca:	b2db      	uxtb	r3, r3
100056cc:	005b      	lsls	r3, r3, #1
100056ce:	0092      	lsls	r2, r2, #2
100056d0:	4808      	ldr	r0, [pc, #32]	@ (100056f4 <tud_descriptor_string_cb+0x6c>)
100056d2:	4313      	orrs	r3, r2
100056d4:	e7e5      	b.n	100056a2 <tud_descriptor_string_cb+0x1a>
100056d6:	2111      	movs	r1, #17
100056d8:	f000 f81a 	bl	10005710 <pico_get_unique_board_id_string>
100056dc:	e7da      	b.n	10005694 <tud_descriptor_string_cb+0xc>
100056de:	23ca      	movs	r3, #202	@ 0xca
100056e0:	4804      	ldr	r0, [pc, #16]	@ (100056f4 <tud_descriptor_string_cb+0x6c>)
100056e2:	009b      	lsls	r3, r3, #2
100056e4:	e7dd      	b.n	100056a2 <tud_descriptor_string_cb+0x1a>
100056e6:	2000      	movs	r0, #0
100056e8:	e7dc      	b.n	100056a4 <tud_descriptor_string_cb+0x1c>
100056ea:	46c0      	nop			@ (mov r8, r8)
100056ec:	20002558 	.word	0x20002558
100056f0:	00000409 	.word	0x00000409
100056f4:	200020b0 	.word	0x200020b0
100056f8:	10008ed0 	.word	0x10008ed0
100056fc:	200020b2 	.word	0x200020b2

10005700 <_retrieve_unique_id_on_boot>:
10005700:	b510      	push	{r4, lr}
10005702:	4802      	ldr	r0, [pc, #8]	@ (1000570c <_retrieve_unique_id_on_boot+0xc>)
10005704:	f000 f8d8 	bl	100058b8 <flash_get_unique_id>
10005708:	bd10      	pop	{r4, pc}
1000570a:	46c0      	nop			@ (mov r8, r8)
1000570c:	20002538 	.word	0x20002538

10005710 <pico_get_unique_board_id_string>:
10005710:	b530      	push	{r4, r5, lr}
10005712:	1e4b      	subs	r3, r1, #1
10005714:	2901      	cmp	r1, #1
10005716:	d100      	bne.n	1000571a <pico_get_unique_board_id_string+0xa>
10005718:	e0a7      	b.n	1000586a <pico_get_unique_board_id_string+0x15a>
1000571a:	4a66      	ldr	r2, [pc, #408]	@ (100058b4 <pico_get_unique_board_id_string+0x1a4>)
1000571c:	7811      	ldrb	r1, [r2, #0]
1000571e:	090d      	lsrs	r5, r1, #4
10005720:	002c      	movs	r4, r5
10005722:	3430      	adds	r4, #48	@ 0x30
10005724:	299f      	cmp	r1, #159	@ 0x9f
10005726:	d900      	bls.n	1000572a <pico_get_unique_board_id_string+0x1a>
10005728:	e0a2      	b.n	10005870 <pico_get_unique_board_id_string+0x160>
1000572a:	7004      	strb	r4, [r0, #0]
1000572c:	2b01      	cmp	r3, #1
1000572e:	d100      	bne.n	10005732 <pico_get_unique_board_id_string+0x22>
10005730:	e0be      	b.n	100058b0 <pico_get_unique_board_id_string+0x1a0>
10005732:	210f      	movs	r1, #15
10005734:	7814      	ldrb	r4, [r2, #0]
10005736:	4021      	ands	r1, r4
10005738:	000c      	movs	r4, r1
1000573a:	3430      	adds	r4, #48	@ 0x30
1000573c:	2909      	cmp	r1, #9
1000573e:	d900      	bls.n	10005742 <pico_get_unique_board_id_string+0x32>
10005740:	e098      	b.n	10005874 <pico_get_unique_board_id_string+0x164>
10005742:	7044      	strb	r4, [r0, #1]
10005744:	2b02      	cmp	r3, #2
10005746:	d100      	bne.n	1000574a <pico_get_unique_board_id_string+0x3a>
10005748:	e0b2      	b.n	100058b0 <pico_get_unique_board_id_string+0x1a0>
1000574a:	7854      	ldrb	r4, [r2, #1]
1000574c:	0925      	lsrs	r5, r4, #4
1000574e:	0029      	movs	r1, r5
10005750:	3130      	adds	r1, #48	@ 0x30
10005752:	2c9f      	cmp	r4, #159	@ 0x9f
10005754:	d900      	bls.n	10005758 <pico_get_unique_board_id_string+0x48>
10005756:	e090      	b.n	1000587a <pico_get_unique_board_id_string+0x16a>
10005758:	7081      	strb	r1, [r0, #2]
1000575a:	2b03      	cmp	r3, #3
1000575c:	d100      	bne.n	10005760 <pico_get_unique_board_id_string+0x50>
1000575e:	e0a7      	b.n	100058b0 <pico_get_unique_board_id_string+0x1a0>
10005760:	210f      	movs	r1, #15
10005762:	4021      	ands	r1, r4
10005764:	000c      	movs	r4, r1
10005766:	3430      	adds	r4, #48	@ 0x30
10005768:	2909      	cmp	r1, #9
1000576a:	d900      	bls.n	1000576e <pico_get_unique_board_id_string+0x5e>
1000576c:	e087      	b.n	1000587e <pico_get_unique_board_id_string+0x16e>
1000576e:	70c4      	strb	r4, [r0, #3]
10005770:	2b04      	cmp	r3, #4
10005772:	d100      	bne.n	10005776 <pico_get_unique_board_id_string+0x66>
10005774:	e09c      	b.n	100058b0 <pico_get_unique_board_id_string+0x1a0>
10005776:	7894      	ldrb	r4, [r2, #2]
10005778:	0925      	lsrs	r5, r4, #4
1000577a:	0029      	movs	r1, r5
1000577c:	3130      	adds	r1, #48	@ 0x30
1000577e:	2c9f      	cmp	r4, #159	@ 0x9f
10005780:	d900      	bls.n	10005784 <pico_get_unique_board_id_string+0x74>
10005782:	e07f      	b.n	10005884 <pico_get_unique_board_id_string+0x174>
10005784:	7101      	strb	r1, [r0, #4]
10005786:	2b05      	cmp	r3, #5
10005788:	d100      	bne.n	1000578c <pico_get_unique_board_id_string+0x7c>
1000578a:	e091      	b.n	100058b0 <pico_get_unique_board_id_string+0x1a0>
1000578c:	210f      	movs	r1, #15
1000578e:	4021      	ands	r1, r4
10005790:	000c      	movs	r4, r1
10005792:	3430      	adds	r4, #48	@ 0x30
10005794:	2909      	cmp	r1, #9
10005796:	d900      	bls.n	1000579a <pico_get_unique_board_id_string+0x8a>
10005798:	e076      	b.n	10005888 <pico_get_unique_board_id_string+0x178>
1000579a:	7144      	strb	r4, [r0, #5]
1000579c:	2b06      	cmp	r3, #6
1000579e:	d100      	bne.n	100057a2 <pico_get_unique_board_id_string+0x92>
100057a0:	e086      	b.n	100058b0 <pico_get_unique_board_id_string+0x1a0>
100057a2:	78d4      	ldrb	r4, [r2, #3]
100057a4:	0925      	lsrs	r5, r4, #4
100057a6:	0029      	movs	r1, r5
100057a8:	3130      	adds	r1, #48	@ 0x30
100057aa:	2c9f      	cmp	r4, #159	@ 0x9f
100057ac:	d900      	bls.n	100057b0 <pico_get_unique_board_id_string+0xa0>
100057ae:	e06e      	b.n	1000588e <pico_get_unique_board_id_string+0x17e>
100057b0:	7181      	strb	r1, [r0, #6]
100057b2:	2b07      	cmp	r3, #7
100057b4:	d100      	bne.n	100057b8 <pico_get_unique_board_id_string+0xa8>
100057b6:	e07b      	b.n	100058b0 <pico_get_unique_board_id_string+0x1a0>
100057b8:	210f      	movs	r1, #15
100057ba:	4021      	ands	r1, r4
100057bc:	000c      	movs	r4, r1
100057be:	3430      	adds	r4, #48	@ 0x30
100057c0:	2909      	cmp	r1, #9
100057c2:	d866      	bhi.n	10005892 <pico_get_unique_board_id_string+0x182>
100057c4:	71c4      	strb	r4, [r0, #7]
100057c6:	2b08      	cmp	r3, #8
100057c8:	d100      	bne.n	100057cc <pico_get_unique_board_id_string+0xbc>
100057ca:	e071      	b.n	100058b0 <pico_get_unique_board_id_string+0x1a0>
100057cc:	7914      	ldrb	r4, [r2, #4]
100057ce:	0925      	lsrs	r5, r4, #4
100057d0:	0029      	movs	r1, r5
100057d2:	3130      	adds	r1, #48	@ 0x30
100057d4:	2c9f      	cmp	r4, #159	@ 0x9f
100057d6:	d85f      	bhi.n	10005898 <pico_get_unique_board_id_string+0x188>
100057d8:	7201      	strb	r1, [r0, #8]
100057da:	2b09      	cmp	r3, #9
100057dc:	d068      	beq.n	100058b0 <pico_get_unique_board_id_string+0x1a0>
100057de:	210f      	movs	r1, #15
100057e0:	4021      	ands	r1, r4
100057e2:	000c      	movs	r4, r1
100057e4:	3430      	adds	r4, #48	@ 0x30
100057e6:	2909      	cmp	r1, #9
100057e8:	d858      	bhi.n	1000589c <pico_get_unique_board_id_string+0x18c>
100057ea:	7244      	strb	r4, [r0, #9]
100057ec:	2b0a      	cmp	r3, #10
100057ee:	d05f      	beq.n	100058b0 <pico_get_unique_board_id_string+0x1a0>
100057f0:	7954      	ldrb	r4, [r2, #5]
100057f2:	0925      	lsrs	r5, r4, #4
100057f4:	0029      	movs	r1, r5
100057f6:	3130      	adds	r1, #48	@ 0x30
100057f8:	2c9f      	cmp	r4, #159	@ 0x9f
100057fa:	d852      	bhi.n	100058a2 <pico_get_unique_board_id_string+0x192>
100057fc:	7281      	strb	r1, [r0, #10]
100057fe:	2b0b      	cmp	r3, #11
10005800:	d056      	beq.n	100058b0 <pico_get_unique_board_id_string+0x1a0>
10005802:	210f      	movs	r1, #15
10005804:	4021      	ands	r1, r4
10005806:	000c      	movs	r4, r1
10005808:	3430      	adds	r4, #48	@ 0x30
1000580a:	2909      	cmp	r1, #9
1000580c:	d84b      	bhi.n	100058a6 <pico_get_unique_board_id_string+0x196>
1000580e:	72c4      	strb	r4, [r0, #11]
10005810:	2b0c      	cmp	r3, #12
10005812:	d04d      	beq.n	100058b0 <pico_get_unique_board_id_string+0x1a0>
10005814:	7994      	ldrb	r4, [r2, #6]
10005816:	0925      	lsrs	r5, r4, #4
10005818:	0029      	movs	r1, r5
1000581a:	3130      	adds	r1, #48	@ 0x30
1000581c:	2c9f      	cmp	r4, #159	@ 0x9f
1000581e:	d900      	bls.n	10005822 <pico_get_unique_board_id_string+0x112>
10005820:	3107      	adds	r1, #7
10005822:	7301      	strb	r1, [r0, #12]
10005824:	2b0d      	cmp	r3, #13
10005826:	d043      	beq.n	100058b0 <pico_get_unique_board_id_string+0x1a0>
10005828:	210f      	movs	r1, #15
1000582a:	4021      	ands	r1, r4
1000582c:	000c      	movs	r4, r1
1000582e:	3430      	adds	r4, #48	@ 0x30
10005830:	2909      	cmp	r1, #9
10005832:	d901      	bls.n	10005838 <pico_get_unique_board_id_string+0x128>
10005834:	3137      	adds	r1, #55	@ 0x37
10005836:	000c      	movs	r4, r1
10005838:	7344      	strb	r4, [r0, #13]
1000583a:	2b0e      	cmp	r3, #14
1000583c:	d038      	beq.n	100058b0 <pico_get_unique_board_id_string+0x1a0>
1000583e:	79d1      	ldrb	r1, [r2, #7]
10005840:	090c      	lsrs	r4, r1, #4
10005842:	0022      	movs	r2, r4
10005844:	3230      	adds	r2, #48	@ 0x30
10005846:	299f      	cmp	r1, #159	@ 0x9f
10005848:	d900      	bls.n	1000584c <pico_get_unique_board_id_string+0x13c>
1000584a:	3207      	adds	r2, #7
1000584c:	7382      	strb	r2, [r0, #14]
1000584e:	2b0f      	cmp	r3, #15
10005850:	d02e      	beq.n	100058b0 <pico_get_unique_board_id_string+0x1a0>
10005852:	220f      	movs	r2, #15
10005854:	400a      	ands	r2, r1
10005856:	0011      	movs	r1, r2
10005858:	3137      	adds	r1, #55	@ 0x37
1000585a:	2a09      	cmp	r2, #9
1000585c:	d801      	bhi.n	10005862 <pico_get_unique_board_id_string+0x152>
1000585e:	3230      	adds	r2, #48	@ 0x30
10005860:	0011      	movs	r1, r2
10005862:	73c1      	strb	r1, [r0, #15]
10005864:	2b10      	cmp	r3, #16
10005866:	d023      	beq.n	100058b0 <pico_get_unique_board_id_string+0x1a0>
10005868:	3010      	adds	r0, #16
1000586a:	2300      	movs	r3, #0
1000586c:	7003      	strb	r3, [r0, #0]
1000586e:	bd30      	pop	{r4, r5, pc}
10005870:	3407      	adds	r4, #7
10005872:	e75a      	b.n	1000572a <pico_get_unique_board_id_string+0x1a>
10005874:	3137      	adds	r1, #55	@ 0x37
10005876:	000c      	movs	r4, r1
10005878:	e763      	b.n	10005742 <pico_get_unique_board_id_string+0x32>
1000587a:	3107      	adds	r1, #7
1000587c:	e76c      	b.n	10005758 <pico_get_unique_board_id_string+0x48>
1000587e:	3137      	adds	r1, #55	@ 0x37
10005880:	000c      	movs	r4, r1
10005882:	e774      	b.n	1000576e <pico_get_unique_board_id_string+0x5e>
10005884:	3107      	adds	r1, #7
10005886:	e77d      	b.n	10005784 <pico_get_unique_board_id_string+0x74>
10005888:	3137      	adds	r1, #55	@ 0x37
1000588a:	000c      	movs	r4, r1
1000588c:	e785      	b.n	1000579a <pico_get_unique_board_id_string+0x8a>
1000588e:	3107      	adds	r1, #7
10005890:	e78e      	b.n	100057b0 <pico_get_unique_board_id_string+0xa0>
10005892:	3137      	adds	r1, #55	@ 0x37
10005894:	000c      	movs	r4, r1
10005896:	e795      	b.n	100057c4 <pico_get_unique_board_id_string+0xb4>
10005898:	3107      	adds	r1, #7
1000589a:	e79d      	b.n	100057d8 <pico_get_unique_board_id_string+0xc8>
1000589c:	3137      	adds	r1, #55	@ 0x37
1000589e:	000c      	movs	r4, r1
100058a0:	e7a3      	b.n	100057ea <pico_get_unique_board_id_string+0xda>
100058a2:	3107      	adds	r1, #7
100058a4:	e7aa      	b.n	100057fc <pico_get_unique_board_id_string+0xec>
100058a6:	3137      	adds	r1, #55	@ 0x37
100058a8:	000c      	movs	r4, r1
100058aa:	72c4      	strb	r4, [r0, #11]
100058ac:	2b0c      	cmp	r3, #12
100058ae:	d1b1      	bne.n	10005814 <pico_get_unique_board_id_string+0x104>
100058b0:	18c0      	adds	r0, r0, r3
100058b2:	e7da      	b.n	1000586a <pico_get_unique_board_id_string+0x15a>
100058b4:	20002538 	.word	0x20002538

100058b8 <flash_get_unique_id>:
100058b8:	b510      	push	{r4, lr}
100058ba:	b088      	sub	sp, #32
100058bc:	0004      	movs	r4, r0
100058be:	220d      	movs	r2, #13
100058c0:	2100      	movs	r1, #0
100058c2:	4668      	mov	r0, sp
100058c4:	f7fd fcac 	bl	10003220 <__wrap_memset>
100058c8:	220d      	movs	r2, #13
100058ca:	2100      	movs	r1, #0
100058cc:	a804      	add	r0, sp, #16
100058ce:	f7fd fca7 	bl	10003220 <__wrap_memset>
100058d2:	234b      	movs	r3, #75	@ 0x4b
100058d4:	466a      	mov	r2, sp
100058d6:	4668      	mov	r0, sp
100058d8:	7013      	strb	r3, [r2, #0]
100058da:	a904      	add	r1, sp, #16
100058dc:	220d      	movs	r2, #13
100058de:	f002 ff9f 	bl	10008820 <__flash_do_cmd_veneer>
100058e2:	2115      	movs	r1, #21
100058e4:	2208      	movs	r2, #8
100058e6:	0020      	movs	r0, r4
100058e8:	4469      	add	r1, sp
100058ea:	f7fd fc9f 	bl	1000322c <__wrap___aeabi_memcpy>
100058ee:	b008      	add	sp, #32
100058f0:	bd10      	pop	{r4, pc}
100058f2:	46c0      	nop			@ (mov r8, r8)

100058f4 <dcd_init>:
100058f4:	b5f8      	push	{r3, r4, r5, r6, r7, lr}
100058f6:	f000 f947 	bl	10005b88 <rp2040_usb_init>
100058fa:	230c      	movs	r3, #12
100058fc:	4d19      	ldr	r5, [pc, #100]	@ (10005964 <dcd_init+0x70>)
100058fe:	22ff      	movs	r2, #255	@ 0xff
10005900:	67ab      	str	r3, [r5, #120]	@ 0x78
10005902:	2005      	movs	r0, #5
10005904:	4918      	ldr	r1, [pc, #96]	@ (10005968 <dcd_init+0x74>)
10005906:	f7fb f8f5 	bl	10000af4 <irq_add_shared_handler>
1000590a:	4c18      	ldr	r4, [pc, #96]	@ (1000596c <dcd_init+0x78>)
1000590c:	2240      	movs	r2, #64	@ 0x40
1000590e:	2100      	movs	r1, #0
10005910:	0020      	movs	r0, r4
10005912:	f7fd fc85 	bl	10003220 <__wrap_memset>
10005916:	2740      	movs	r7, #64	@ 0x40
10005918:	2300      	movs	r3, #0
1000591a:	2601      	movs	r6, #1
1000591c:	2121      	movs	r1, #33	@ 0x21
1000591e:	4a14      	ldr	r2, [pc, #80]	@ (10005970 <dcd_init+0x7c>)
10005920:	7066      	strb	r6, [r4, #1]
10005922:	8327      	strh	r7, [r4, #24]
10005924:	60a2      	str	r2, [r4, #8]
10005926:	6013      	str	r3, [r2, #0]
10005928:	5463      	strb	r3, [r4, r1]
1000592a:	315f      	adds	r1, #95	@ 0x5f
1000592c:	8461      	strh	r1, [r4, #34]	@ 0x22
1000592e:	3945      	subs	r1, #69	@ 0x45
10005930:	5463      	strb	r3, [r4, r1]
10005932:	4a10      	ldr	r2, [pc, #64]	@ (10005974 <dcd_init+0x80>)
10005934:	4910      	ldr	r1, [pc, #64]	@ (10005978 <dcd_init+0x84>)
10005936:	6063      	str	r3, [r4, #4]
10005938:	60e2      	str	r2, [r4, #12]
1000593a:	8727      	strh	r7, [r4, #56]	@ 0x38
1000593c:	62a1      	str	r1, [r4, #40]	@ 0x28
1000593e:	600b      	str	r3, [r1, #0]
10005940:	6263      	str	r3, [r4, #36]	@ 0x24
10005942:	62e2      	str	r2, [r4, #44]	@ 0x2c
10005944:	f002 ff64 	bl	10008810 <__reset_non_control_endpoints_veneer>
10005948:	2380      	movs	r3, #128	@ 0x80
1000594a:	059b      	lsls	r3, r3, #22
1000594c:	642e      	str	r6, [r5, #64]	@ 0x40
1000594e:	64eb      	str	r3, [r5, #76]	@ 0x4c
10005950:	2390      	movs	r3, #144	@ 0x90
10005952:	4a0a      	ldr	r2, [pc, #40]	@ (1000597c <dcd_init+0x88>)
10005954:	2001      	movs	r0, #1
10005956:	50ea      	str	r2, [r5, r3]
10005958:	2280      	movs	r2, #128	@ 0x80
1000595a:	4b09      	ldr	r3, [pc, #36]	@ (10005980 <dcd_init+0x8c>)
1000595c:	0252      	lsls	r2, r2, #9
1000595e:	64da      	str	r2, [r3, #76]	@ 0x4c
10005960:	bdf8      	pop	{r3, r4, r5, r6, r7, pc}
10005962:	46c0      	nop			@ (mov r8, r8)
10005964:	50110000 	.word	0x50110000
10005968:	200004f9 	.word	0x200004f9
1000596c:	200020e4 	.word	0x200020e4
10005970:	50100084 	.word	0x50100084
10005974:	50100100 	.word	0x50100100
10005978:	50100080 	.word	0x50100080
1000597c:	0001d010 	.word	0x0001d010
10005980:	50112000 	.word	0x50112000

10005984 <dcd_int_enable>:
10005984:	b510      	push	{r4, lr}
10005986:	2101      	movs	r1, #1
10005988:	2005      	movs	r0, #5
1000598a:	f7fb f851 	bl	10000a30 <irq_set_enabled>
1000598e:	bd10      	pop	{r4, pc}

10005990 <dcd_set_address>:
10005990:	b510      	push	{r4, lr}
10005992:	2200      	movs	r2, #0
10005994:	2100      	movs	r1, #0
10005996:	4802      	ldr	r0, [pc, #8]	@ (100059a0 <dcd_set_address+0x10>)
10005998:	f000 f916 	bl	10005bc8 <hw_endpoint_xfer_start>
1000599c:	bd10      	pop	{r4, pc}
1000599e:	46c0      	nop			@ (mov r8, r8)
100059a0:	20002104 	.word	0x20002104

100059a4 <dcd_sof_enable>:
100059a4:	4b04      	ldr	r3, [pc, #16]	@ (100059b8 <dcd_sof_enable+0x14>)
100059a6:	7019      	strb	r1, [r3, #0]
100059a8:	2900      	cmp	r1, #0
100059aa:	d004      	beq.n	100059b6 <dcd_sof_enable+0x12>
100059ac:	2180      	movs	r1, #128	@ 0x80
100059ae:	2390      	movs	r3, #144	@ 0x90
100059b0:	4a02      	ldr	r2, [pc, #8]	@ (100059bc <dcd_sof_enable+0x18>)
100059b2:	0289      	lsls	r1, r1, #10
100059b4:	50d1      	str	r1, [r2, r3]
100059b6:	4770      	bx	lr
100059b8:	2000256a 	.word	0x2000256a
100059bc:	50112000 	.word	0x50112000

100059c0 <dcd_edpt0_status_complete>:
100059c0:	780b      	ldrb	r3, [r1, #0]
100059c2:	065b      	lsls	r3, r3, #25
100059c4:	d102      	bne.n	100059cc <dcd_edpt0_status_complete+0xc>
100059c6:	784b      	ldrb	r3, [r1, #1]
100059c8:	2b05      	cmp	r3, #5
100059ca:	d000      	beq.n	100059ce <dcd_edpt0_status_complete+0xe>
100059cc:	4770      	bx	lr
100059ce:	788a      	ldrb	r2, [r1, #2]
100059d0:	4b01      	ldr	r3, [pc, #4]	@ (100059d8 <dcd_edpt0_status_complete+0x18>)
100059d2:	601a      	str	r2, [r3, #0]
100059d4:	e7fa      	b.n	100059cc <dcd_edpt0_status_complete+0xc>
100059d6:	46c0      	nop			@ (mov r8, r8)
100059d8:	50110000 	.word	0x50110000

100059dc <dcd_edpt_open>:
100059dc:	b5f0      	push	{r4, r5, r6, r7, lr}
100059de:	46c6      	mov	lr, r8
100059e0:	78c8      	ldrb	r0, [r1, #3]
100059e2:	b500      	push	{lr}
100059e4:	0780      	lsls	r0, r0, #30
100059e6:	0f83      	lsrs	r3, r0, #30
100059e8:	0018      	movs	r0, r3
100059ea:	2b01      	cmp	r3, #1
100059ec:	d060      	beq.n	10005ab0 <dcd_edpt_open+0xd4>
100059ee:	788f      	ldrb	r7, [r1, #2]
100059f0:	790a      	ldrb	r2, [r1, #4]
100059f2:	794b      	ldrb	r3, [r1, #5]
100059f4:	217f      	movs	r1, #127	@ 0x7f
100059f6:	4039      	ands	r1, r7
100059f8:	09fc      	lsrs	r4, r7, #7
100059fa:	021b      	lsls	r3, r3, #8
100059fc:	004e      	lsls	r6, r1, #1
100059fe:	4313      	orrs	r3, r2
10005a00:	4d33      	ldr	r5, [pc, #204]	@ (10005ad0 <dcd_edpt_open+0xf4>)
10005a02:	1932      	adds	r2, r6, r4
10005a04:	0152      	lsls	r2, r2, #5
10005a06:	18aa      	adds	r2, r5, r2
10005a08:	7097      	strb	r7, [r2, #2]
10005a0a:	2701      	movs	r7, #1
10005a0c:	4067      	eors	r7, r4
10005a0e:	7057      	strb	r7, [r2, #1]
10005a10:	2700      	movs	r7, #0
10005a12:	055b      	lsls	r3, r3, #21
10005a14:	0d5b      	lsrs	r3, r3, #21
10005a16:	70d7      	strb	r7, [r2, #3]
10005a18:	8313      	strh	r3, [r2, #24]
10005a1a:	76d0      	strb	r0, [r2, #27]
10005a1c:	46b8      	mov	r8, r7
10005a1e:	00ca      	lsls	r2, r1, #3
10005a20:	2c01      	cmp	r4, #1
10005a22:	d032      	beq.n	10005a8a <dcd_edpt_open+0xae>
10005a24:	4f2b      	ldr	r7, [pc, #172]	@ (10005ad4 <dcd_edpt_open+0xf8>)
10005a26:	46bc      	mov	ip, r7
10005a28:	018f      	lsls	r7, r1, #6
10005a2a:	4462      	add	r2, ip
10005a2c:	46bc      	mov	ip, r7
10005a2e:	44ac      	add	ip, r5
10005a30:	4667      	mov	r7, ip
10005a32:	60ba      	str	r2, [r7, #8]
10005a34:	4647      	mov	r7, r8
10005a36:	6017      	str	r7, [r2, #0]
10005a38:	2900      	cmp	r1, #0
10005a3a:	d032      	beq.n	10005aa2 <dcd_edpt_open+0xc6>
10005a3c:	4a26      	ldr	r2, [pc, #152]	@ (10005ad8 <dcd_edpt_open+0xfc>)
10005a3e:	00c9      	lsls	r1, r1, #3
10005a40:	4690      	mov	r8, r2
10005a42:	4662      	mov	r2, ip
10005a44:	4441      	add	r1, r8
10005a46:	6051      	str	r1, [r2, #4]
10005a48:	223f      	movs	r2, #63	@ 0x3f
10005a4a:	333f      	adds	r3, #63	@ 0x3f
10005a4c:	4393      	bics	r3, r2
10005a4e:	2802      	cmp	r0, #2
10005a50:	d037      	beq.n	10005ac2 <dcd_edpt_open+0xe6>
10005a52:	4922      	ldr	r1, [pc, #136]	@ (10005adc <dcd_edpt_open+0x100>)
10005a54:	1937      	adds	r7, r6, r4
10005a56:	680a      	ldr	r2, [r1, #0]
10005a58:	017f      	lsls	r7, r7, #5
10005a5a:	18d3      	adds	r3, r2, r3
10005a5c:	600b      	str	r3, [r1, #0]
10005a5e:	4920      	ldr	r1, [pc, #128]	@ (10005ae0 <dcd_edpt_open+0x104>)
10005a60:	19ef      	adds	r7, r5, r7
10005a62:	60fa      	str	r2, [r7, #12]
10005a64:	428b      	cmp	r3, r1
10005a66:	d82e      	bhi.n	10005ac6 <dcd_edpt_open+0xea>
10005a68:	1936      	adds	r6, r6, r4
10005a6a:	0176      	lsls	r6, r6, #5
10005a6c:	19ad      	adds	r5, r5, r6
10005a6e:	7eeb      	ldrb	r3, [r5, #27]
10005a70:	491c      	ldr	r1, [pc, #112]	@ (10005ae4 <dcd_edpt_open+0x108>)
10005a72:	069b      	lsls	r3, r3, #26
10005a74:	404a      	eors	r2, r1
10005a76:	4313      	orrs	r3, r2
10005a78:	2280      	movs	r2, #128	@ 0x80
10005a7a:	0612      	lsls	r2, r2, #24
10005a7c:	4313      	orrs	r3, r2
10005a7e:	686a      	ldr	r2, [r5, #4]
10005a80:	6013      	str	r3, [r2, #0]
10005a82:	2001      	movs	r0, #1
10005a84:	bc80      	pop	{r7}
10005a86:	46b8      	mov	r8, r7
10005a88:	bdf0      	pop	{r4, r5, r6, r7, pc}
10005a8a:	4f17      	ldr	r7, [pc, #92]	@ (10005ae8 <dcd_edpt_open+0x10c>)
10005a8c:	46bc      	mov	ip, r7
10005a8e:	018f      	lsls	r7, r1, #6
10005a90:	4462      	add	r2, ip
10005a92:	46bc      	mov	ip, r7
10005a94:	44ac      	add	ip, r5
10005a96:	4667      	mov	r7, ip
10005a98:	62ba      	str	r2, [r7, #40]	@ 0x28
10005a9a:	4647      	mov	r7, r8
10005a9c:	6017      	str	r7, [r2, #0]
10005a9e:	2900      	cmp	r1, #0
10005aa0:	d108      	bne.n	10005ab4 <dcd_edpt_open+0xd8>
10005aa2:	2300      	movs	r3, #0
10005aa4:	0164      	lsls	r4, r4, #5
10005aa6:	192c      	adds	r4, r5, r4
10005aa8:	6063      	str	r3, [r4, #4]
10005aaa:	4b10      	ldr	r3, [pc, #64]	@ (10005aec <dcd_edpt_open+0x110>)
10005aac:	60e3      	str	r3, [r4, #12]
10005aae:	e7e8      	b.n	10005a82 <dcd_edpt_open+0xa6>
10005ab0:	2000      	movs	r0, #0
10005ab2:	e7e7      	b.n	10005a84 <dcd_edpt_open+0xa8>
10005ab4:	4a0b      	ldr	r2, [pc, #44]	@ (10005ae4 <dcd_edpt_open+0x108>)
10005ab6:	00c9      	lsls	r1, r1, #3
10005ab8:	4690      	mov	r8, r2
10005aba:	4662      	mov	r2, ip
10005abc:	4441      	add	r1, r8
10005abe:	6251      	str	r1, [r2, #36]	@ 0x24
10005ac0:	e7c2      	b.n	10005a48 <dcd_edpt_open+0x6c>
10005ac2:	005b      	lsls	r3, r3, #1
10005ac4:	e7c5      	b.n	10005a52 <dcd_edpt_open+0x76>
10005ac6:	f7fc fa41 	bl	10001f4c <hard_assertion_failure>
10005aca:	68fa      	ldr	r2, [r7, #12]
10005acc:	e7cc      	b.n	10005a68 <dcd_edpt_open+0x8c>
10005ace:	46c0      	nop			@ (mov r8, r8)
10005ad0:	200020e4 	.word	0x200020e4
10005ad4:	50100084 	.word	0x50100084
10005ad8:	50100004 	.word	0x50100004
10005adc:	200024fc 	.word	0x200024fc
10005ae0:	50100fff 	.word	0x50100fff
10005ae4:	50100000 	.word	0x50100000
10005ae8:	50100080 	.word	0x50100080
10005aec:	50100100 	.word	0x50100100

10005af0 <dcd_edpt_close_all>:
10005af0:	b510      	push	{r4, lr}
10005af2:	f002 fe8d 	bl	10008810 <__reset_non_control_endpoints_veneer>
10005af6:	bd10      	pop	{r4, pc}

10005af8 <dcd_edpt_xfer>:
10005af8:	b510      	push	{r4, lr}
10005afa:	207f      	movs	r0, #127	@ 0x7f
10005afc:	000c      	movs	r4, r1
10005afe:	4020      	ands	r0, r4
10005b00:	0040      	lsls	r0, r0, #1
10005b02:	09e4      	lsrs	r4, r4, #7
10005b04:	0011      	movs	r1, r2
10005b06:	1900      	adds	r0, r0, r4
10005b08:	001a      	movs	r2, r3
10005b0a:	4b03      	ldr	r3, [pc, #12]	@ (10005b18 <dcd_edpt_xfer+0x20>)
10005b0c:	0140      	lsls	r0, r0, #5
10005b0e:	18c0      	adds	r0, r0, r3
10005b10:	f000 f85a 	bl	10005bc8 <hw_endpoint_xfer_start>
10005b14:	2001      	movs	r0, #1
10005b16:	bd10      	pop	{r4, pc}
10005b18:	200020e4 	.word	0x200020e4

10005b1c <dcd_edpt_stall>:
10005b1c:	237f      	movs	r3, #127	@ 0x7f
10005b1e:	0018      	movs	r0, r3
10005b20:	b500      	push	{lr}
10005b22:	4008      	ands	r0, r1
10005b24:	b083      	sub	sp, #12
10005b26:	420b      	tst	r3, r1
10005b28:	d104      	bne.n	10005b34 <dcd_edpt_stall+0x18>
10005b2a:	424b      	negs	r3, r1
10005b2c:	414b      	adcs	r3, r1
10005b2e:	4a08      	ldr	r2, [pc, #32]	@ (10005b50 <dcd_edpt_stall+0x34>)
10005b30:	3301      	adds	r3, #1
10005b32:	6693      	str	r3, [r2, #104]	@ 0x68
10005b34:	2280      	movs	r2, #128	@ 0x80
10005b36:	09c9      	lsrs	r1, r1, #7
10005b38:	0040      	lsls	r0, r0, #1
10005b3a:	4b06      	ldr	r3, [pc, #24]	@ (10005b54 <dcd_edpt_stall+0x38>)
10005b3c:	1840      	adds	r0, r0, r1
10005b3e:	0140      	lsls	r0, r0, #5
10005b40:	2100      	movs	r1, #0
10005b42:	18c0      	adds	r0, r0, r3
10005b44:	0112      	lsls	r2, r2, #4
10005b46:	f002 feb3 	bl	100088b0 <___hw_endpoint_buffer_control_update32_veneer>
10005b4a:	b003      	add	sp, #12
10005b4c:	bd00      	pop	{pc}
10005b4e:	46c0      	nop			@ (mov r8, r8)
10005b50:	50112000 	.word	0x50112000
10005b54:	200020e4 	.word	0x200020e4

10005b58 <dcd_edpt_clear_stall>:
10005b58:	227f      	movs	r2, #127	@ 0x7f
10005b5a:	0013      	movs	r3, r2
10005b5c:	b510      	push	{r4, lr}
10005b5e:	400b      	ands	r3, r1
10005b60:	420a      	tst	r2, r1
10005b62:	d100      	bne.n	10005b66 <dcd_edpt_clear_stall+0xe>
10005b64:	bd10      	pop	{r4, pc}
10005b66:	09c9      	lsrs	r1, r1, #7
10005b68:	005b      	lsls	r3, r3, #1
10005b6a:	185b      	adds	r3, r3, r1
10005b6c:	4804      	ldr	r0, [pc, #16]	@ (10005b80 <dcd_edpt_clear_stall+0x28>)
10005b6e:	015b      	lsls	r3, r3, #5
10005b70:	18c0      	adds	r0, r0, r3
10005b72:	2300      	movs	r3, #0
10005b74:	2200      	movs	r2, #0
10005b76:	4903      	ldr	r1, [pc, #12]	@ (10005b84 <dcd_edpt_clear_stall+0x2c>)
10005b78:	70c3      	strb	r3, [r0, #3]
10005b7a:	f002 fe99 	bl	100088b0 <___hw_endpoint_buffer_control_update32_veneer>
10005b7e:	e7f1      	b.n	10005b64 <dcd_edpt_clear_stall+0xc>
10005b80:	200020e4 	.word	0x200020e4
10005b84:	fffff7ff 	.word	0xfffff7ff

10005b88 <rp2040_usb_init>:
10005b88:	2280      	movs	r2, #128	@ 0x80
10005b8a:	4b0a      	ldr	r3, [pc, #40]	@ (10005bb4 <rp2040_usb_init+0x2c>)
10005b8c:	0452      	lsls	r2, r2, #17
10005b8e:	b510      	push	{r4, lr}
10005b90:	601a      	str	r2, [r3, #0]
10005b92:	4b09      	ldr	r3, [pc, #36]	@ (10005bb8 <rp2040_usb_init+0x30>)
10005b94:	4909      	ldr	r1, [pc, #36]	@ (10005bbc <rp2040_usb_init+0x34>)
10005b96:	601a      	str	r2, [r3, #0]
10005b98:	0010      	movs	r0, r2
10005b9a:	680b      	ldr	r3, [r1, #0]
10005b9c:	4398      	bics	r0, r3
10005b9e:	d1fb      	bne.n	10005b98 <rp2040_usb_init+0x10>
10005ba0:	2280      	movs	r2, #128	@ 0x80
10005ba2:	2100      	movs	r1, #0
10005ba4:	0152      	lsls	r2, r2, #5
10005ba6:	4806      	ldr	r0, [pc, #24]	@ (10005bc0 <rp2040_usb_init+0x38>)
10005ba8:	f7fd fb3a 	bl	10003220 <__wrap_memset>
10005bac:	2209      	movs	r2, #9
10005bae:	4b05      	ldr	r3, [pc, #20]	@ (10005bc4 <rp2040_usb_init+0x3c>)
10005bb0:	675a      	str	r2, [r3, #116]	@ 0x74
10005bb2:	bd10      	pop	{r4, pc}
10005bb4:	4000e000 	.word	0x4000e000
10005bb8:	4000f000 	.word	0x4000f000
10005bbc:	4000c008 	.word	0x4000c008
10005bc0:	50100000 	.word	0x50100000
10005bc4:	50110000 	.word	0x50110000

10005bc8 <hw_endpoint_xfer_start>:
10005bc8:	2300      	movs	r3, #0
10005bca:	b510      	push	{r4, lr}
10005bcc:	82c3      	strh	r3, [r0, #22]
10005bce:	3301      	adds	r3, #1
10005bd0:	8282      	strh	r2, [r0, #20]
10005bd2:	7683      	strb	r3, [r0, #26]
10005bd4:	6101      	str	r1, [r0, #16]
10005bd6:	0004      	movs	r4, r0
10005bd8:	f002 fe52 	bl	10008880 <__e15_is_bulkin_ep_veneer>
10005bdc:	2800      	cmp	r0, #0
10005bde:	d004      	beq.n	10005bea <hw_endpoint_xfer_start+0x22>
10005be0:	2180      	movs	r1, #128	@ 0x80
10005be2:	2390      	movs	r3, #144	@ 0x90
10005be4:	4a07      	ldr	r2, [pc, #28]	@ (10005c04 <hw_endpoint_xfer_start+0x3c>)
10005be6:	0289      	lsls	r1, r1, #10
10005be8:	50d1      	str	r1, [r2, r3]
10005bea:	0020      	movs	r0, r4
10005bec:	f002 fe08 	bl	10008800 <__e15_is_critical_frame_period_veneer>
10005bf0:	2800      	cmp	r0, #0
10005bf2:	d002      	beq.n	10005bfa <hw_endpoint_xfer_start+0x32>
10005bf4:	2301      	movs	r3, #1
10005bf6:	7723      	strb	r3, [r4, #28]
10005bf8:	bd10      	pop	{r4, pc}
10005bfa:	0020      	movs	r0, r4
10005bfc:	f002 fe50 	bl	100088a0 <__hw_endpoint_start_next_buffer_veneer>
10005c00:	e7fa      	b.n	10005bf8 <hw_endpoint_xfer_start+0x30>
10005c02:	46c0      	nop			@ (mov r8, r8)
10005c04:	50112000 	.word	0x50112000

10005c08 <tud_event_hook_cb>:
10005c08:	4770      	bx	lr
10005c0a:	46c0      	nop			@ (mov r8, r8)

10005c0c <tud_sof_cb>:
10005c0c:	4770      	bx	lr
10005c0e:	46c0      	nop			@ (mov r8, r8)

10005c10 <tud_descriptor_device_qualifier_cb>:
10005c10:	2000      	movs	r0, #0
10005c12:	4770      	bx	lr

10005c14 <tud_descriptor_other_speed_configuration_cb>:
10005c14:	2000      	movs	r0, #0
10005c16:	4770      	bx	lr

10005c18 <tud_mount_cb>:
10005c18:	4770      	bx	lr
10005c1a:	46c0      	nop			@ (mov r8, r8)

10005c1c <tud_umount_cb>:
10005c1c:	4770      	bx	lr
10005c1e:	46c0      	nop			@ (mov r8, r8)

10005c20 <tud_suspend_cb>:
10005c20:	4770      	bx	lr
10005c22:	46c0      	nop			@ (mov r8, r8)

10005c24 <tud_resume_cb>:
10005c24:	4770      	bx	lr
10005c26:	46c0      	nop			@ (mov r8, r8)

10005c28 <tud_mounted>:
10005c28:	4b02      	ldr	r3, [pc, #8]	@ (10005c34 <tud_mounted+0xc>)
10005c2a:	7858      	ldrb	r0, [r3, #1]
10005c2c:	1e43      	subs	r3, r0, #1
10005c2e:	4198      	sbcs	r0, r3
10005c30:	b2c0      	uxtb	r0, r0
10005c32:	4770      	bx	lr
10005c34:	20001b80 	.word	0x20001b80

10005c38 <tud_suspended>:
10005c38:	4b02      	ldr	r3, [pc, #8]	@ (10005c44 <tud_suspended+0xc>)
10005c3a:	7818      	ldrb	r0, [r3, #0]
10005c3c:	0740      	lsls	r0, r0, #29
10005c3e:	0fc0      	lsrs	r0, r0, #31
10005c40:	4770      	bx	lr
10005c42:	46c0      	nop			@ (mov r8, r8)
10005c44:	20001b80 	.word	0x20001b80

10005c48 <tud_rhport_init>:
10005c48:	b5f0      	push	{r4, r5, r6, r7, lr}
10005c4a:	46d6      	mov	lr, sl
10005c4c:	464f      	mov	r7, r9
10005c4e:	4646      	mov	r6, r8
10005c50:	b5c0      	push	{r6, r7, lr}
10005c52:	4b2f      	ldr	r3, [pc, #188]	@ (10005d10 <tud_rhport_init+0xc8>)
10005c54:	0007      	movs	r7, r0
10005c56:	469a      	mov	sl, r3
10005c58:	781b      	ldrb	r3, [r3, #0]
10005c5a:	000e      	movs	r6, r1
10005c5c:	2bff      	cmp	r3, #255	@ 0xff
10005c5e:	d150      	bne.n	10005d02 <tud_rhport_init+0xba>
10005c60:	2900      	cmp	r1, #0
10005c62:	d041      	beq.n	10005ce8 <tud_rhport_init+0xa0>
10005c64:	2100      	movs	r1, #0
10005c66:	2254      	movs	r2, #84	@ 0x54
10005c68:	482a      	ldr	r0, [pc, #168]	@ (10005d14 <tud_rhport_init+0xcc>)
10005c6a:	f7fd fad9 	bl	10003220 <__wrap_memset>
10005c6e:	2200      	movs	r2, #0
10005c70:	4c29      	ldr	r4, [pc, #164]	@ (10005d18 <tud_rhport_init+0xd0>)
10005c72:	4b2a      	ldr	r3, [pc, #168]	@ (10005d1c <tud_rhport_init+0xd4>)
10005c74:	0020      	movs	r0, r4
10005c76:	701a      	strb	r2, [r3, #0]
10005c78:	f7fb f9c0 	bl	10000ffc <mutex_init>
10005c7c:	4b28      	ldr	r3, [pc, #160]	@ (10005d20 <tud_rhport_init+0xd8>)
10005c7e:	601c      	str	r4, [r3, #0]
10005c80:	4c28      	ldr	r4, [pc, #160]	@ (10005d24 <tud_rhport_init+0xdc>)
10005c82:	0020      	movs	r0, r4
10005c84:	3c14      	subs	r4, #20
10005c86:	f7fb f9c7 	bl	10001018 <critical_section_init>
10005c8a:	0020      	movs	r0, r4
10005c8c:	f001 fdfa 	bl	10007884 <tu_fifo_clear>
10005c90:	4b25      	ldr	r3, [pc, #148]	@ (10005d28 <tud_rhport_init+0xe0>)
10005c92:	4d26      	ldr	r5, [pc, #152]	@ (10005d2c <tud_rhport_init+0xe4>)
10005c94:	601c      	str	r4, [r3, #0]
10005c96:	4b26      	ldr	r3, [pc, #152]	@ (10005d30 <tud_rhport_init+0xe8>)
10005c98:	2b00      	cmp	r3, #0
10005c9a:	d004      	beq.n	10005ca6 <tud_rhport_init+0x5e>
10005c9c:	0028      	movs	r0, r5
10005c9e:	f7ff fac7 	bl	10005230 <usbd_app_driver_get_cb>
10005ca2:	4b24      	ldr	r3, [pc, #144]	@ (10005d34 <tud_rhport_init+0xec>)
10005ca4:	6018      	str	r0, [r3, #0]
10005ca6:	4924      	ldr	r1, [pc, #144]	@ (10005d38 <tud_rhport_init+0xf0>)
10005ca8:	2400      	movs	r4, #0
10005caa:	4689      	mov	r9, r1
10005cac:	4921      	ldr	r1, [pc, #132]	@ (10005d34 <tud_rhport_init+0xec>)
10005cae:	2300      	movs	r3, #0
10005cb0:	4688      	mov	r8, r1
10005cb2:	782a      	ldrb	r2, [r5, #0]
10005cb4:	e010      	b.n	10005cd8 <tud_rhport_init+0x90>
10005cb6:	4643      	mov	r3, r8
10005cb8:	681b      	ldr	r3, [r3, #0]
10005cba:	0162      	lsls	r2, r4, #5
10005cbc:	189b      	adds	r3, r3, r2
10005cbe:	2b00      	cmp	r3, #0
10005cc0:	d012      	beq.n	10005ce8 <tud_rhport_init+0xa0>
10005cc2:	685b      	ldr	r3, [r3, #4]
10005cc4:	2b00      	cmp	r3, #0
10005cc6:	d00f      	beq.n	10005ce8 <tud_rhport_init+0xa0>
10005cc8:	4798      	blx	r3
10005cca:	782a      	ldrb	r2, [r5, #0]
10005ccc:	3401      	adds	r4, #1
10005cce:	b2e4      	uxtb	r4, r4
10005cd0:	1c51      	adds	r1, r2, #1
10005cd2:	0023      	movs	r3, r4
10005cd4:	42a1      	cmp	r1, r4
10005cd6:	db09      	blt.n	10005cec <tud_rhport_init+0xa4>
10005cd8:	42a2      	cmp	r2, r4
10005cda:	d8ec      	bhi.n	10005cb6 <tud_rhport_init+0x6e>
10005cdc:	1a9b      	subs	r3, r3, r2
10005cde:	015b      	lsls	r3, r3, #5
10005ce0:	444b      	add	r3, r9
10005ce2:	685b      	ldr	r3, [r3, #4]
10005ce4:	2b00      	cmp	r3, #0
10005ce6:	d1ef      	bne.n	10005cc8 <tud_rhport_init+0x80>
10005ce8:	2000      	movs	r0, #0
10005cea:	e00b      	b.n	10005d04 <tud_rhport_init+0xbc>
10005cec:	4653      	mov	r3, sl
10005cee:	0031      	movs	r1, r6
10005cf0:	0038      	movs	r0, r7
10005cf2:	701f      	strb	r7, [r3, #0]
10005cf4:	f7ff fdfe 	bl	100058f4 <dcd_init>
10005cf8:	2800      	cmp	r0, #0
10005cfa:	d0f5      	beq.n	10005ce8 <tud_rhport_init+0xa0>
10005cfc:	0038      	movs	r0, r7
10005cfe:	f7ff fe41 	bl	10005984 <dcd_int_enable>
10005d02:	2001      	movs	r0, #1
10005d04:	bce0      	pop	{r5, r6, r7}
10005d06:	46ba      	mov	sl, r7
10005d08:	46b1      	mov	r9, r6
10005d0a:	46a8      	mov	r8, r5
10005d0c:	bdf0      	pop	{r4, r5, r6, r7, pc}
10005d0e:	46c0      	nop			@ (mov r8, r8)
10005d10:	2000110c 	.word	0x2000110c
10005d14:	20001b80 	.word	0x20001b80
10005d18:	20001b78 	.word	0x20001b78
10005d1c:	2000256b 	.word	0x2000256b
10005d20:	20001bd4 	.word	0x20001bd4
10005d24:	20001104 	.word	0x20001104
10005d28:	20001bd8 	.word	0x20001bd8
10005d2c:	20002569 	.word	0x20002569
10005d30:	10005231 	.word	0x10005231
10005d34:	200019d0 	.word	0x200019d0
10005d38:	10008ff8 	.word	0x10008ff8

10005d3c <tud_task_ext>:
10005d3c:	b5f0      	push	{r4, r5, r6, r7, lr}
10005d3e:	46de      	mov	lr, fp
10005d40:	4657      	mov	r7, sl
10005d42:	464e      	mov	r6, r9
10005d44:	4645      	mov	r5, r8
10005d46:	b5e0      	push	{r5, r6, r7, lr}
10005d48:	4bc8      	ldr	r3, [pc, #800]	@ (1000606c <tud_task_ext+0x330>)
10005d4a:	b091      	sub	sp, #68	@ 0x44
10005d4c:	9302      	str	r3, [sp, #8]
10005d4e:	781b      	ldrb	r3, [r3, #0]
10005d50:	2bff      	cmp	r3, #255	@ 0xff
10005d52:	d100      	bne.n	10005d56 <tud_task_ext+0x1a>
10005d54:	e13e      	b.n	10005fd4 <tud_task_ext+0x298>
10005d56:	4bc6      	ldr	r3, [pc, #792]	@ (10006070 <tud_task_ext+0x334>)
10005d58:	4ec6      	ldr	r6, [pc, #792]	@ (10006074 <tud_task_ext+0x338>)
10005d5a:	469b      	mov	fp, r3
10005d5c:	465f      	mov	r7, fp
10005d5e:	4bc6      	ldr	r3, [pc, #792]	@ (10006078 <tud_task_ext+0x33c>)
10005d60:	ac0d      	add	r4, sp, #52	@ 0x34
10005d62:	9301      	str	r3, [sp, #4]
10005d64:	4bc5      	ldr	r3, [pc, #788]	@ (1000607c <tud_task_ext+0x340>)
10005d66:	9300      	str	r3, [sp, #0]
10005d68:	6835      	ldr	r5, [r6, #0]
10005d6a:	696a      	ldr	r2, [r5, #20]
10005d6c:	f3ef 8110 	mrs	r1, PRIMASK
10005d70:	b672      	cpsid	i
10005d72:	6813      	ldr	r3, [r2, #0]
10005d74:	2b00      	cmp	r3, #0
10005d76:	d0fc      	beq.n	10005d72 <tud_task_ext+0x36>
10005d78:	f3bf 8f5f 	dmb	sy
10005d7c:	61a9      	str	r1, [r5, #24]
10005d7e:	0028      	movs	r0, r5
10005d80:	0021      	movs	r1, r4
10005d82:	f001 fbaf 	bl	100074e4 <tu_fifo_read>
10005d86:	696a      	ldr	r2, [r5, #20]
10005d88:	69ab      	ldr	r3, [r5, #24]
10005d8a:	f3bf 8f5f 	dmb	sy
10005d8e:	2100      	movs	r1, #0
10005d90:	6011      	str	r1, [r2, #0]
10005d92:	f383 8810 	msr	PRIMASK, r3
10005d96:	2800      	cmp	r0, #0
10005d98:	d100      	bne.n	10005d9c <tud_task_ext+0x60>
10005d9a:	e11b      	b.n	10005fd4 <tud_task_ext+0x298>
10005d9c:	7863      	ldrb	r3, [r4, #1]
10005d9e:	2b08      	cmp	r3, #8
10005da0:	d8e2      	bhi.n	10005d68 <tud_task_ext+0x2c>
10005da2:	009b      	lsls	r3, r3, #2
10005da4:	58fb      	ldr	r3, [r7, r3]
10005da6:	469f      	mov	pc, r3
10005da8:	6863      	ldr	r3, [r4, #4]
10005daa:	2b00      	cmp	r3, #0
10005dac:	d0dc      	beq.n	10005d68 <tud_task_ext+0x2c>
10005dae:	68a0      	ldr	r0, [r4, #8]
10005db0:	4798      	blx	r3
10005db2:	e7d9      	b.n	10005d68 <tud_task_ext+0x2c>
10005db4:	227f      	movs	r2, #127	@ 0x7f
10005db6:	7921      	ldrb	r1, [r4, #4]
10005db8:	4daf      	ldr	r5, [pc, #700]	@ (10006078 <tud_task_ext+0x33c>)
10005dba:	400a      	ands	r2, r1
10005dbc:	0053      	lsls	r3, r2, #1
10005dbe:	18eb      	adds	r3, r5, r3
10005dc0:	4698      	mov	r8, r3
10005dc2:	09c8      	lsrs	r0, r1, #7
10005dc4:	4480      	add	r8, r0
10005dc6:	4640      	mov	r0, r8
10005dc8:	2301      	movs	r3, #1
10005dca:	3030      	adds	r0, #48	@ 0x30
10005dcc:	7905      	ldrb	r5, [r0, #4]
10005dce:	439d      	bics	r5, r3
10005dd0:	7105      	strb	r5, [r0, #4]
10005dd2:	7905      	ldrb	r5, [r0, #4]
10005dd4:	3303      	adds	r3, #3
10005dd6:	439d      	bics	r5, r3
10005dd8:	7105      	strb	r5, [r0, #4]
10005dda:	2a00      	cmp	r2, #0
10005ddc:	d100      	bne.n	10005de0 <tud_task_ext+0xa4>
10005dde:	e100      	b.n	10005fe2 <tud_task_ext+0x2a6>
10005de0:	4643      	mov	r3, r8
10005de2:	4aa7      	ldr	r2, [pc, #668]	@ (10006080 <tud_task_ext+0x344>)
10005de4:	7d1b      	ldrb	r3, [r3, #20]
10005de6:	7812      	ldrb	r2, [r2, #0]
10005de8:	4293      	cmp	r3, r2
10005dea:	d300      	bcc.n	10005dee <tud_task_ext+0xb2>
10005dec:	e0ef      	b.n	10005fce <tud_task_ext+0x292>
10005dee:	4aa5      	ldr	r2, [pc, #660]	@ (10006084 <tud_task_ext+0x348>)
10005df0:	015b      	lsls	r3, r3, #5
10005df2:	6815      	ldr	r5, [r2, #0]
10005df4:	18ed      	adds	r5, r5, r3
10005df6:	2d00      	cmp	r5, #0
10005df8:	d100      	bne.n	10005dfc <tud_task_ext+0xc0>
10005dfa:	e0eb      	b.n	10005fd4 <tud_task_ext+0x298>
10005dfc:	68a3      	ldr	r3, [r4, #8]
10005dfe:	7962      	ldrb	r2, [r4, #5]
10005e00:	7820      	ldrb	r0, [r4, #0]
10005e02:	69ad      	ldr	r5, [r5, #24]
10005e04:	47a8      	blx	r5
10005e06:	e7af      	b.n	10005d68 <tud_task_ext+0x2c>
10005e08:	4a9f      	ldr	r2, [pc, #636]	@ (10006088 <tud_task_ext+0x34c>)
10005e0a:	7813      	ldrb	r3, [r2, #0]
10005e0c:	2b00      	cmp	r3, #0
10005e0e:	d100      	bne.n	10005e12 <tud_task_ext+0xd6>
10005e10:	e0e0      	b.n	10005fd4 <tud_task_ext+0x298>
10005e12:	7813      	ldrb	r3, [r2, #0]
10005e14:	3b01      	subs	r3, #1
10005e16:	b2db      	uxtb	r3, r3
10005e18:	7013      	strb	r3, [r2, #0]
10005e1a:	7813      	ldrb	r3, [r2, #0]
10005e1c:	2b00      	cmp	r3, #0
10005e1e:	d1a3      	bne.n	10005d68 <tud_task_ext+0x2c>
10005e20:	2201      	movs	r2, #1
10005e22:	4d95      	ldr	r5, [pc, #596]	@ (10006078 <tud_task_ext+0x33c>)
10005e24:	2101      	movs	r1, #1
10005e26:	782b      	ldrb	r3, [r5, #0]
10005e28:	2004      	movs	r0, #4
10005e2a:	4313      	orrs	r3, r2
10005e2c:	702b      	strb	r3, [r5, #0]
10005e2e:	2334      	movs	r3, #52	@ 0x34
10005e30:	5cea      	ldrb	r2, [r5, r3]
10005e32:	438a      	bics	r2, r1
10005e34:	54ea      	strb	r2, [r5, r3]
10005e36:	5cea      	ldrb	r2, [r5, r3]
10005e38:	4382      	bics	r2, r0
10005e3a:	54ea      	strb	r2, [r5, r3]
10005e3c:	3301      	adds	r3, #1
10005e3e:	5cea      	ldrb	r2, [r5, r3]
10005e40:	438a      	bics	r2, r1
10005e42:	54ea      	strb	r2, [r5, r3]
10005e44:	5cea      	ldrb	r2, [r5, r3]
10005e46:	4382      	bics	r2, r0
10005e48:	54ea      	strb	r2, [r5, r3]
10005e4a:	7823      	ldrb	r3, [r4, #0]
10005e4c:	2000      	movs	r0, #0
10005e4e:	469b      	mov	fp, r3
10005e50:	f000 fc9e 	bl	10006790 <usbd_control_set_complete_callback>
10005e54:	2260      	movs	r2, #96	@ 0x60
10005e56:	7923      	ldrb	r3, [r4, #4]
10005e58:	401a      	ands	r2, r3
10005e5a:	2a60      	cmp	r2, #96	@ 0x60
10005e5c:	d100      	bne.n	10005e60 <tud_task_ext+0x124>
10005e5e:	e0ef      	b.n	10006040 <tud_task_ext+0x304>
10005e60:	2a40      	cmp	r2, #64	@ 0x40
10005e62:	d100      	bne.n	10005e66 <tud_task_ext+0x12a>
10005e64:	e0f5      	b.n	10006052 <tud_task_ext+0x316>
10005e66:	06db      	lsls	r3, r3, #27
10005e68:	0edb      	lsrs	r3, r3, #27
10005e6a:	2b01      	cmp	r3, #1
10005e6c:	d100      	bne.n	10005e70 <tud_task_ext+0x134>
10005e6e:	e113      	b.n	10006098 <tud_task_ext+0x35c>
10005e70:	2b02      	cmp	r3, #2
10005e72:	d100      	bne.n	10005e76 <tud_task_ext+0x13a>
10005e74:	e0c7      	b.n	10006006 <tud_task_ext+0x2ca>
10005e76:	2b00      	cmp	r3, #0
10005e78:	d000      	beq.n	10005e7c <tud_task_ext+0x140>
10005e7a:	e0e1      	b.n	10006040 <tud_task_ext+0x304>
10005e7c:	2a20      	cmp	r2, #32
10005e7e:	d100      	bne.n	10005e82 <tud_task_ext+0x146>
10005e80:	e21c      	b.n	100062bc <tud_task_ext+0x580>
10005e82:	2a00      	cmp	r2, #0
10005e84:	d000      	beq.n	10005e88 <tud_task_ext+0x14c>
10005e86:	e0db      	b.n	10006040 <tud_task_ext+0x304>
10005e88:	7963      	ldrb	r3, [r4, #5]
10005e8a:	2b09      	cmp	r3, #9
10005e8c:	d900      	bls.n	10005e90 <tud_task_ext+0x154>
10005e8e:	e0d7      	b.n	10006040 <tud_task_ext+0x304>
10005e90:	4a7e      	ldr	r2, [pc, #504]	@ (1000608c <tud_task_ext+0x350>)
10005e92:	009b      	lsls	r3, r3, #2
10005e94:	58d3      	ldr	r3, [r2, r3]
10005e96:	469f      	mov	pc, r3
10005e98:	4d77      	ldr	r5, [pc, #476]	@ (10006078 <tud_task_ext+0x33c>)
10005e9a:	782b      	ldrb	r3, [r5, #0]
10005e9c:	07db      	lsls	r3, r3, #31
10005e9e:	d400      	bmi.n	10005ea2 <tud_task_ext+0x166>
10005ea0:	e762      	b.n	10005d68 <tud_task_ext+0x2c>
10005ea2:	f7ff febf 	bl	10005c24 <tud_resume_cb>
10005ea6:	e75f      	b.n	10005d68 <tud_task_ext+0x2c>
10005ea8:	9b01      	ldr	r3, [sp, #4]
10005eaa:	78db      	ldrb	r3, [r3, #3]
10005eac:	07db      	lsls	r3, r3, #31
10005eae:	d400      	bmi.n	10005eb2 <tud_task_ext+0x176>
10005eb0:	e75a      	b.n	10005d68 <tud_task_ext+0x2c>
10005eb2:	6860      	ldr	r0, [r4, #4]
10005eb4:	f7ff feaa 	bl	10005c0c <tud_sof_cb>
10005eb8:	e756      	b.n	10005d68 <tud_task_ext+0x2c>
10005eba:	4d6f      	ldr	r5, [pc, #444]	@ (10006078 <tud_task_ext+0x33c>)
10005ebc:	782b      	ldrb	r3, [r5, #0]
10005ebe:	07db      	lsls	r3, r3, #31
10005ec0:	d400      	bmi.n	10005ec4 <tud_task_ext+0x188>
10005ec2:	e751      	b.n	10005d68 <tud_task_ext+0x2c>
10005ec4:	7828      	ldrb	r0, [r5, #0]
10005ec6:	0700      	lsls	r0, r0, #28
10005ec8:	0fc0      	lsrs	r0, r0, #31
10005eca:	f7ff fea9 	bl	10005c20 <tud_suspend_cb>
10005ece:	e74b      	b.n	10005d68 <tud_task_ext+0x2c>
10005ed0:	7823      	ldrb	r3, [r4, #0]
10005ed2:	496a      	ldr	r1, [pc, #424]	@ (1000607c <tud_task_ext+0x340>)
10005ed4:	4699      	mov	r9, r3
10005ed6:	468b      	mov	fp, r1
10005ed8:	4b69      	ldr	r3, [pc, #420]	@ (10006080 <tud_task_ext+0x344>)
10005eda:	496a      	ldr	r1, [pc, #424]	@ (10006084 <tud_task_ext+0x348>)
10005edc:	4698      	mov	r8, r3
10005ede:	468a      	mov	sl, r1
10005ee0:	0039      	movs	r1, r7
10005ee2:	781a      	ldrb	r2, [r3, #0]
10005ee4:	4647      	mov	r7, r8
10005ee6:	2300      	movs	r3, #0
10005ee8:	46b0      	mov	r8, r6
10005eea:	2500      	movs	r5, #0
10005eec:	464e      	mov	r6, r9
10005eee:	4689      	mov	r9, r1
10005ef0:	e010      	b.n	10005f14 <tud_task_ext+0x1d8>
10005ef2:	4653      	mov	r3, sl
10005ef4:	681b      	ldr	r3, [r3, #0]
10005ef6:	016a      	lsls	r2, r5, #5
10005ef8:	189b      	adds	r3, r3, r2
10005efa:	2b00      	cmp	r3, #0
10005efc:	d100      	bne.n	10005f00 <tud_task_ext+0x1c4>
10005efe:	e076      	b.n	10005fee <tud_task_ext+0x2b2>
10005f00:	68db      	ldr	r3, [r3, #12]
10005f02:	0030      	movs	r0, r6
10005f04:	4798      	blx	r3
10005f06:	783a      	ldrb	r2, [r7, #0]
10005f08:	3501      	adds	r5, #1
10005f0a:	b2ed      	uxtb	r5, r5
10005f0c:	1c51      	adds	r1, r2, #1
10005f0e:	002b      	movs	r3, r5
10005f10:	428d      	cmp	r5, r1
10005f12:	dc44      	bgt.n	10005f9e <tud_task_ext+0x262>
10005f14:	4295      	cmp	r5, r2
10005f16:	d3ec      	bcc.n	10005ef2 <tud_task_ext+0x1b6>
10005f18:	1a9b      	subs	r3, r3, r2
10005f1a:	015b      	lsls	r3, r3, #5
10005f1c:	445b      	add	r3, fp
10005f1e:	e7ef      	b.n	10005f00 <tud_task_ext+0x1c4>
10005f20:	7823      	ldrb	r3, [r4, #0]
10005f22:	4958      	ldr	r1, [pc, #352]	@ (10006084 <tud_task_ext+0x348>)
10005f24:	4699      	mov	r9, r3
10005f26:	4b56      	ldr	r3, [pc, #344]	@ (10006080 <tud_task_ext+0x344>)
10005f28:	468a      	mov	sl, r1
10005f2a:	4698      	mov	r8, r3
10005f2c:	0031      	movs	r1, r6
10005f2e:	46bb      	mov	fp, r7
10005f30:	464e      	mov	r6, r9
10005f32:	781a      	ldrb	r2, [r3, #0]
10005f34:	2500      	movs	r5, #0
10005f36:	2300      	movs	r3, #0
10005f38:	4647      	mov	r7, r8
10005f3a:	4689      	mov	r9, r1
10005f3c:	e00f      	b.n	10005f5e <tud_task_ext+0x222>
10005f3e:	4653      	mov	r3, sl
10005f40:	681b      	ldr	r3, [r3, #0]
10005f42:	016a      	lsls	r2, r5, #5
10005f44:	189b      	adds	r3, r3, r2
10005f46:	2b00      	cmp	r3, #0
10005f48:	d055      	beq.n	10005ff6 <tud_task_ext+0x2ba>
10005f4a:	68db      	ldr	r3, [r3, #12]
10005f4c:	0030      	movs	r0, r6
10005f4e:	4798      	blx	r3
10005f50:	783a      	ldrb	r2, [r7, #0]
10005f52:	3501      	adds	r5, #1
10005f54:	b2ed      	uxtb	r5, r5
10005f56:	1c51      	adds	r1, r2, #1
10005f58:	002b      	movs	r3, r5
10005f5a:	428d      	cmp	r5, r1
10005f5c:	dc07      	bgt.n	10005f6e <tud_task_ext+0x232>
10005f5e:	4295      	cmp	r5, r2
10005f60:	d3ed      	bcc.n	10005f3e <tud_task_ext+0x202>
10005f62:	1a9b      	subs	r3, r3, r2
10005f64:	9a00      	ldr	r2, [sp, #0]
10005f66:	015b      	lsls	r3, r3, #5
10005f68:	4694      	mov	ip, r2
10005f6a:	4463      	add	r3, ip
10005f6c:	e7ed      	b.n	10005f4a <tud_task_ext+0x20e>
10005f6e:	9d01      	ldr	r5, [sp, #4]
10005f70:	2254      	movs	r2, #84	@ 0x54
10005f72:	2100      	movs	r1, #0
10005f74:	0028      	movs	r0, r5
10005f76:	f7fd f953 	bl	10003220 <__wrap_memset>
10005f7a:	2210      	movs	r2, #16
10005f7c:	21ff      	movs	r1, #255	@ 0xff
10005f7e:	4844      	ldr	r0, [pc, #272]	@ (10006090 <tud_task_ext+0x354>)
10005f80:	f7fd f94e 	bl	10003220 <__wrap_memset>
10005f84:	0028      	movs	r0, r5
10005f86:	2220      	movs	r2, #32
10005f88:	21ff      	movs	r1, #255	@ 0xff
10005f8a:	3014      	adds	r0, #20
10005f8c:	464e      	mov	r6, r9
10005f8e:	465f      	mov	r7, fp
10005f90:	f7fd f946 	bl	10003220 <__wrap_memset>
10005f94:	f000 fbf2 	bl	1000677c <usbd_control_reset>
10005f98:	f7ff fe40 	bl	10005c1c <tud_umount_cb>
10005f9c:	e6e4      	b.n	10005d68 <tud_task_ext+0x2c>
10005f9e:	4d36      	ldr	r5, [pc, #216]	@ (10006078 <tud_task_ext+0x33c>)
10005fa0:	2254      	movs	r2, #84	@ 0x54
10005fa2:	2100      	movs	r1, #0
10005fa4:	0028      	movs	r0, r5
10005fa6:	f7fd f93b 	bl	10003220 <__wrap_memset>
10005faa:	2210      	movs	r2, #16
10005fac:	21ff      	movs	r1, #255	@ 0xff
10005fae:	1d28      	adds	r0, r5, #4
10005fb0:	f7fd f936 	bl	10003220 <__wrap_memset>
10005fb4:	0028      	movs	r0, r5
10005fb6:	2220      	movs	r2, #32
10005fb8:	21ff      	movs	r1, #255	@ 0xff
10005fba:	3014      	adds	r0, #20
10005fbc:	4646      	mov	r6, r8
10005fbe:	464f      	mov	r7, r9
10005fc0:	f7fd f92e 	bl	10003220 <__wrap_memset>
10005fc4:	f000 fbda 	bl	1000677c <usbd_control_reset>
10005fc8:	7923      	ldrb	r3, [r4, #4]
10005fca:	70ab      	strb	r3, [r5, #2]
10005fcc:	e6cc      	b.n	10005d68 <tud_task_ext+0x2c>
10005fce:	1c50      	adds	r0, r2, #1
10005fd0:	4298      	cmp	r0, r3
10005fd2:	da13      	bge.n	10005ffc <tud_task_ext+0x2c0>
10005fd4:	b011      	add	sp, #68	@ 0x44
10005fd6:	bcf0      	pop	{r4, r5, r6, r7}
10005fd8:	46bb      	mov	fp, r7
10005fda:	46b2      	mov	sl, r6
10005fdc:	46a9      	mov	r9, r5
10005fde:	46a0      	mov	r8, r4
10005fe0:	bdf0      	pop	{r4, r5, r6, r7, pc}
10005fe2:	68a3      	ldr	r3, [r4, #8]
10005fe4:	7962      	ldrb	r2, [r4, #5]
10005fe6:	7820      	ldrb	r0, [r4, #0]
10005fe8:	f000 fbe6 	bl	100067b8 <usbd_control_xfer_cb>
10005fec:	e6bc      	b.n	10005d68 <tud_task_ext+0x2c>
10005fee:	4646      	mov	r6, r8
10005ff0:	464f      	mov	r7, r9
10005ff2:	4d21      	ldr	r5, [pc, #132]	@ (10006078 <tud_task_ext+0x33c>)
10005ff4:	e7e6      	b.n	10005fc4 <tud_task_ext+0x288>
10005ff6:	464e      	mov	r6, r9
10005ff8:	465f      	mov	r7, fp
10005ffa:	e7cb      	b.n	10005f94 <tud_task_ext+0x258>
10005ffc:	4d1f      	ldr	r5, [pc, #124]	@ (1000607c <tud_task_ext+0x340>)
10005ffe:	1a9b      	subs	r3, r3, r2
10006000:	015b      	lsls	r3, r3, #5
10006002:	195d      	adds	r5, r3, r5
10006004:	e6fa      	b.n	10005dfc <tud_task_ext+0xc0>
10006006:	2370      	movs	r3, #112	@ 0x70
10006008:	7a21      	ldrb	r1, [r4, #8]
1000600a:	420b      	tst	r3, r1
1000600c:	d118      	bne.n	10006040 <tud_task_ext+0x304>
1000600e:	09c8      	lsrs	r0, r1, #7
10006010:	4682      	mov	sl, r0
10006012:	330f      	adds	r3, #15
10006014:	400b      	ands	r3, r1
10006016:	005b      	lsls	r3, r3, #1
10006018:	4698      	mov	r8, r3
1000601a:	4819      	ldr	r0, [pc, #100]	@ (10006080 <tud_task_ext+0x344>)
1000601c:	18eb      	adds	r3, r5, r3
1000601e:	4453      	add	r3, sl
10006020:	7d1b      	ldrb	r3, [r3, #20]
10006022:	7800      	ldrb	r0, [r0, #0]
10006024:	4699      	mov	r9, r3
10006026:	4283      	cmp	r3, r0
10006028:	d266      	bcs.n	100060f8 <tud_task_ext+0x3bc>
1000602a:	4816      	ldr	r0, [pc, #88]	@ (10006084 <tud_task_ext+0x348>)
1000602c:	015b      	lsls	r3, r3, #5
1000602e:	6800      	ldr	r0, [r0, #0]
10006030:	4681      	mov	r9, r0
10006032:	4499      	add	r9, r3
10006034:	2a00      	cmp	r2, #0
10006036:	d100      	bne.n	1000603a <tud_task_ext+0x2fe>
10006038:	e15f      	b.n	100062fa <tud_task_ext+0x5be>
1000603a:	464b      	mov	r3, r9
1000603c:	2b00      	cmp	r3, #0
1000603e:	d168      	bne.n	10006112 <tud_task_ext+0x3d6>
10006040:	7820      	ldrb	r0, [r4, #0]
10006042:	2100      	movs	r1, #0
10006044:	f7ff fd6a 	bl	10005b1c <dcd_edpt_stall>
10006048:	2180      	movs	r1, #128	@ 0x80
1000604a:	7820      	ldrb	r0, [r4, #0]
1000604c:	f7ff fd66 	bl	10005b1c <dcd_edpt_stall>
10006050:	e68a      	b.n	10005d68 <tud_task_ext+0x2c>
10006052:	4810      	ldr	r0, [pc, #64]	@ (10006094 <tud_task_ext+0x358>)
10006054:	f000 fb9c 	bl	10006790 <usbd_control_set_complete_callback>
10006058:	2101      	movs	r1, #1
1000605a:	4658      	mov	r0, fp
1000605c:	aa0e      	add	r2, sp, #56	@ 0x38
1000605e:	f7ff f8cd 	bl	100051fc <tud_vendor_control_xfer_cb>
10006062:	2800      	cmp	r0, #0
10006064:	d000      	beq.n	10006068 <tud_task_ext+0x32c>
10006066:	e67f      	b.n	10005d68 <tud_task_ext+0x2c>
10006068:	e7ea      	b.n	10006040 <tud_task_ext+0x304>
1000606a:	46c0      	nop			@ (mov r8, r8)
1000606c:	2000110c 	.word	0x2000110c
10006070:	10008f50 	.word	0x10008f50
10006074:	20001bd8 	.word	0x20001bd8
10006078:	20001b80 	.word	0x20001b80
1000607c:	10008ff8 	.word	0x10008ff8
10006080:	20002569 	.word	0x20002569
10006084:	200019d0 	.word	0x200019d0
10006088:	2000256b 	.word	0x2000256b
1000608c:	10008f74 	.word	0x10008f74
10006090:	20001b84 	.word	0x20001b84
10006094:	100051fd 	.word	0x100051fd
10006098:	7a23      	ldrb	r3, [r4, #8]
1000609a:	2b0f      	cmp	r3, #15
1000609c:	d8d0      	bhi.n	10006040 <tud_task_ext+0x304>
1000609e:	4acf      	ldr	r2, [pc, #828]	@ (100063dc <tud_task_ext+0x6a0>)
100060a0:	18eb      	adds	r3, r5, r3
100060a2:	791b      	ldrb	r3, [r3, #4]
100060a4:	7815      	ldrb	r5, [r2, #0]
100060a6:	42ab      	cmp	r3, r5
100060a8:	d33e      	bcc.n	10006128 <tud_task_ext+0x3ec>
100060aa:	1c69      	adds	r1, r5, #1
100060ac:	4299      	cmp	r1, r3
100060ae:	dbc7      	blt.n	10006040 <tud_task_ext+0x304>
100060b0:	1b5d      	subs	r5, r3, r5
100060b2:	4bcb      	ldr	r3, [pc, #812]	@ (100063e0 <tud_task_ext+0x6a4>)
100060b4:	016d      	lsls	r5, r5, #5
100060b6:	18ed      	adds	r5, r5, r3
100060b8:	6968      	ldr	r0, [r5, #20]
100060ba:	f000 fb69 	bl	10006790 <usbd_control_set_complete_callback>
100060be:	2101      	movs	r1, #1
100060c0:	4658      	mov	r0, fp
100060c2:	696b      	ldr	r3, [r5, #20]
100060c4:	aa0e      	add	r2, sp, #56	@ 0x38
100060c6:	4798      	blx	r3
100060c8:	2800      	cmp	r0, #0
100060ca:	d000      	beq.n	100060ce <tud_task_ext+0x392>
100060cc:	e64c      	b.n	10005d68 <tud_task_ext+0x2c>
100060ce:	2260      	movs	r2, #96	@ 0x60
100060d0:	0015      	movs	r5, r2
100060d2:	7923      	ldrb	r3, [r4, #4]
100060d4:	401d      	ands	r5, r3
100060d6:	421a      	tst	r2, r3
100060d8:	d1b2      	bne.n	10006040 <tud_task_ext+0x304>
100060da:	7963      	ldrb	r3, [r4, #5]
100060dc:	3b0a      	subs	r3, #10
100060de:	2b01      	cmp	r3, #1
100060e0:	d8ae      	bhi.n	10006040 <tud_task_ext+0x304>
100060e2:	f000 fb55 	bl	10006790 <usbd_control_set_complete_callback>
100060e6:	7963      	ldrb	r3, [r4, #5]
100060e8:	2b0a      	cmp	r3, #10
100060ea:	d100      	bne.n	100060ee <tud_task_ext+0x3b2>
100060ec:	e199      	b.n	10006422 <tud_task_ext+0x6e6>
100060ee:	4658      	mov	r0, fp
100060f0:	a90e      	add	r1, sp, #56	@ 0x38
100060f2:	f000 fad9 	bl	100066a8 <tud_control_status>
100060f6:	e637      	b.n	10005d68 <tud_task_ext+0x2c>
100060f8:	1c43      	adds	r3, r0, #1
100060fa:	454b      	cmp	r3, r9
100060fc:	da00      	bge.n	10006100 <tud_task_ext+0x3c4>
100060fe:	e0f7      	b.n	100062f0 <tud_task_ext+0x5b4>
10006100:	464b      	mov	r3, r9
10006102:	1a1b      	subs	r3, r3, r0
10006104:	015b      	lsls	r3, r3, #5
10006106:	4699      	mov	r9, r3
10006108:	48b5      	ldr	r0, [pc, #724]	@ (100063e0 <tud_task_ext+0x6a4>)
1000610a:	4481      	add	r9, r0
1000610c:	2a00      	cmp	r2, #0
1000610e:	d100      	bne.n	10006112 <tud_task_ext+0x3d6>
10006110:	e0f3      	b.n	100062fa <tud_task_ext+0x5be>
10006112:	464b      	mov	r3, r9
10006114:	6958      	ldr	r0, [r3, #20]
10006116:	f000 fb3b 	bl	10006790 <usbd_control_set_complete_callback>
1000611a:	464b      	mov	r3, r9
1000611c:	2101      	movs	r1, #1
1000611e:	4658      	mov	r0, fp
10006120:	695b      	ldr	r3, [r3, #20]
10006122:	aa0e      	add	r2, sp, #56	@ 0x38
10006124:	4798      	blx	r3
10006126:	e79c      	b.n	10006062 <tud_task_ext+0x326>
10006128:	4aae      	ldr	r2, [pc, #696]	@ (100063e4 <tud_task_ext+0x6a8>)
1000612a:	015b      	lsls	r3, r3, #5
1000612c:	6815      	ldr	r5, [r2, #0]
1000612e:	18ed      	adds	r5, r5, r3
10006130:	2d00      	cmp	r5, #0
10006132:	d1c1      	bne.n	100060b8 <tud_task_ext+0x37c>
10006134:	e784      	b.n	10006040 <tud_task_ext+0x304>
10006136:	79a3      	ldrb	r3, [r4, #6]
10006138:	4699      	mov	r9, r3
1000613a:	786b      	ldrb	r3, [r5, #1]
1000613c:	4599      	cmp	r9, r3
1000613e:	d0d6      	beq.n	100060ee <tud_task_ext+0x3b2>
10006140:	786b      	ldrb	r3, [r5, #1]
10006142:	2b00      	cmp	r3, #0
10006144:	d000      	beq.n	10006148 <tud_task_ext+0x40c>
10006146:	e133      	b.n	100063b0 <tud_task_ext+0x674>
10006148:	464b      	mov	r3, r9
1000614a:	706b      	strb	r3, [r5, #1]
1000614c:	2b00      	cmp	r3, #0
1000614e:	d100      	bne.n	10006152 <tud_task_ext+0x416>
10006150:	e12b      	b.n	100063aa <tud_task_ext+0x66e>
10006152:	4648      	mov	r0, r9
10006154:	3801      	subs	r0, #1
10006156:	b2c0      	uxtb	r0, r0
10006158:	f7ff fa92 	bl	10005680 <tud_descriptor_configuration_cb>
1000615c:	2800      	cmp	r0, #0
1000615e:	d100      	bne.n	10006162 <tud_task_ext+0x426>
10006160:	e17e      	b.n	10006460 <tud_task_ext+0x724>
10006162:	7843      	ldrb	r3, [r0, #1]
10006164:	9307      	str	r3, [sp, #28]
10006166:	2b02      	cmp	r3, #2
10006168:	d000      	beq.n	1000616c <tud_task_ext+0x430>
1000616a:	e179      	b.n	10006460 <tud_task_ext+0x724>
1000616c:	2201      	movs	r2, #1
1000616e:	79c1      	ldrb	r1, [r0, #7]
10006170:	46b1      	mov	r9, r6
10006172:	118b      	asrs	r3, r1, #6
10006174:	1149      	asrs	r1, r1, #5
10006176:	4013      	ands	r3, r2
10006178:	400a      	ands	r2, r1
1000617a:	2130      	movs	r1, #48	@ 0x30
1000617c:	0112      	lsls	r2, r2, #4
1000617e:	015b      	lsls	r3, r3, #5
10006180:	4313      	orrs	r3, r2
10006182:	782a      	ldrb	r2, [r5, #0]
10006184:	46a8      	mov	r8, r5
10006186:	438a      	bics	r2, r1
10006188:	4313      	orrs	r3, r2
1000618a:	702b      	strb	r3, [r5, #0]
1000618c:	2309      	movs	r3, #9
1000618e:	469a      	mov	sl, r3
10006190:	4482      	add	sl, r0
10006192:	4656      	mov	r6, sl
10006194:	46ba      	mov	sl, r7
10006196:	78c3      	ldrb	r3, [r0, #3]
10006198:	7882      	ldrb	r2, [r0, #2]
1000619a:	021b      	lsls	r3, r3, #8
1000619c:	4313      	orrs	r3, r2
1000619e:	18c3      	adds	r3, r0, r3
100061a0:	9305      	str	r3, [sp, #20]
100061a2:	4b8e      	ldr	r3, [pc, #568]	@ (100063dc <tud_task_ext+0x6a0>)
100061a4:	9304      	str	r3, [sp, #16]
100061a6:	4b8e      	ldr	r3, [pc, #568]	@ (100063e0 <tud_task_ext+0x6a4>)
100061a8:	9308      	str	r3, [sp, #32]
100061aa:	4b8e      	ldr	r3, [pc, #568]	@ (100063e4 <tud_task_ext+0x6a8>)
100061ac:	9309      	str	r3, [sp, #36]	@ 0x24
100061ae:	4b8e      	ldr	r3, [pc, #568]	@ (100063e8 <tud_task_ext+0x6ac>)
100061b0:	930a      	str	r3, [sp, #40]	@ 0x28
100061b2:	9b05      	ldr	r3, [sp, #20]
100061b4:	42b3      	cmp	r3, r6
100061b6:	d800      	bhi.n	100061ba <tud_task_ext+0x47e>
100061b8:	e155      	b.n	10006466 <tud_task_ext+0x72a>
100061ba:	7873      	ldrb	r3, [r6, #1]
100061bc:	2201      	movs	r2, #1
100061be:	2b0b      	cmp	r3, #11
100061c0:	d103      	bne.n	100061ca <tud_task_ext+0x48e>
100061c2:	7833      	ldrb	r3, [r6, #0]
100061c4:	78f2      	ldrb	r2, [r6, #3]
100061c6:	18f6      	adds	r6, r6, r3
100061c8:	7873      	ldrb	r3, [r6, #1]
100061ca:	2b04      	cmp	r3, #4
100061cc:	d000      	beq.n	100061d0 <tud_task_ext+0x494>
100061ce:	e144      	b.n	1000645a <tud_task_ext+0x71e>
100061d0:	9b05      	ldr	r3, [sp, #20]
100061d2:	2700      	movs	r7, #0
100061d4:	1b9b      	subs	r3, r3, r6
100061d6:	b29b      	uxth	r3, r3
100061d8:	9306      	str	r3, [sp, #24]
100061da:	9b04      	ldr	r3, [sp, #16]
100061dc:	920b      	str	r2, [sp, #44]	@ 0x2c
100061de:	781d      	ldrb	r5, [r3, #0]
100061e0:	2300      	movs	r3, #0
100061e2:	9303      	str	r3, [sp, #12]
100061e4:	e01b      	b.n	1000621e <tud_task_ext+0x4e2>
100061e6:	9a09      	ldr	r2, [sp, #36]	@ 0x24
100061e8:	017b      	lsls	r3, r7, #5
100061ea:	6815      	ldr	r5, [r2, #0]
100061ec:	18ed      	adds	r5, r5, r3
100061ee:	2d00      	cmp	r5, #0
100061f0:	d100      	bne.n	100061f4 <tud_task_ext+0x4b8>
100061f2:	e132      	b.n	1000645a <tud_task_ext+0x71e>
100061f4:	0031      	movs	r1, r6
100061f6:	4658      	mov	r0, fp
100061f8:	692b      	ldr	r3, [r5, #16]
100061fa:	9a06      	ldr	r2, [sp, #24]
100061fc:	4798      	blx	r3
100061fe:	4684      	mov	ip, r0
10006200:	2808      	cmp	r0, #8
10006202:	d903      	bls.n	1000620c <tud_task_ext+0x4d0>
10006204:	9a06      	ldr	r2, [sp, #24]
10006206:	4282      	cmp	r2, r0
10006208:	d300      	bcc.n	1000620c <tud_task_ext+0x4d0>
1000620a:	e113      	b.n	10006434 <tud_task_ext+0x6f8>
1000620c:	9b04      	ldr	r3, [sp, #16]
1000620e:	3701      	adds	r7, #1
10006210:	781d      	ldrb	r5, [r3, #0]
10006212:	b2ff      	uxtb	r7, r7
10006214:	1c6b      	adds	r3, r5, #1
10006216:	9703      	str	r7, [sp, #12]
10006218:	429f      	cmp	r7, r3
1000621a:	dd00      	ble.n	1000621e <tud_task_ext+0x4e2>
1000621c:	e11d      	b.n	1000645a <tud_task_ext+0x71e>
1000621e:	42bd      	cmp	r5, r7
10006220:	d8e1      	bhi.n	100061e6 <tud_task_ext+0x4aa>
10006222:	9b03      	ldr	r3, [sp, #12]
10006224:	1b5d      	subs	r5, r3, r5
10006226:	9b08      	ldr	r3, [sp, #32]
10006228:	016d      	lsls	r5, r5, #5
1000622a:	469c      	mov	ip, r3
1000622c:	4465      	add	r5, ip
1000622e:	e7e1      	b.n	100061f4 <tud_task_ext+0x4b8>
10006230:	786b      	ldrb	r3, [r5, #1]
10006232:	aa0c      	add	r2, sp, #48	@ 0x30
10006234:	3202      	adds	r2, #2
10006236:	7013      	strb	r3, [r2, #0]
10006238:	4658      	mov	r0, fp
1000623a:	2301      	movs	r3, #1
1000623c:	a90e      	add	r1, sp, #56	@ 0x38
1000623e:	f000 fa49 	bl	100066d4 <tud_control_xfer>
10006242:	e591      	b.n	10005d68 <tud_task_ext+0x2c>
10006244:	88e3      	ldrh	r3, [r4, #6]
10006246:	0a1a      	lsrs	r2, r3, #8
10006248:	b2d8      	uxtb	r0, r3
1000624a:	2a0f      	cmp	r2, #15
1000624c:	d900      	bls.n	10006250 <tud_task_ext+0x514>
1000624e:	e6f7      	b.n	10006040 <tud_task_ext+0x304>
10006250:	4966      	ldr	r1, [pc, #408]	@ (100063ec <tud_task_ext+0x6b0>)
10006252:	0093      	lsls	r3, r2, #2
10006254:	58cb      	ldr	r3, [r1, r3]
10006256:	469f      	mov	pc, r3
10006258:	a80e      	add	r0, sp, #56	@ 0x38
1000625a:	f000 fa9f 	bl	1000679c <usbd_control_set_request>
1000625e:	4658      	mov	r0, fp
10006260:	79a1      	ldrb	r1, [r4, #6]
10006262:	f7ff fb95 	bl	10005990 <dcd_set_address>
10006266:	2202      	movs	r2, #2
10006268:	782b      	ldrb	r3, [r5, #0]
1000626a:	4313      	orrs	r3, r2
1000626c:	702b      	strb	r3, [r5, #0]
1000626e:	e57b      	b.n	10005d68 <tud_task_ext+0x2c>
10006270:	88e3      	ldrh	r3, [r4, #6]
10006272:	2b01      	cmp	r3, #1
10006274:	d000      	beq.n	10006278 <tud_task_ext+0x53c>
10006276:	e6e3      	b.n	10006040 <tud_task_ext+0x304>
10006278:	2208      	movs	r2, #8
1000627a:	782b      	ldrb	r3, [r5, #0]
1000627c:	4658      	mov	r0, fp
1000627e:	4393      	bics	r3, r2
10006280:	a90e      	add	r1, sp, #56	@ 0x38
10006282:	702b      	strb	r3, [r5, #0]
10006284:	f000 fa10 	bl	100066a8 <tud_control_status>
10006288:	e56e      	b.n	10005d68 <tud_task_ext+0x2c>
1000628a:	2002      	movs	r0, #2
1000628c:	7829      	ldrb	r1, [r5, #0]
1000628e:	ab0c      	add	r3, sp, #48	@ 0x30
10006290:	1c9a      	adds	r2, r3, #2
10006292:	068b      	lsls	r3, r1, #26
10006294:	0889      	lsrs	r1, r1, #2
10006296:	0fdb      	lsrs	r3, r3, #31
10006298:	4001      	ands	r1, r0
1000629a:	430b      	orrs	r3, r1
1000629c:	8013      	strh	r3, [r2, #0]
1000629e:	4658      	mov	r0, fp
100062a0:	2302      	movs	r3, #2
100062a2:	a90e      	add	r1, sp, #56	@ 0x38
100062a4:	f000 fa16 	bl	100066d4 <tud_control_xfer>
100062a8:	e55e      	b.n	10005d68 <tud_task_ext+0x2c>
100062aa:	88e3      	ldrh	r3, [r4, #6]
100062ac:	2b01      	cmp	r3, #1
100062ae:	d000      	beq.n	100062b2 <tud_task_ext+0x576>
100062b0:	e6c6      	b.n	10006040 <tud_task_ext+0x304>
100062b2:	2208      	movs	r2, #8
100062b4:	782b      	ldrb	r3, [r5, #0]
100062b6:	4313      	orrs	r3, r2
100062b8:	702b      	strb	r3, [r5, #0]
100062ba:	e718      	b.n	100060ee <tud_task_ext+0x3b2>
100062bc:	7a23      	ldrb	r3, [r4, #8]
100062be:	2b0f      	cmp	r3, #15
100062c0:	d900      	bls.n	100062c4 <tud_task_ext+0x588>
100062c2:	e6bd      	b.n	10006040 <tud_task_ext+0x304>
100062c4:	18eb      	adds	r3, r5, r3
100062c6:	791d      	ldrb	r5, [r3, #4]
100062c8:	4b44      	ldr	r3, [pc, #272]	@ (100063dc <tud_task_ext+0x6a0>)
100062ca:	781b      	ldrb	r3, [r3, #0]
100062cc:	429d      	cmp	r5, r3
100062ce:	d228      	bcs.n	10006322 <tud_task_ext+0x5e6>
100062d0:	4b44      	ldr	r3, [pc, #272]	@ (100063e4 <tud_task_ext+0x6a8>)
100062d2:	016d      	lsls	r5, r5, #5
100062d4:	681b      	ldr	r3, [r3, #0]
100062d6:	195d      	adds	r5, r3, r5
100062d8:	2d00      	cmp	r5, #0
100062da:	d100      	bne.n	100062de <tud_task_ext+0x5a2>
100062dc:	e6b0      	b.n	10006040 <tud_task_ext+0x304>
100062de:	6968      	ldr	r0, [r5, #20]
100062e0:	f000 fa56 	bl	10006790 <usbd_control_set_complete_callback>
100062e4:	2101      	movs	r1, #1
100062e6:	4658      	mov	r0, fp
100062e8:	696b      	ldr	r3, [r5, #20]
100062ea:	aa0e      	add	r2, sp, #56	@ 0x38
100062ec:	4798      	blx	r3
100062ee:	e6b8      	b.n	10006062 <tud_task_ext+0x326>
100062f0:	2a00      	cmp	r2, #0
100062f2:	d000      	beq.n	100062f6 <tud_task_ext+0x5ba>
100062f4:	e6a4      	b.n	10006040 <tud_task_ext+0x304>
100062f6:	2300      	movs	r3, #0
100062f8:	4699      	mov	r9, r3
100062fa:	7962      	ldrb	r2, [r4, #5]
100062fc:	2002      	movs	r0, #2
100062fe:	0013      	movs	r3, r2
10006300:	9203      	str	r2, [sp, #12]
10006302:	4383      	bics	r3, r0
10006304:	2b01      	cmp	r3, #1
10006306:	d015      	beq.n	10006334 <tud_task_ext+0x5f8>
10006308:	2a00      	cmp	r2, #0
1000630a:	d000      	beq.n	1000630e <tud_task_ext+0x5d2>
1000630c:	e698      	b.n	10006040 <tud_task_ext+0x304>
1000630e:	002b      	movs	r3, r5
10006310:	4443      	add	r3, r8
10006312:	4453      	add	r3, sl
10006314:	3330      	adds	r3, #48	@ 0x30
10006316:	791b      	ldrb	r3, [r3, #4]
10006318:	aa0c      	add	r2, sp, #48	@ 0x30
1000631a:	079b      	lsls	r3, r3, #30
1000631c:	0fdb      	lsrs	r3, r3, #31
1000631e:	3202      	adds	r2, #2
10006320:	e7bc      	b.n	1000629c <tud_task_ext+0x560>
10006322:	1c5a      	adds	r2, r3, #1
10006324:	42aa      	cmp	r2, r5
10006326:	da00      	bge.n	1000632a <tud_task_ext+0x5ee>
10006328:	e68a      	b.n	10006040 <tud_task_ext+0x304>
1000632a:	1aed      	subs	r5, r5, r3
1000632c:	4b2c      	ldr	r3, [pc, #176]	@ (100063e0 <tud_task_ext+0x6a4>)
1000632e:	016d      	lsls	r5, r5, #5
10006330:	18ed      	adds	r5, r5, r3
10006332:	e7d4      	b.n	100062de <tud_task_ext+0x5a2>
10006334:	88e3      	ldrh	r3, [r4, #6]
10006336:	2b00      	cmp	r3, #0
10006338:	d112      	bne.n	10006360 <tud_task_ext+0x624>
1000633a:	9b02      	ldr	r3, [sp, #8]
1000633c:	7818      	ldrb	r0, [r3, #0]
1000633e:	9b03      	ldr	r3, [sp, #12]
10006340:	2b01      	cmp	r3, #1
10006342:	d023      	beq.n	1000638c <tud_task_ext+0x650>
10006344:	f7ff fbea 	bl	10005b1c <dcd_edpt_stall>
10006348:	4643      	mov	r3, r8
1000634a:	2102      	movs	r1, #2
1000634c:	18eb      	adds	r3, r5, r3
1000634e:	4453      	add	r3, sl
10006350:	3330      	adds	r3, #48	@ 0x30
10006352:	791a      	ldrb	r2, [r3, #4]
10006354:	430a      	orrs	r2, r1
10006356:	2101      	movs	r1, #1
10006358:	711a      	strb	r2, [r3, #4]
1000635a:	791a      	ldrb	r2, [r3, #4]
1000635c:	430a      	orrs	r2, r1
1000635e:	711a      	strb	r2, [r3, #4]
10006360:	464b      	mov	r3, r9
10006362:	2b00      	cmp	r3, #0
10006364:	d100      	bne.n	10006368 <tud_task_ext+0x62c>
10006366:	e4ff      	b.n	10005d68 <tud_task_ext+0x2c>
10006368:	6958      	ldr	r0, [r3, #20]
1000636a:	f000 fa11 	bl	10006790 <usbd_control_set_complete_callback>
1000636e:	464b      	mov	r3, r9
10006370:	2101      	movs	r1, #1
10006372:	695b      	ldr	r3, [r3, #20]
10006374:	aa0e      	add	r2, sp, #56	@ 0x38
10006376:	4658      	mov	r0, fp
10006378:	4798      	blx	r3
1000637a:	2000      	movs	r0, #0
1000637c:	f000 fa08 	bl	10006790 <usbd_control_set_complete_callback>
10006380:	2335      	movs	r3, #53	@ 0x35
10006382:	5ceb      	ldrb	r3, [r5, r3]
10006384:	07db      	lsls	r3, r3, #31
10006386:	d500      	bpl.n	1000638a <tud_task_ext+0x64e>
10006388:	e4ee      	b.n	10005d68 <tud_task_ext+0x2c>
1000638a:	e6b0      	b.n	100060ee <tud_task_ext+0x3b2>
1000638c:	f7ff fbe4 	bl	10005b58 <dcd_edpt_clear_stall>
10006390:	4643      	mov	r3, r8
10006392:	2102      	movs	r1, #2
10006394:	18eb      	adds	r3, r5, r3
10006396:	4453      	add	r3, sl
10006398:	3330      	adds	r3, #48	@ 0x30
1000639a:	791a      	ldrb	r2, [r3, #4]
1000639c:	438a      	bics	r2, r1
1000639e:	711a      	strb	r2, [r3, #4]
100063a0:	791a      	ldrb	r2, [r3, #4]
100063a2:	9903      	ldr	r1, [sp, #12]
100063a4:	438a      	bics	r2, r1
100063a6:	711a      	strb	r2, [r3, #4]
100063a8:	e7da      	b.n	10006360 <tud_task_ext+0x624>
100063aa:	f7ff fc37 	bl	10005c1c <tud_umount_cb>
100063ae:	e69e      	b.n	100060ee <tud_task_ext+0x3b2>
100063b0:	2100      	movs	r1, #0
100063b2:	4658      	mov	r0, fp
100063b4:	f7ff faf6 	bl	100059a4 <dcd_sof_enable>
100063b8:	4658      	mov	r0, fp
100063ba:	f7ff fb99 	bl	10005af0 <dcd_edpt_close_all>
100063be:	78ab      	ldrb	r3, [r5, #2]
100063c0:	4907      	ldr	r1, [pc, #28]	@ (100063e0 <tud_task_ext+0x6a4>)
100063c2:	9303      	str	r3, [sp, #12]
100063c4:	9104      	str	r1, [sp, #16]
100063c6:	4b05      	ldr	r3, [pc, #20]	@ (100063dc <tud_task_ext+0x6a0>)
100063c8:	4906      	ldr	r1, [pc, #24]	@ (100063e4 <tud_task_ext+0x6a8>)
100063ca:	4698      	mov	r8, r3
100063cc:	781a      	ldrb	r2, [r3, #0]
100063ce:	9105      	str	r1, [sp, #20]
100063d0:	2300      	movs	r3, #0
100063d2:	0029      	movs	r1, r5
100063d4:	001d      	movs	r5, r3
100063d6:	468a      	mov	sl, r1
100063d8:	e01b      	b.n	10006412 <tud_task_ext+0x6d6>
100063da:	46c0      	nop			@ (mov r8, r8)
100063dc:	20002569 	.word	0x20002569
100063e0:	10008ff8 	.word	0x10008ff8
100063e4:	200019d0 	.word	0x200019d0
100063e8:	20001b94 	.word	0x20001b94
100063ec:	10008f9c 	.word	0x10008f9c
100063f0:	9b05      	ldr	r3, [sp, #20]
100063f2:	016a      	lsls	r2, r5, #5
100063f4:	681b      	ldr	r3, [r3, #0]
100063f6:	189b      	adds	r3, r3, r2
100063f8:	2b00      	cmp	r3, #0
100063fa:	d04d      	beq.n	10006498 <tud_task_ext+0x75c>
100063fc:	68db      	ldr	r3, [r3, #12]
100063fe:	4658      	mov	r0, fp
10006400:	4798      	blx	r3
10006402:	4643      	mov	r3, r8
10006404:	781a      	ldrb	r2, [r3, #0]
10006406:	3501      	adds	r5, #1
10006408:	b2ed      	uxtb	r5, r5
1000640a:	1c51      	adds	r1, r2, #1
1000640c:	002b      	movs	r3, r5
1000640e:	428d      	cmp	r5, r1
10006410:	dc2e      	bgt.n	10006470 <tud_task_ext+0x734>
10006412:	4295      	cmp	r5, r2
10006414:	d3ec      	bcc.n	100063f0 <tud_task_ext+0x6b4>
10006416:	1a9b      	subs	r3, r3, r2
10006418:	9a04      	ldr	r2, [sp, #16]
1000641a:	015b      	lsls	r3, r3, #5
1000641c:	4694      	mov	ip, r2
1000641e:	4463      	add	r3, ip
10006420:	e7ec      	b.n	100063fc <tud_task_ext+0x6c0>
10006422:	ab0c      	add	r3, sp, #48	@ 0x30
10006424:	1c9a      	adds	r2, r3, #2
10006426:	4658      	mov	r0, fp
10006428:	2301      	movs	r3, #1
1000642a:	a90e      	add	r1, sp, #56	@ 0x38
1000642c:	7015      	strb	r5, [r2, #0]
1000642e:	f000 f951 	bl	100066d4 <tud_control_xfer>
10006432:	e499      	b.n	10005d68 <tud_task_ext+0x2c>
10006434:	9a0b      	ldr	r2, [sp, #44]	@ 0x2c
10006436:	2a01      	cmp	r2, #1
10006438:	d04f      	beq.n	100064da <tud_task_ext+0x79e>
1000643a:	2a00      	cmp	r2, #0
1000643c:	d03c      	beq.n	100064b8 <tud_task_ext+0x77c>
1000643e:	2300      	movs	r3, #0
10006440:	78b0      	ldrb	r0, [r6, #2]
10006442:	e004      	b.n	1000644e <tud_task_ext+0x712>
10006444:	3301      	adds	r3, #1
10006446:	b2db      	uxtb	r3, r3
10006448:	710f      	strb	r7, [r1, #4]
1000644a:	4293      	cmp	r3, r2
1000644c:	d234      	bcs.n	100064b8 <tud_task_ext+0x77c>
1000644e:	18c1      	adds	r1, r0, r3
10006450:	b2c9      	uxtb	r1, r1
10006452:	4441      	add	r1, r8
10006454:	790d      	ldrb	r5, [r1, #4]
10006456:	2dff      	cmp	r5, #255	@ 0xff
10006458:	d0f4      	beq.n	10006444 <tud_task_ext+0x708>
1000645a:	464e      	mov	r6, r9
1000645c:	4645      	mov	r5, r8
1000645e:	4657      	mov	r7, sl
10006460:	2300      	movs	r3, #0
10006462:	706b      	strb	r3, [r5, #1]
10006464:	e5ec      	b.n	10006040 <tud_task_ext+0x304>
10006466:	464e      	mov	r6, r9
10006468:	4657      	mov	r7, sl
1000646a:	f7ff fbd5 	bl	10005c18 <tud_mount_cb>
1000646e:	e63e      	b.n	100060ee <tud_task_ext+0x3b2>
10006470:	4655      	mov	r5, sl
10006472:	2254      	movs	r2, #84	@ 0x54
10006474:	2100      	movs	r1, #0
10006476:	0028      	movs	r0, r5
10006478:	f7fc fed2 	bl	10003220 <__wrap_memset>
1000647c:	2210      	movs	r2, #16
1000647e:	21ff      	movs	r1, #255	@ 0xff
10006480:	1d28      	adds	r0, r5, #4
10006482:	f7fc fecd 	bl	10003220 <__wrap_memset>
10006486:	0028      	movs	r0, r5
10006488:	2220      	movs	r2, #32
1000648a:	21ff      	movs	r1, #255	@ 0xff
1000648c:	3014      	adds	r0, #20
1000648e:	f7fc fec7 	bl	10003220 <__wrap_memset>
10006492:	9b03      	ldr	r3, [sp, #12]
10006494:	70ab      	strb	r3, [r5, #2]
10006496:	e657      	b.n	10006148 <tud_task_ext+0x40c>
10006498:	4655      	mov	r5, sl
1000649a:	e7fa      	b.n	10006492 <tud_task_ext+0x756>
1000649c:	f7fe feaa 	bl	100051f4 <tud_descriptor_bos_cb>
100064a0:	1e02      	subs	r2, r0, #0
100064a2:	d100      	bne.n	100064a6 <tud_task_ext+0x76a>
100064a4:	e5cc      	b.n	10006040 <tud_task_ext+0x304>
100064a6:	78d3      	ldrb	r3, [r2, #3]
100064a8:	7891      	ldrb	r1, [r2, #2]
100064aa:	021b      	lsls	r3, r3, #8
100064ac:	430b      	orrs	r3, r1
100064ae:	4658      	mov	r0, fp
100064b0:	a90e      	add	r1, sp, #56	@ 0x38
100064b2:	f000 f90f 	bl	100066d4 <tud_control_xfer>
100064b6:	e5d4      	b.n	10006062 <tud_task_ext+0x326>
100064b8:	4665      	mov	r5, ip
100064ba:	003b      	movs	r3, r7
100064bc:	002a      	movs	r2, r5
100064be:	0031      	movs	r1, r6
100064c0:	980a      	ldr	r0, [sp, #40]	@ 0x28
100064c2:	f000 fe7f 	bl	100071c4 <tu_edpt_bind_driver>
100064c6:	46ac      	mov	ip, r5
100064c8:	9b04      	ldr	r3, [sp, #16]
100064ca:	9a03      	ldr	r2, [sp, #12]
100064cc:	781b      	ldrb	r3, [r3, #0]
100064ce:	4466      	add	r6, ip
100064d0:	3301      	adds	r3, #1
100064d2:	4293      	cmp	r3, r2
100064d4:	db00      	blt.n	100064d8 <tud_task_ext+0x79c>
100064d6:	e66c      	b.n	100061b2 <tud_task_ext+0x476>
100064d8:	e7bf      	b.n	1000645a <tud_task_ext+0x71e>
100064da:	4b17      	ldr	r3, [pc, #92]	@ (10006538 <tud_task_ext+0x7fc>)
100064dc:	6929      	ldr	r1, [r5, #16]
100064de:	4299      	cmp	r1, r3
100064e0:	d1ad      	bne.n	1000643e <tud_task_ext+0x702>
100064e2:	9a07      	ldr	r2, [sp, #28]
100064e4:	e7ab      	b.n	1000643e <tud_task_ext+0x702>
100064e6:	f7ff fb93 	bl	10005c10 <tud_descriptor_device_qualifier_cb>
100064ea:	1e02      	subs	r2, r0, #0
100064ec:	d100      	bne.n	100064f0 <tud_task_ext+0x7b4>
100064ee:	e5a7      	b.n	10006040 <tud_task_ext+0x304>
100064f0:	4658      	mov	r0, fp
100064f2:	7813      	ldrb	r3, [r2, #0]
100064f4:	a90e      	add	r1, sp, #56	@ 0x38
100064f6:	f000 f8ed 	bl	100066d4 <tud_control_xfer>
100064fa:	e5b2      	b.n	10006062 <tud_task_ext+0x326>
100064fc:	8921      	ldrh	r1, [r4, #8]
100064fe:	f7ff f8c3 	bl	10005688 <tud_descriptor_string_cb>
10006502:	1e02      	subs	r2, r0, #0
10006504:	d1f4      	bne.n	100064f0 <tud_task_ext+0x7b4>
10006506:	e59b      	b.n	10006040 <tud_task_ext+0x304>
10006508:	2a02      	cmp	r2, #2
1000650a:	d00f      	beq.n	1000652c <tud_task_ext+0x7f0>
1000650c:	f7ff fb82 	bl	10005c14 <tud_descriptor_other_speed_configuration_cb>
10006510:	1e02      	subs	r2, r0, #0
10006512:	d1c8      	bne.n	100064a6 <tud_task_ext+0x76a>
10006514:	e594      	b.n	10006040 <tud_task_ext+0x304>
10006516:	f7ff f8af 	bl	10005678 <tud_descriptor_device_cb>
1000651a:	1e02      	subs	r2, r0, #0
1000651c:	d100      	bne.n	10006520 <tud_task_ext+0x7e4>
1000651e:	e58f      	b.n	10006040 <tud_task_ext+0x304>
10006520:	2312      	movs	r3, #18
10006522:	4658      	mov	r0, fp
10006524:	a90e      	add	r1, sp, #56	@ 0x38
10006526:	f000 f8d5 	bl	100066d4 <tud_control_xfer>
1000652a:	e59a      	b.n	10006062 <tud_task_ext+0x326>
1000652c:	f7ff f8a8 	bl	10005680 <tud_descriptor_configuration_cb>
10006530:	1e02      	subs	r2, r0, #0
10006532:	d1b8      	bne.n	100064a6 <tud_task_ext+0x76a>
10006534:	e584      	b.n	10006040 <tud_task_ext+0x304>
10006536:	46c0      	nop			@ (mov r8, r8)
10006538:	10006b8d 	.word	0x10006b8d

1000653c <usbd_open_edpt_pair>:
1000653c:	b5f8      	push	{r3, r4, r5, r6, r7, lr}
1000653e:	4657      	mov	r7, sl
10006540:	464e      	mov	r6, r9
10006542:	46de      	mov	lr, fp
10006544:	4645      	mov	r5, r8
10006546:	000c      	movs	r4, r1
10006548:	b5e0      	push	{r5, r6, r7, lr}
1000654a:	0016      	movs	r6, r2
1000654c:	001f      	movs	r7, r3
1000654e:	2a00      	cmp	r2, #0
10006550:	d03c      	beq.n	100065cc <usbd_open_edpt_pair+0x90>
10006552:	2370      	movs	r3, #112	@ 0x70
10006554:	4698      	mov	r8, r3
10006556:	4b1e      	ldr	r3, [pc, #120]	@ (100065d0 <usbd_open_edpt_pair+0x94>)
10006558:	2500      	movs	r5, #0
1000655a:	469b      	mov	fp, r3
1000655c:	4b1d      	ldr	r3, [pc, #116]	@ (100065d4 <usbd_open_edpt_pair+0x98>)
1000655e:	469a      	mov	sl, r3
10006560:	e01a      	b.n	10006598 <usbd_open_edpt_pair+0x5c>
10006562:	465b      	mov	r3, fp
10006564:	781b      	ldrb	r3, [r3, #0]
10006566:	0020      	movs	r0, r4
10006568:	4699      	mov	r9, r3
1000656a:	4653      	mov	r3, sl
1000656c:	7899      	ldrb	r1, [r3, #2]
1000656e:	f000 fdeb 	bl	10007148 <tu_edpt_validate>
10006572:	2800      	cmp	r0, #0
10006574:	d01c      	beq.n	100065b0 <usbd_open_edpt_pair+0x74>
10006576:	0021      	movs	r1, r4
10006578:	4648      	mov	r0, r9
1000657a:	f7ff fa2f 	bl	100059dc <dcd_edpt_open>
1000657e:	2800      	cmp	r0, #0
10006580:	d016      	beq.n	100065b0 <usbd_open_edpt_pair+0x74>
10006582:	78a3      	ldrb	r3, [r4, #2]
10006584:	09da      	lsrs	r2, r3, #7
10006586:	2a01      	cmp	r2, #1
10006588:	d019      	beq.n	100065be <usbd_open_edpt_pair+0x82>
1000658a:	9a0a      	ldr	r2, [sp, #40]	@ 0x28
1000658c:	3501      	adds	r5, #1
1000658e:	7013      	strb	r3, [r2, #0]
10006590:	7823      	ldrb	r3, [r4, #0]
10006592:	18e4      	adds	r4, r4, r3
10006594:	42b5      	cmp	r5, r6
10006596:	da19      	bge.n	100065cc <usbd_open_edpt_pair+0x90>
10006598:	7863      	ldrb	r3, [r4, #1]
1000659a:	2b05      	cmp	r3, #5
1000659c:	d108      	bne.n	100065b0 <usbd_open_edpt_pair+0x74>
1000659e:	78e3      	ldrb	r3, [r4, #3]
100065a0:	079b      	lsls	r3, r3, #30
100065a2:	0f9b      	lsrs	r3, r3, #30
100065a4:	42bb      	cmp	r3, r7
100065a6:	d103      	bne.n	100065b0 <usbd_open_edpt_pair+0x74>
100065a8:	4642      	mov	r2, r8
100065aa:	78a3      	ldrb	r3, [r4, #2]
100065ac:	421a      	tst	r2, r3
100065ae:	d0d8      	beq.n	10006562 <usbd_open_edpt_pair+0x26>
100065b0:	2000      	movs	r0, #0
100065b2:	bcf0      	pop	{r4, r5, r6, r7}
100065b4:	46bb      	mov	fp, r7
100065b6:	46b2      	mov	sl, r6
100065b8:	46a9      	mov	r9, r5
100065ba:	46a0      	mov	r8, r4
100065bc:	bdf8      	pop	{r3, r4, r5, r6, r7, pc}
100065be:	9a0b      	ldr	r2, [sp, #44]	@ 0x2c
100065c0:	3501      	adds	r5, #1
100065c2:	7013      	strb	r3, [r2, #0]
100065c4:	7823      	ldrb	r3, [r4, #0]
100065c6:	18e4      	adds	r4, r4, r3
100065c8:	42b5      	cmp	r5, r6
100065ca:	dbe5      	blt.n	10006598 <usbd_open_edpt_pair+0x5c>
100065cc:	2001      	movs	r0, #1
100065ce:	e7f0      	b.n	100065b2 <usbd_open_edpt_pair+0x76>
100065d0:	2000110c 	.word	0x2000110c
100065d4:	20001b80 	.word	0x20001b80

100065d8 <usbd_edpt_open>:
100065d8:	2270      	movs	r2, #112	@ 0x70
100065da:	b570      	push	{r4, r5, r6, lr}
100065dc:	788b      	ldrb	r3, [r1, #2]
100065de:	000c      	movs	r4, r1
100065e0:	421a      	tst	r2, r3
100065e2:	d001      	beq.n	100065e8 <usbd_edpt_open+0x10>
100065e4:	2000      	movs	r0, #0
100065e6:	bd70      	pop	{r4, r5, r6, pc}
100065e8:	4b06      	ldr	r3, [pc, #24]	@ (10006604 <usbd_edpt_open+0x2c>)
100065ea:	0020      	movs	r0, r4
100065ec:	781d      	ldrb	r5, [r3, #0]
100065ee:	4b06      	ldr	r3, [pc, #24]	@ (10006608 <usbd_edpt_open+0x30>)
100065f0:	7899      	ldrb	r1, [r3, #2]
100065f2:	f000 fda9 	bl	10007148 <tu_edpt_validate>
100065f6:	2800      	cmp	r0, #0
100065f8:	d0f4      	beq.n	100065e4 <usbd_edpt_open+0xc>
100065fa:	0021      	movs	r1, r4
100065fc:	0028      	movs	r0, r5
100065fe:	f7ff f9ed 	bl	100059dc <dcd_edpt_open>
10006602:	e7f0      	b.n	100065e6 <usbd_edpt_open+0xe>
10006604:	2000110c 	.word	0x2000110c
10006608:	20001b80 	.word	0x20001b80

1000660c <usbd_edpt_claim>:
1000660c:	000b      	movs	r3, r1
1000660e:	207f      	movs	r0, #127	@ 0x7f
10006610:	b510      	push	{r4, lr}
10006612:	4018      	ands	r0, r3
10006614:	09db      	lsrs	r3, r3, #7
10006616:	3334      	adds	r3, #52	@ 0x34
10006618:	0040      	lsls	r0, r0, #1
1000661a:	4a04      	ldr	r2, [pc, #16]	@ (1000662c <usbd_edpt_claim+0x20>)
1000661c:	18c0      	adds	r0, r0, r3
1000661e:	4b04      	ldr	r3, [pc, #16]	@ (10006630 <usbd_edpt_claim+0x24>)
10006620:	6811      	ldr	r1, [r2, #0]
10006622:	18c0      	adds	r0, r0, r3
10006624:	f000 fd4c 	bl	100070c0 <tu_edpt_claim>
10006628:	bd10      	pop	{r4, pc}
1000662a:	46c0      	nop			@ (mov r8, r8)
1000662c:	20001bd4 	.word	0x20001bd4
10006630:	20001b80 	.word	0x20001b80

10006634 <usbd_edpt_release>:
10006634:	000b      	movs	r3, r1
10006636:	207f      	movs	r0, #127	@ 0x7f
10006638:	b510      	push	{r4, lr}
1000663a:	4018      	ands	r0, r3
1000663c:	09db      	lsrs	r3, r3, #7
1000663e:	3334      	adds	r3, #52	@ 0x34
10006640:	0040      	lsls	r0, r0, #1
10006642:	4a04      	ldr	r2, [pc, #16]	@ (10006654 <usbd_edpt_release+0x20>)
10006644:	18c0      	adds	r0, r0, r3
10006646:	4b04      	ldr	r3, [pc, #16]	@ (10006658 <usbd_edpt_release+0x24>)
10006648:	6811      	ldr	r1, [r2, #0]
1000664a:	18c0      	adds	r0, r0, r3
1000664c:	f000 fd60 	bl	10007110 <tu_edpt_release>
10006650:	bd10      	pop	{r4, pc}
10006652:	46c0      	nop			@ (mov r8, r8)
10006654:	20001bd4 	.word	0x20001bd4
10006658:	20001b80 	.word	0x20001b80

1000665c <usbd_edpt_xfer>:
1000665c:	b570      	push	{r4, r5, r6, lr}
1000665e:	247f      	movs	r4, #127	@ 0x7f
10006660:	480f      	ldr	r0, [pc, #60]	@ (100066a0 <usbd_edpt_xfer+0x44>)
10006662:	400c      	ands	r4, r1
10006664:	0064      	lsls	r4, r4, #1
10006666:	1904      	adds	r4, r0, r4
10006668:	09cd      	lsrs	r5, r1, #7
1000666a:	1964      	adds	r4, r4, r5
1000666c:	3430      	adds	r4, #48	@ 0x30
1000666e:	7920      	ldrb	r0, [r4, #4]
10006670:	07c0      	lsls	r0, r0, #31
10006672:	d501      	bpl.n	10006678 <usbd_edpt_xfer+0x1c>
10006674:	2000      	movs	r0, #0
10006676:	bd70      	pop	{r4, r5, r6, pc}
10006678:	2601      	movs	r6, #1
1000667a:	7925      	ldrb	r5, [r4, #4]
1000667c:	4809      	ldr	r0, [pc, #36]	@ (100066a4 <usbd_edpt_xfer+0x48>)
1000667e:	4335      	orrs	r5, r6
10006680:	7800      	ldrb	r0, [r0, #0]
10006682:	7125      	strb	r5, [r4, #4]
10006684:	f7ff fa38 	bl	10005af8 <dcd_edpt_xfer>
10006688:	2800      	cmp	r0, #0
1000668a:	d1f4      	bne.n	10006676 <usbd_edpt_xfer+0x1a>
1000668c:	2201      	movs	r2, #1
1000668e:	7923      	ldrb	r3, [r4, #4]
10006690:	4393      	bics	r3, r2
10006692:	7123      	strb	r3, [r4, #4]
10006694:	7923      	ldrb	r3, [r4, #4]
10006696:	3203      	adds	r2, #3
10006698:	4393      	bics	r3, r2
1000669a:	7123      	strb	r3, [r4, #4]
1000669c:	e7ea      	b.n	10006674 <usbd_edpt_xfer+0x18>
1000669e:	46c0      	nop			@ (mov r8, r8)
100066a0:	20001b80 	.word	0x20001b80
100066a4:	2000110c 	.word	0x2000110c

100066a8 <tud_control_status>:
100066a8:	b570      	push	{r4, r5, r6, lr}
100066aa:	4c09      	ldr	r4, [pc, #36]	@ (100066d0 <tud_control_status+0x28>)
100066ac:	0006      	movs	r6, r0
100066ae:	2208      	movs	r2, #8
100066b0:	0020      	movs	r0, r4
100066b2:	000d      	movs	r5, r1
100066b4:	f7fc fdba 	bl	1000322c <__wrap___aeabi_memcpy>
100066b8:	2300      	movs	r3, #0
100066ba:	2180      	movs	r1, #128	@ 0x80
100066bc:	60e3      	str	r3, [r4, #12]
100066be:	60a3      	str	r3, [r4, #8]
100066c0:	782b      	ldrb	r3, [r5, #0]
100066c2:	0030      	movs	r0, r6
100066c4:	4399      	bics	r1, r3
100066c6:	2200      	movs	r2, #0
100066c8:	2300      	movs	r3, #0
100066ca:	f7ff ffc7 	bl	1000665c <usbd_edpt_xfer>
100066ce:	bd70      	pop	{r4, r5, r6, pc}
100066d0:	20001b60 	.word	0x20001b60

100066d4 <tud_control_xfer>:
100066d4:	b5f8      	push	{r3, r4, r5, r6, r7, lr}
100066d6:	46ce      	mov	lr, r9
100066d8:	4647      	mov	r7, r8
100066da:	4690      	mov	r8, r2
100066dc:	4e25      	ldr	r6, [pc, #148]	@ (10006774 <tud_control_xfer+0xa0>)
100066de:	b580      	push	{r7, lr}
100066e0:	4681      	mov	r9, r0
100066e2:	2208      	movs	r2, #8
100066e4:	0030      	movs	r0, r6
100066e6:	000d      	movs	r5, r1
100066e8:	001f      	movs	r7, r3
100066ea:	f7fc fd9f 	bl	1000322c <__wrap___aeabi_memcpy>
100066ee:	4643      	mov	r3, r8
100066f0:	60b3      	str	r3, [r6, #8]
100066f2:	2300      	movs	r3, #0
100066f4:	81f3      	strh	r3, [r6, #14]
100066f6:	79ec      	ldrb	r4, [r5, #7]
100066f8:	79ab      	ldrb	r3, [r5, #6]
100066fa:	0224      	lsls	r4, r4, #8
100066fc:	431c      	orrs	r4, r3
100066fe:	1c23      	adds	r3, r4, #0
10006700:	42bc      	cmp	r4, r7
10006702:	d900      	bls.n	10006706 <tud_control_xfer+0x32>
10006704:	1c3b      	adds	r3, r7, #0
10006706:	b29f      	uxth	r7, r3
10006708:	81b3      	strh	r3, [r6, #12]
1000670a:	2c00      	cmp	r4, #0
1000670c:	d00d      	beq.n	1000672a <tud_control_xfer+0x56>
1000670e:	2f00      	cmp	r7, #0
10006710:	d017      	beq.n	10006742 <tud_control_xfer+0x6e>
10006712:	4642      	mov	r2, r8
10006714:	2a00      	cmp	r2, #0
10006716:	d02b      	beq.n	10006770 <tud_control_xfer+0x9c>
10006718:	2f40      	cmp	r7, #64	@ 0x40
1000671a:	d81b      	bhi.n	10006754 <tud_control_xfer+0x80>
1000671c:	b29f      	uxth	r7, r3
1000671e:	7833      	ldrb	r3, [r6, #0]
10006720:	2b7f      	cmp	r3, #127	@ 0x7f
10006722:	d81c      	bhi.n	1000675e <tud_control_xfer+0x8a>
10006724:	2100      	movs	r1, #0
10006726:	4a14      	ldr	r2, [pc, #80]	@ (10006778 <tud_control_xfer+0xa4>)
10006728:	e00f      	b.n	1000674a <tud_control_xfer+0x76>
1000672a:	2180      	movs	r1, #128	@ 0x80
1000672c:	782b      	ldrb	r3, [r5, #0]
1000672e:	2200      	movs	r2, #0
10006730:	4399      	bics	r1, r3
10006732:	4648      	mov	r0, r9
10006734:	2300      	movs	r3, #0
10006736:	f7ff ff91 	bl	1000665c <usbd_edpt_xfer>
1000673a:	bcc0      	pop	{r6, r7}
1000673c:	46b9      	mov	r9, r7
1000673e:	46b0      	mov	r8, r6
10006740:	bdf8      	pop	{r3, r4, r5, r6, r7, pc}
10006742:	237f      	movs	r3, #127	@ 0x7f
10006744:	2200      	movs	r2, #0
10006746:	7831      	ldrb	r1, [r6, #0]
10006748:	4399      	bics	r1, r3
1000674a:	003b      	movs	r3, r7
1000674c:	4648      	mov	r0, r9
1000674e:	f7ff ff85 	bl	1000665c <usbd_edpt_xfer>
10006752:	e7f2      	b.n	1000673a <tud_control_xfer+0x66>
10006754:	2340      	movs	r3, #64	@ 0x40
10006756:	b29f      	uxth	r7, r3
10006758:	7833      	ldrb	r3, [r6, #0]
1000675a:	2b7f      	cmp	r3, #127	@ 0x7f
1000675c:	d9e2      	bls.n	10006724 <tud_control_xfer+0x50>
1000675e:	4c06      	ldr	r4, [pc, #24]	@ (10006778 <tud_control_xfer+0xa4>)
10006760:	003a      	movs	r2, r7
10006762:	4641      	mov	r1, r8
10006764:	0020      	movs	r0, r4
10006766:	f7fc fd61 	bl	1000322c <__wrap___aeabi_memcpy>
1000676a:	2180      	movs	r1, #128	@ 0x80
1000676c:	0022      	movs	r2, r4
1000676e:	e7ec      	b.n	1000674a <tud_control_xfer+0x76>
10006770:	2000      	movs	r0, #0
10006772:	e7e2      	b.n	1000673a <tud_control_xfer+0x66>
10006774:	20001b60 	.word	0x20001b60
10006778:	20001b20 	.word	0x20001b20

1000677c <usbd_control_reset>:
1000677c:	b510      	push	{r4, lr}
1000677e:	2214      	movs	r2, #20
10006780:	2100      	movs	r1, #0
10006782:	4802      	ldr	r0, [pc, #8]	@ (1000678c <usbd_control_reset+0x10>)
10006784:	f7fc fd4c 	bl	10003220 <__wrap_memset>
10006788:	bd10      	pop	{r4, pc}
1000678a:	46c0      	nop			@ (mov r8, r8)
1000678c:	20001b60 	.word	0x20001b60

10006790 <usbd_control_set_complete_callback>:
10006790:	4b01      	ldr	r3, [pc, #4]	@ (10006798 <usbd_control_set_complete_callback+0x8>)
10006792:	6118      	str	r0, [r3, #16]
10006794:	4770      	bx	lr
10006796:	46c0      	nop			@ (mov r8, r8)
10006798:	20001b60 	.word	0x20001b60

1000679c <usbd_control_set_request>:
1000679c:	b510      	push	{r4, lr}
1000679e:	4c05      	ldr	r4, [pc, #20]	@ (100067b4 <usbd_control_set_request+0x18>)
100067a0:	0001      	movs	r1, r0
100067a2:	2208      	movs	r2, #8
100067a4:	0020      	movs	r0, r4
100067a6:	f7fc fd41 	bl	1000322c <__wrap___aeabi_memcpy>
100067aa:	2300      	movs	r3, #0
100067ac:	60a3      	str	r3, [r4, #8]
100067ae:	60e3      	str	r3, [r4, #12]
100067b0:	bd10      	pop	{r4, pc}
100067b2:	46c0      	nop			@ (mov r8, r8)
100067b4:	20001b60 	.word	0x20001b60

100067b8 <usbd_control_xfer_cb>:
100067b8:	b570      	push	{r4, r5, r6, lr}
100067ba:	4c38      	ldr	r4, [pc, #224]	@ (1000689c <usbd_control_xfer_cb+0xe4>)
100067bc:	001d      	movs	r5, r3
100067be:	7823      	ldrb	r3, [r4, #0]
100067c0:	0006      	movs	r6, r0
100067c2:	09da      	lsrs	r2, r3, #7
100067c4:	09c9      	lsrs	r1, r1, #7
100067c6:	428a      	cmp	r2, r1
100067c8:	d010      	beq.n	100067ec <usbd_control_xfer_cb+0x34>
100067ca:	2000      	movs	r0, #0
100067cc:	2d00      	cmp	r5, #0
100067ce:	d000      	beq.n	100067d2 <usbd_control_xfer_cb+0x1a>
100067d0:	bd70      	pop	{r4, r5, r6, pc}
100067d2:	0021      	movs	r1, r4
100067d4:	0030      	movs	r0, r6
100067d6:	f7ff f8f3 	bl	100059c0 <dcd_edpt0_status_complete>
100067da:	6923      	ldr	r3, [r4, #16]
100067dc:	2b00      	cmp	r3, #0
100067de:	d003      	beq.n	100067e8 <usbd_control_xfer_cb+0x30>
100067e0:	0022      	movs	r2, r4
100067e2:	2103      	movs	r1, #3
100067e4:	0030      	movs	r0, r6
100067e6:	4798      	blx	r3
100067e8:	2001      	movs	r0, #1
100067ea:	e7f1      	b.n	100067d0 <usbd_control_xfer_cb+0x18>
100067ec:	2b7f      	cmp	r3, #127	@ 0x7f
100067ee:	d806      	bhi.n	100067fe <usbd_control_xfer_cb+0x46>
100067f0:	68a0      	ldr	r0, [r4, #8]
100067f2:	2800      	cmp	r0, #0
100067f4:	d034      	beq.n	10006860 <usbd_control_xfer_cb+0xa8>
100067f6:	002a      	movs	r2, r5
100067f8:	4929      	ldr	r1, [pc, #164]	@ (100068a0 <usbd_control_xfer_cb+0xe8>)
100067fa:	f7fc fd17 	bl	1000322c <__wrap___aeabi_memcpy>
100067fe:	89e2      	ldrh	r2, [r4, #14]
10006800:	68a1      	ldr	r1, [r4, #8]
10006802:	1952      	adds	r2, r2, r5
10006804:	88e3      	ldrh	r3, [r4, #6]
10006806:	b292      	uxth	r2, r2
10006808:	1949      	adds	r1, r1, r5
1000680a:	81e2      	strh	r2, [r4, #14]
1000680c:	60a1      	str	r1, [r4, #8]
1000680e:	4293      	cmp	r3, r2
10006810:	d014      	beq.n	1000683c <usbd_control_xfer_cb+0x84>
10006812:	2d3f      	cmp	r5, #63	@ 0x3f
10006814:	d912      	bls.n	1000683c <usbd_control_xfer_cb+0x84>
10006816:	89a3      	ldrh	r3, [r4, #12]
10006818:	1a98      	subs	r0, r3, r2
1000681a:	1c05      	adds	r5, r0, #0
1000681c:	b280      	uxth	r0, r0
1000681e:	2840      	cmp	r0, #64	@ 0x40
10006820:	d82a      	bhi.n	10006878 <usbd_control_xfer_cb+0xc0>
10006822:	7820      	ldrb	r0, [r4, #0]
10006824:	b2ad      	uxth	r5, r5
10006826:	287f      	cmp	r0, #127	@ 0x7f
10006828:	d828      	bhi.n	1000687c <usbd_control_xfer_cb+0xc4>
1000682a:	2100      	movs	r1, #0
1000682c:	429a      	cmp	r2, r3
1000682e:	d032      	beq.n	10006896 <usbd_control_xfer_cb+0xde>
10006830:	4a1b      	ldr	r2, [pc, #108]	@ (100068a0 <usbd_control_xfer_cb+0xe8>)
10006832:	002b      	movs	r3, r5
10006834:	0030      	movs	r0, r6
10006836:	f7ff ff11 	bl	1000665c <usbd_edpt_xfer>
1000683a:	e7c9      	b.n	100067d0 <usbd_control_xfer_cb+0x18>
1000683c:	6923      	ldr	r3, [r4, #16]
1000683e:	2b00      	cmp	r3, #0
10006840:	d005      	beq.n	1000684e <usbd_control_xfer_cb+0x96>
10006842:	0022      	movs	r2, r4
10006844:	2102      	movs	r1, #2
10006846:	0030      	movs	r0, r6
10006848:	4798      	blx	r3
1000684a:	2800      	cmp	r0, #0
1000684c:	d00a      	beq.n	10006864 <usbd_control_xfer_cb+0xac>
1000684e:	2180      	movs	r1, #128	@ 0x80
10006850:	7823      	ldrb	r3, [r4, #0]
10006852:	2200      	movs	r2, #0
10006854:	4399      	bics	r1, r3
10006856:	0030      	movs	r0, r6
10006858:	2300      	movs	r3, #0
1000685a:	f7ff feff 	bl	1000665c <usbd_edpt_xfer>
1000685e:	e7b7      	b.n	100067d0 <usbd_control_xfer_cb+0x18>
10006860:	2000      	movs	r0, #0
10006862:	e7b5      	b.n	100067d0 <usbd_control_xfer_cb+0x18>
10006864:	2100      	movs	r1, #0
10006866:	0030      	movs	r0, r6
10006868:	f7ff f958 	bl	10005b1c <dcd_edpt_stall>
1000686c:	0030      	movs	r0, r6
1000686e:	2180      	movs	r1, #128	@ 0x80
10006870:	f7ff f954 	bl	10005b1c <dcd_edpt_stall>
10006874:	2001      	movs	r0, #1
10006876:	e7ab      	b.n	100067d0 <usbd_control_xfer_cb+0x18>
10006878:	2540      	movs	r5, #64	@ 0x40
1000687a:	e7d2      	b.n	10006822 <usbd_control_xfer_cb+0x6a>
1000687c:	429a      	cmp	r2, r3
1000687e:	d007      	beq.n	10006890 <usbd_control_xfer_cb+0xd8>
10006880:	4c07      	ldr	r4, [pc, #28]	@ (100068a0 <usbd_control_xfer_cb+0xe8>)
10006882:	002a      	movs	r2, r5
10006884:	0020      	movs	r0, r4
10006886:	f7fc fcd1 	bl	1000322c <__wrap___aeabi_memcpy>
1000688a:	2180      	movs	r1, #128	@ 0x80
1000688c:	0022      	movs	r2, r4
1000688e:	e7d0      	b.n	10006832 <usbd_control_xfer_cb+0x7a>
10006890:	2180      	movs	r1, #128	@ 0x80
10006892:	2200      	movs	r2, #0
10006894:	e7cd      	b.n	10006832 <usbd_control_xfer_cb+0x7a>
10006896:	2200      	movs	r2, #0
10006898:	e7cb      	b.n	10006832 <usbd_control_xfer_cb+0x7a>
1000689a:	46c0      	nop			@ (mov r8, r8)
1000689c:	20001b60 	.word	0x20001b60
100068a0:	20001b20 	.word	0x20001b20

100068a4 <_prep_out_transaction.isra.0>:
100068a4:	b570      	push	{r4, r5, r6, lr}
100068a6:	0004      	movs	r4, r0
100068a8:	f7ff f9be 	bl	10005c28 <tud_mounted>
100068ac:	2800      	cmp	r0, #0
100068ae:	d100      	bne.n	100068b2 <_prep_out_transaction.isra.0+0xe>
100068b0:	bd70      	pop	{r4, r5, r6, pc}
100068b2:	f7ff f9c1 	bl	10005c38 <tud_suspended>
100068b6:	2800      	cmp	r0, #0
100068b8:	d1fa      	bne.n	100068b0 <_prep_out_transaction.isra.0+0xc>
100068ba:	23c8      	movs	r3, #200	@ 0xc8
100068bc:	4363      	muls	r3, r4
100068be:	4d12      	ldr	r5, [pc, #72]	@ (10006908 <_prep_out_transaction.isra.0+0x64>)
100068c0:	18ee      	adds	r6, r5, r3
100068c2:	78f1      	ldrb	r1, [r6, #3]
100068c4:	2900      	cmp	r1, #0
100068c6:	d0f3      	beq.n	100068b0 <_prep_out_transaction.isra.0+0xc>
100068c8:	3310      	adds	r3, #16
100068ca:	195d      	adds	r5, r3, r5
100068cc:	0028      	movs	r0, r5
100068ce:	f000 fdf3 	bl	100074b8 <tu_fifo_remaining>
100068d2:	283f      	cmp	r0, #63	@ 0x3f
100068d4:	d9ec      	bls.n	100068b0 <_prep_out_transaction.isra.0+0xc>
100068d6:	2000      	movs	r0, #0
100068d8:	78f1      	ldrb	r1, [r6, #3]
100068da:	f7ff fe97 	bl	1000660c <usbd_edpt_claim>
100068de:	2800      	cmp	r0, #0
100068e0:	d0e6      	beq.n	100068b0 <_prep_out_transaction.isra.0+0xc>
100068e2:	0028      	movs	r0, r5
100068e4:	f000 fde8 	bl	100074b8 <tu_fifo_remaining>
100068e8:	78f1      	ldrb	r1, [r6, #3]
100068ea:	283f      	cmp	r0, #63	@ 0x3f
100068ec:	d907      	bls.n	100068fe <_prep_out_transaction.isra.0+0x5a>
100068ee:	4b07      	ldr	r3, [pc, #28]	@ (1000690c <_prep_out_transaction.isra.0+0x68>)
100068f0:	01e2      	lsls	r2, r4, #7
100068f2:	18d2      	adds	r2, r2, r3
100068f4:	2000      	movs	r0, #0
100068f6:	2340      	movs	r3, #64	@ 0x40
100068f8:	f7ff feb0 	bl	1000665c <usbd_edpt_xfer>
100068fc:	e7d8      	b.n	100068b0 <_prep_out_transaction.isra.0+0xc>
100068fe:	2000      	movs	r0, #0
10006900:	f7ff fe98 	bl	10006634 <usbd_edpt_release>
10006904:	e7d4      	b.n	100068b0 <_prep_out_transaction.isra.0+0xc>
10006906:	46c0      	nop			@ (mov r8, r8)
10006908:	20001a58 	.word	0x20001a58
1000690c:	200019d4 	.word	0x200019d4

10006910 <tud_cdc_n_connected>:
10006910:	b510      	push	{r4, lr}
10006912:	0004      	movs	r4, r0
10006914:	f7ff f988 	bl	10005c28 <tud_mounted>
10006918:	2800      	cmp	r0, #0
1000691a:	d101      	bne.n	10006920 <tud_cdc_n_connected+0x10>
1000691c:	2000      	movs	r0, #0
1000691e:	bd10      	pop	{r4, pc}
10006920:	f7ff f98a 	bl	10005c38 <tud_suspended>
10006924:	2800      	cmp	r0, #0
10006926:	d1f9      	bne.n	1000691c <tud_cdc_n_connected+0xc>
10006928:	22c8      	movs	r2, #200	@ 0xc8
1000692a:	4362      	muls	r2, r4
1000692c:	4b02      	ldr	r3, [pc, #8]	@ (10006938 <tud_cdc_n_connected+0x28>)
1000692e:	3001      	adds	r0, #1
10006930:	189b      	adds	r3, r3, r2
10006932:	791b      	ldrb	r3, [r3, #4]
10006934:	4018      	ands	r0, r3
10006936:	e7f2      	b.n	1000691e <tud_cdc_n_connected+0xe>
10006938:	20001a58 	.word	0x20001a58

1000693c <tud_cdc_n_available>:
1000693c:	23c8      	movs	r3, #200	@ 0xc8
1000693e:	b510      	push	{r4, lr}
10006940:	4343      	muls	r3, r0
10006942:	4802      	ldr	r0, [pc, #8]	@ (1000694c <tud_cdc_n_available+0x10>)
10006944:	1818      	adds	r0, r3, r0
10006946:	f000 fd99 	bl	1000747c <tu_fifo_count>
1000694a:	bd10      	pop	{r4, pc}
1000694c:	20001a68 	.word	0x20001a68

10006950 <tud_cdc_n_read>:
10006950:	b5f8      	push	{r3, r4, r5, r6, r7, lr}
10006952:	24c8      	movs	r4, #200	@ 0xc8
10006954:	2380      	movs	r3, #128	@ 0x80
10006956:	4344      	muls	r4, r0
10006958:	4f1c      	ldr	r7, [pc, #112]	@ (100069cc <tud_cdc_n_read+0x7c>)
1000695a:	3410      	adds	r4, #16
1000695c:	0005      	movs	r5, r0
1000695e:	193c      	adds	r4, r7, r4
10006960:	025b      	lsls	r3, r3, #9
10006962:	429a      	cmp	r2, r3
10006964:	d300      	bcc.n	10006968 <tud_cdc_n_read+0x18>
10006966:	4a1a      	ldr	r2, [pc, #104]	@ (100069d0 <tud_cdc_n_read+0x80>)
10006968:	0020      	movs	r0, r4
1000696a:	b292      	uxth	r2, r2
1000696c:	f000 fe08 	bl	10007580 <tu_fifo_read_n>
10006970:	0006      	movs	r6, r0
10006972:	f7ff f959 	bl	10005c28 <tud_mounted>
10006976:	2800      	cmp	r0, #0
10006978:	d101      	bne.n	1000697e <tud_cdc_n_read+0x2e>
1000697a:	0030      	movs	r0, r6
1000697c:	bdf8      	pop	{r3, r4, r5, r6, r7, pc}
1000697e:	f7ff f95b 	bl	10005c38 <tud_suspended>
10006982:	2800      	cmp	r0, #0
10006984:	d1f9      	bne.n	1000697a <tud_cdc_n_read+0x2a>
10006986:	23c8      	movs	r3, #200	@ 0xc8
10006988:	436b      	muls	r3, r5
1000698a:	18ff      	adds	r7, r7, r3
1000698c:	78fb      	ldrb	r3, [r7, #3]
1000698e:	2b00      	cmp	r3, #0
10006990:	d0f3      	beq.n	1000697a <tud_cdc_n_read+0x2a>
10006992:	0020      	movs	r0, r4
10006994:	f000 fd90 	bl	100074b8 <tu_fifo_remaining>
10006998:	283f      	cmp	r0, #63	@ 0x3f
1000699a:	d9ee      	bls.n	1000697a <tud_cdc_n_read+0x2a>
1000699c:	2000      	movs	r0, #0
1000699e:	78f9      	ldrb	r1, [r7, #3]
100069a0:	f7ff fe34 	bl	1000660c <usbd_edpt_claim>
100069a4:	2800      	cmp	r0, #0
100069a6:	d0e8      	beq.n	1000697a <tud_cdc_n_read+0x2a>
100069a8:	0020      	movs	r0, r4
100069aa:	f000 fd85 	bl	100074b8 <tu_fifo_remaining>
100069ae:	78f9      	ldrb	r1, [r7, #3]
100069b0:	283f      	cmp	r0, #63	@ 0x3f
100069b2:	d907      	bls.n	100069c4 <tud_cdc_n_read+0x74>
100069b4:	4b07      	ldr	r3, [pc, #28]	@ (100069d4 <tud_cdc_n_read+0x84>)
100069b6:	01ea      	lsls	r2, r5, #7
100069b8:	18d2      	adds	r2, r2, r3
100069ba:	2000      	movs	r0, #0
100069bc:	2340      	movs	r3, #64	@ 0x40
100069be:	f7ff fe4d 	bl	1000665c <usbd_edpt_xfer>
100069c2:	e7da      	b.n	1000697a <tud_cdc_n_read+0x2a>
100069c4:	2000      	movs	r0, #0
100069c6:	f7ff fe35 	bl	10006634 <usbd_edpt_release>
100069ca:	e7d6      	b.n	1000697a <tud_cdc_n_read+0x2a>
100069cc:	20001a58 	.word	0x20001a58
100069d0:	0000ffff 	.word	0x0000ffff
100069d4:	200019d4 	.word	0x200019d4

100069d8 <tud_cdc_n_write_flush>:
100069d8:	b5f8      	push	{r3, r4, r5, r6, r7, lr}
100069da:	0004      	movs	r4, r0
100069dc:	f7ff f924 	bl	10005c28 <tud_mounted>
100069e0:	2800      	cmp	r0, #0
100069e2:	d101      	bne.n	100069e8 <tud_cdc_n_write_flush+0x10>
100069e4:	2000      	movs	r0, #0
100069e6:	bdf8      	pop	{r3, r4, r5, r6, r7, pc}
100069e8:	f7ff f926 	bl	10005c38 <tud_suspended>
100069ec:	2800      	cmp	r0, #0
100069ee:	d1f9      	bne.n	100069e4 <tud_cdc_n_write_flush+0xc>
100069f0:	25c8      	movs	r5, #200	@ 0xc8
100069f2:	4365      	muls	r5, r4
100069f4:	002e      	movs	r6, r5
100069f6:	4f13      	ldr	r7, [pc, #76]	@ (10006a44 <tud_cdc_n_write_flush+0x6c>)
100069f8:	3624      	adds	r6, #36	@ 0x24
100069fa:	19f6      	adds	r6, r6, r7
100069fc:	0030      	movs	r0, r6
100069fe:	f000 fd3d 	bl	1000747c <tu_fifo_count>
10006a02:	2800      	cmp	r0, #0
10006a04:	d0ee      	beq.n	100069e4 <tud_cdc_n_write_flush+0xc>
10006a06:	197f      	adds	r7, r7, r5
10006a08:	2000      	movs	r0, #0
10006a0a:	78b9      	ldrb	r1, [r7, #2]
10006a0c:	f7ff fdfe 	bl	1000660c <usbd_edpt_claim>
10006a10:	2800      	cmp	r0, #0
10006a12:	d0e7      	beq.n	100069e4 <tud_cdc_n_write_flush+0xc>
10006a14:	4d0c      	ldr	r5, [pc, #48]	@ (10006a48 <tud_cdc_n_write_flush+0x70>)
10006a16:	01e4      	lsls	r4, r4, #7
10006a18:	1965      	adds	r5, r4, r5
10006a1a:	0029      	movs	r1, r5
10006a1c:	2240      	movs	r2, #64	@ 0x40
10006a1e:	0030      	movs	r0, r6
10006a20:	f000 fdae 	bl	10007580 <tu_fifo_read_n>
10006a24:	78b9      	ldrb	r1, [r7, #2]
10006a26:	1e04      	subs	r4, r0, #0
10006a28:	d008      	beq.n	10006a3c <tud_cdc_n_write_flush+0x64>
10006a2a:	0003      	movs	r3, r0
10006a2c:	002a      	movs	r2, r5
10006a2e:	2000      	movs	r0, #0
10006a30:	f7ff fe14 	bl	1000665c <usbd_edpt_xfer>
10006a34:	2800      	cmp	r0, #0
10006a36:	d0d5      	beq.n	100069e4 <tud_cdc_n_write_flush+0xc>
10006a38:	0020      	movs	r0, r4
10006a3a:	e7d4      	b.n	100069e6 <tud_cdc_n_write_flush+0xe>
10006a3c:	2000      	movs	r0, #0
10006a3e:	f7ff fdf9 	bl	10006634 <usbd_edpt_release>
10006a42:	e7cf      	b.n	100069e4 <tud_cdc_n_write_flush+0xc>
10006a44:	20001a58 	.word	0x20001a58
10006a48:	20001a14 	.word	0x20001a14

10006a4c <tud_cdc_n_write>:
10006a4c:	b570      	push	{r4, r5, r6, lr}
10006a4e:	24c8      	movs	r4, #200	@ 0xc8
10006a50:	4344      	muls	r4, r0
10006a52:	4b0c      	ldr	r3, [pc, #48]	@ (10006a84 <tud_cdc_n_write+0x38>)
10006a54:	0005      	movs	r5, r0
10006a56:	18e4      	adds	r4, r4, r3
10006a58:	2380      	movs	r3, #128	@ 0x80
10006a5a:	025b      	lsls	r3, r3, #9
10006a5c:	429a      	cmp	r2, r3
10006a5e:	d300      	bcc.n	10006a62 <tud_cdc_n_write+0x16>
10006a60:	4a09      	ldr	r2, [pc, #36]	@ (10006a88 <tud_cdc_n_write+0x3c>)
10006a62:	0020      	movs	r0, r4
10006a64:	b292      	uxth	r2, r2
10006a66:	f000 fe51 	bl	1000770c <tu_fifo_write_n>
10006a6a:	0006      	movs	r6, r0
10006a6c:	0020      	movs	r0, r4
10006a6e:	f000 fd05 	bl	1000747c <tu_fifo_count>
10006a72:	283f      	cmp	r0, #63	@ 0x3f
10006a74:	d801      	bhi.n	10006a7a <tud_cdc_n_write+0x2e>
10006a76:	0030      	movs	r0, r6
10006a78:	bd70      	pop	{r4, r5, r6, pc}
10006a7a:	0028      	movs	r0, r5
10006a7c:	f7ff ffac 	bl	100069d8 <tud_cdc_n_write_flush>
10006a80:	e7f9      	b.n	10006a76 <tud_cdc_n_write+0x2a>
10006a82:	46c0      	nop			@ (mov r8, r8)
10006a84:	20001a7c 	.word	0x20001a7c
10006a88:	0000ffff 	.word	0x0000ffff

10006a8c <tud_cdc_n_write_available>:
10006a8c:	23c8      	movs	r3, #200	@ 0xc8
10006a8e:	b510      	push	{r4, lr}
10006a90:	4343      	muls	r3, r0
10006a92:	4802      	ldr	r0, [pc, #8]	@ (10006a9c <tud_cdc_n_write_available+0x10>)
10006a94:	1818      	adds	r0, r3, r0
10006a96:	f000 fd0f 	bl	100074b8 <tu_fifo_remaining>
10006a9a:	bd10      	pop	{r4, pc}
10006a9c:	20001a7c 	.word	0x20001a7c

10006aa0 <cdcd_init>:
10006aa0:	b5f0      	push	{r4, r5, r6, r7, lr}
10006aa2:	2500      	movs	r5, #0
10006aa4:	4c18      	ldr	r4, [pc, #96]	@ (10006b08 <cdcd_init+0x68>)
10006aa6:	b083      	sub	sp, #12
10006aa8:	22c8      	movs	r2, #200	@ 0xc8
10006aaa:	2100      	movs	r1, #0
10006aac:	0020      	movs	r0, r4
10006aae:	f7fc fbb7 	bl	10003220 <__wrap_memset>
10006ab2:	4b16      	ldr	r3, [pc, #88]	@ (10006b0c <cdcd_init+0x6c>)
10006ab4:	0021      	movs	r1, r4
10006ab6:	701d      	strb	r5, [r3, #0]
10006ab8:	23ff      	movs	r3, #255	@ 0xff
10006aba:	7163      	strb	r3, [r4, #5]
10006abc:	23e1      	movs	r3, #225	@ 0xe1
10006abe:	025b      	lsls	r3, r3, #9
10006ac0:	60a3      	str	r3, [r4, #8]
10006ac2:	0020      	movs	r0, r4
10006ac4:	2308      	movs	r3, #8
10006ac6:	2240      	movs	r2, #64	@ 0x40
10006ac8:	73a3      	strb	r3, [r4, #14]
10006aca:	3138      	adds	r1, #56	@ 0x38
10006acc:	9500      	str	r5, [sp, #0]
10006ace:	3b07      	subs	r3, #7
10006ad0:	3010      	adds	r0, #16
10006ad2:	f000 fc9d 	bl	10007410 <tu_fifo_config>
10006ad6:	0027      	movs	r7, r4
10006ad8:	2301      	movs	r3, #1
10006ada:	0021      	movs	r1, r4
10006adc:	0020      	movs	r0, r4
10006ade:	0026      	movs	r6, r4
10006ae0:	2240      	movs	r2, #64	@ 0x40
10006ae2:	3178      	adds	r1, #120	@ 0x78
10006ae4:	9300      	str	r3, [sp, #0]
10006ae6:	37b8      	adds	r7, #184	@ 0xb8
10006ae8:	3024      	adds	r0, #36	@ 0x24
10006aea:	f000 fc91 	bl	10007410 <tu_fifo_config>
10006aee:	36c0      	adds	r6, #192	@ 0xc0
10006af0:	0038      	movs	r0, r7
10006af2:	f7fa fa83 	bl	10000ffc <mutex_init>
10006af6:	0030      	movs	r0, r6
10006af8:	f7fa fa80 	bl	10000ffc <mutex_init>
10006afc:	61e5      	str	r5, [r4, #28]
10006afe:	6227      	str	r7, [r4, #32]
10006b00:	6326      	str	r6, [r4, #48]	@ 0x30
10006b02:	6365      	str	r5, [r4, #52]	@ 0x34
10006b04:	b003      	add	sp, #12
10006b06:	bdf0      	pop	{r4, r5, r6, r7, pc}
10006b08:	20001a58 	.word	0x20001a58
10006b0c:	20001a54 	.word	0x20001a54

10006b10 <cdcd_deinit>:
10006b10:	4a0a      	ldr	r2, [pc, #40]	@ (10006b3c <cdcd_deinit+0x2c>)
10006b12:	6b11      	ldr	r1, [r2, #48]	@ 0x30
10006b14:	6a13      	ldr	r3, [r2, #32]
10006b16:	2900      	cmp	r1, #0
10006b18:	d00c      	beq.n	10006b34 <cdcd_deinit+0x24>
10006b1a:	2b00      	cmp	r3, #0
10006b1c:	d007      	beq.n	10006b2e <cdcd_deinit+0x1e>
10006b1e:	2300      	movs	r3, #0
10006b20:	61d3      	str	r3, [r2, #28]
10006b22:	6353      	str	r3, [r2, #52]	@ 0x34
10006b24:	6313      	str	r3, [r2, #48]	@ 0x30
10006b26:	2300      	movs	r3, #0
10006b28:	6213      	str	r3, [r2, #32]
10006b2a:	2001      	movs	r0, #1
10006b2c:	4770      	bx	lr
10006b2e:	6353      	str	r3, [r2, #52]	@ 0x34
10006b30:	6313      	str	r3, [r2, #48]	@ 0x30
10006b32:	e7fa      	b.n	10006b2a <cdcd_deinit+0x1a>
10006b34:	2b00      	cmp	r3, #0
10006b36:	d0f8      	beq.n	10006b2a <cdcd_deinit+0x1a>
10006b38:	61d1      	str	r1, [r2, #28]
10006b3a:	e7f4      	b.n	10006b26 <cdcd_deinit+0x16>
10006b3c:	20001a58 	.word	0x20001a58

10006b40 <cdcd_reset>:
10006b40:	b570      	push	{r4, r5, r6, lr}
10006b42:	4c0f      	ldr	r4, [pc, #60]	@ (10006b80 <cdcd_reset+0x40>)
10006b44:	2205      	movs	r2, #5
10006b46:	2100      	movs	r1, #0
10006b48:	0020      	movs	r0, r4
10006b4a:	f7fc fb69 	bl	10003220 <__wrap_memset>
10006b4e:	4d0d      	ldr	r5, [pc, #52]	@ (10006b84 <cdcd_reset+0x44>)
10006b50:	782b      	ldrb	r3, [r5, #0]
10006b52:	07da      	lsls	r2, r3, #31
10006b54:	d507      	bpl.n	10006b66 <cdcd_reset+0x26>
10006b56:	4c0c      	ldr	r4, [pc, #48]	@ (10006b88 <cdcd_reset+0x48>)
10006b58:	079b      	lsls	r3, r3, #30
10006b5a:	d50c      	bpl.n	10006b76 <cdcd_reset+0x36>
10006b5c:	2101      	movs	r1, #1
10006b5e:	0020      	movs	r0, r4
10006b60:	f000 feb0 	bl	100078c4 <tu_fifo_set_overwritable>
10006b64:	bd70      	pop	{r4, r5, r6, pc}
10006b66:	0020      	movs	r0, r4
10006b68:	3010      	adds	r0, #16
10006b6a:	f000 fe8b 	bl	10007884 <tu_fifo_clear>
10006b6e:	782b      	ldrb	r3, [r5, #0]
10006b70:	4c05      	ldr	r4, [pc, #20]	@ (10006b88 <cdcd_reset+0x48>)
10006b72:	079b      	lsls	r3, r3, #30
10006b74:	d4f2      	bmi.n	10006b5c <cdcd_reset+0x1c>
10006b76:	0020      	movs	r0, r4
10006b78:	f000 fe84 	bl	10007884 <tu_fifo_clear>
10006b7c:	e7ee      	b.n	10006b5c <cdcd_reset+0x1c>
10006b7e:	46c0      	nop			@ (mov r8, r8)
10006b80:	20001a58 	.word	0x20001a58
10006b84:	20001a54 	.word	0x20001a54
10006b88:	20001a7c 	.word	0x20001a7c

10006b8c <cdcd_open>:
10006b8c:	b5f0      	push	{r4, r5, r6, r7, lr}
10006b8e:	794b      	ldrb	r3, [r1, #5]
10006b90:	0006      	movs	r6, r0
10006b92:	b083      	sub	sp, #12
10006b94:	2b02      	cmp	r3, #2
10006b96:	d102      	bne.n	10006b9e <cdcd_open+0x12>
10006b98:	798b      	ldrb	r3, [r1, #6]
10006b9a:	2b02      	cmp	r3, #2
10006b9c:	d003      	beq.n	10006ba6 <cdcd_open+0x1a>
10006b9e:	2500      	movs	r5, #0
10006ba0:	0028      	movs	r0, r5
10006ba2:	b003      	add	sp, #12
10006ba4:	bdf0      	pop	{r4, r5, r6, r7, pc}
10006ba6:	4f20      	ldr	r7, [pc, #128]	@ (10006c28 <cdcd_open+0x9c>)
10006ba8:	78bb      	ldrb	r3, [r7, #2]
10006baa:	2b00      	cmp	r3, #0
10006bac:	d1f7      	bne.n	10006b9e <cdcd_open+0x12>
10006bae:	788b      	ldrb	r3, [r1, #2]
10006bb0:	2509      	movs	r5, #9
10006bb2:	703b      	strb	r3, [r7, #0]
10006bb4:	780c      	ldrb	r4, [r1, #0]
10006bb6:	190c      	adds	r4, r1, r4
10006bb8:	7863      	ldrb	r3, [r4, #1]
10006bba:	2b24      	cmp	r3, #36	@ 0x24
10006bbc:	d007      	beq.n	10006bce <cdcd_open+0x42>
10006bbe:	e00c      	b.n	10006bda <cdcd_open+0x4e>
10006bc0:	7823      	ldrb	r3, [r4, #0]
10006bc2:	18e4      	adds	r4, r4, r3
10006bc4:	195d      	adds	r5, r3, r5
10006bc6:	7863      	ldrb	r3, [r4, #1]
10006bc8:	b2ad      	uxth	r5, r5
10006bca:	2b24      	cmp	r3, #36	@ 0x24
10006bcc:	d105      	bne.n	10006bda <cdcd_open+0x4e>
10006bce:	4295      	cmp	r5, r2
10006bd0:	d9f6      	bls.n	10006bc0 <cdcd_open+0x34>
10006bd2:	2000      	movs	r0, #0
10006bd4:	f7ff fe66 	bl	100068a4 <_prep_out_transaction.isra.0>
10006bd8:	e7e2      	b.n	10006ba0 <cdcd_open+0x14>
10006bda:	001a      	movs	r2, r3
10006bdc:	2b05      	cmp	r3, #5
10006bde:	d015      	beq.n	10006c0c <cdcd_open+0x80>
10006be0:	2a04      	cmp	r2, #4
10006be2:	d1f6      	bne.n	10006bd2 <cdcd_open+0x46>
10006be4:	7963      	ldrb	r3, [r4, #5]
10006be6:	2b0a      	cmp	r3, #10
10006be8:	d1f3      	bne.n	10006bd2 <cdcd_open+0x46>
10006bea:	4b10      	ldr	r3, [pc, #64]	@ (10006c2c <cdcd_open+0xa0>)
10006bec:	7827      	ldrb	r7, [r4, #0]
10006bee:	9301      	str	r3, [sp, #4]
10006bf0:	3301      	adds	r3, #1
10006bf2:	9300      	str	r3, [sp, #0]
10006bf4:	0030      	movs	r0, r6
10006bf6:	2302      	movs	r3, #2
10006bf8:	19e1      	adds	r1, r4, r7
10006bfa:	3a02      	subs	r2, #2
10006bfc:	f7ff fc9e 	bl	1000653c <usbd_open_edpt_pair>
10006c00:	2800      	cmp	r0, #0
10006c02:	d0cc      	beq.n	10006b9e <cdcd_open+0x12>
10006c04:	350e      	adds	r5, #14
10006c06:	19ed      	adds	r5, r5, r7
10006c08:	b2ad      	uxth	r5, r5
10006c0a:	e7e2      	b.n	10006bd2 <cdcd_open+0x46>
10006c0c:	0021      	movs	r1, r4
10006c0e:	0030      	movs	r0, r6
10006c10:	f7ff fce2 	bl	100065d8 <usbd_edpt_open>
10006c14:	2800      	cmp	r0, #0
10006c16:	d0c2      	beq.n	10006b9e <cdcd_open+0x12>
10006c18:	78a3      	ldrb	r3, [r4, #2]
10006c1a:	707b      	strb	r3, [r7, #1]
10006c1c:	7823      	ldrb	r3, [r4, #0]
10006c1e:	195d      	adds	r5, r3, r5
10006c20:	18e4      	adds	r4, r4, r3
10006c22:	7862      	ldrb	r2, [r4, #1]
10006c24:	b2ad      	uxth	r5, r5
10006c26:	e7db      	b.n	10006be0 <cdcd_open+0x54>
10006c28:	20001a58 	.word	0x20001a58
10006c2c:	20001a5a 	.word	0x20001a5a

10006c30 <cdcd_control_xfer_cb>:
10006c30:	b5f8      	push	{r3, r4, r5, r6, r7, lr}
10006c32:	2360      	movs	r3, #96	@ 0x60
10006c34:	0014      	movs	r4, r2
10006c36:	7812      	ldrb	r2, [r2, #0]
10006c38:	0005      	movs	r5, r0
10006c3a:	4013      	ands	r3, r2
10006c3c:	2000      	movs	r0, #0
10006c3e:	2b20      	cmp	r3, #32
10006c40:	d107      	bne.n	10006c52 <cdcd_control_xfer_cb+0x22>
10006c42:	4a30      	ldr	r2, [pc, #192]	@ (10006d04 <cdcd_control_xfer_cb+0xd4>)
10006c44:	7963      	ldrb	r3, [r4, #5]
10006c46:	7927      	ldrb	r7, [r4, #4]
10006c48:	7816      	ldrb	r6, [r2, #0]
10006c4a:	021b      	lsls	r3, r3, #8
10006c4c:	433b      	orrs	r3, r7
10006c4e:	429e      	cmp	r6, r3
10006c50:	d000      	beq.n	10006c54 <cdcd_control_xfer_cb+0x24>
10006c52:	bdf8      	pop	{r3, r4, r5, r6, r7, pc}
10006c54:	7863      	ldrb	r3, [r4, #1]
10006c56:	2b22      	cmp	r3, #34	@ 0x22
10006c58:	d01a      	beq.n	10006c90 <cdcd_control_xfer_cb+0x60>
10006c5a:	d807      	bhi.n	10006c6c <cdcd_control_xfer_cb+0x3c>
10006c5c:	2b20      	cmp	r3, #32
10006c5e:	d034      	beq.n	10006cca <cdcd_control_xfer_cb+0x9a>
10006c60:	2b21      	cmp	r3, #33	@ 0x21
10006c62:	d1f6      	bne.n	10006c52 <cdcd_control_xfer_cb+0x22>
10006c64:	2901      	cmp	r1, #1
10006c66:	d03e      	beq.n	10006ce6 <cdcd_control_xfer_cb+0xb6>
10006c68:	2001      	movs	r0, #1
10006c6a:	e7f2      	b.n	10006c52 <cdcd_control_xfer_cb+0x22>
10006c6c:	2b23      	cmp	r3, #35	@ 0x23
10006c6e:	d1f0      	bne.n	10006c52 <cdcd_control_xfer_cb+0x22>
10006c70:	2901      	cmp	r1, #1
10006c72:	d040      	beq.n	10006cf6 <cdcd_control_xfer_cb+0xc6>
10006c74:	2903      	cmp	r1, #3
10006c76:	d1f7      	bne.n	10006c68 <cdcd_control_xfer_cb+0x38>
10006c78:	4b23      	ldr	r3, [pc, #140]	@ (10006d08 <cdcd_control_xfer_cb+0xd8>)
10006c7a:	2b00      	cmp	r3, #0
10006c7c:	d0f4      	beq.n	10006c68 <cdcd_control_xfer_cb+0x38>
10006c7e:	78e1      	ldrb	r1, [r4, #3]
10006c80:	78a3      	ldrb	r3, [r4, #2]
10006c82:	0209      	lsls	r1, r1, #8
10006c84:	2000      	movs	r0, #0
10006c86:	4319      	orrs	r1, r3
10006c88:	e000      	b.n	10006c8c <cdcd_control_xfer_cb+0x5c>
10006c8a:	bf00      	nop
10006c8c:	2001      	movs	r0, #1
10006c8e:	e7e0      	b.n	10006c52 <cdcd_control_xfer_cb+0x22>
10006c90:	2901      	cmp	r1, #1
10006c92:	d030      	beq.n	10006cf6 <cdcd_control_xfer_cb+0xc6>
10006c94:	2903      	cmp	r1, #3
10006c96:	d1e7      	bne.n	10006c68 <cdcd_control_xfer_cb+0x38>
10006c98:	2501      	movs	r5, #1
10006c9a:	002e      	movs	r6, r5
10006c9c:	78a3      	ldrb	r3, [r4, #2]
10006c9e:	78e4      	ldrb	r4, [r4, #3]
10006ca0:	3902      	subs	r1, #2
10006ca2:	0224      	lsls	r4, r4, #8
10006ca4:	431c      	orrs	r4, r3
10006ca6:	7114      	strb	r4, [r2, #4]
10006ca8:	4026      	ands	r6, r4
10006caa:	3224      	adds	r2, #36	@ 0x24
10006cac:	0010      	movs	r0, r2
10006cae:	4071      	eors	r1, r6
10006cb0:	f000 fe08 	bl	100078c4 <tu_fifo_set_overwritable>
10006cb4:	4b15      	ldr	r3, [pc, #84]	@ (10006d0c <cdcd_control_xfer_cb+0xdc>)
10006cb6:	2b00      	cmp	r3, #0
10006cb8:	d0d6      	beq.n	10006c68 <cdcd_control_xfer_cb+0x38>
10006cba:	0862      	lsrs	r2, r4, #1
10006cbc:	2000      	movs	r0, #0
10006cbe:	0031      	movs	r1, r6
10006cc0:	402a      	ands	r2, r5
10006cc2:	e000      	b.n	10006cc6 <cdcd_control_xfer_cb+0x96>
10006cc4:	bf00      	nop
10006cc6:	2001      	movs	r0, #1
10006cc8:	e7c3      	b.n	10006c52 <cdcd_control_xfer_cb+0x22>
10006cca:	2901      	cmp	r1, #1
10006ccc:	d00b      	beq.n	10006ce6 <cdcd_control_xfer_cb+0xb6>
10006cce:	2903      	cmp	r1, #3
10006cd0:	d1ca      	bne.n	10006c68 <cdcd_control_xfer_cb+0x38>
10006cd2:	4b0f      	ldr	r3, [pc, #60]	@ (10006d10 <cdcd_control_xfer_cb+0xe0>)
10006cd4:	2b00      	cmp	r3, #0
10006cd6:	d0c7      	beq.n	10006c68 <cdcd_control_xfer_cb+0x38>
10006cd8:	3208      	adds	r2, #8
10006cda:	2000      	movs	r0, #0
10006cdc:	0011      	movs	r1, r2
10006cde:	f7fe faad 	bl	1000523c <tud_cdc_line_coding_cb>
10006ce2:	2001      	movs	r0, #1
10006ce4:	e7b5      	b.n	10006c52 <cdcd_control_xfer_cb+0x22>
10006ce6:	2307      	movs	r3, #7
10006ce8:	0021      	movs	r1, r4
10006cea:	0028      	movs	r0, r5
10006cec:	4a09      	ldr	r2, [pc, #36]	@ (10006d14 <cdcd_control_xfer_cb+0xe4>)
10006cee:	f7ff fcf1 	bl	100066d4 <tud_control_xfer>
10006cf2:	2001      	movs	r0, #1
10006cf4:	e7ad      	b.n	10006c52 <cdcd_control_xfer_cb+0x22>
10006cf6:	0021      	movs	r1, r4
10006cf8:	0028      	movs	r0, r5
10006cfa:	f7ff fcd5 	bl	100066a8 <tud_control_status>
10006cfe:	2001      	movs	r0, #1
10006d00:	e7a7      	b.n	10006c52 <cdcd_control_xfer_cb+0x22>
10006d02:	46c0      	nop			@ (mov r8, r8)
10006d04:	20001a58 	.word	0x20001a58
	...
10006d10:	1000523d 	.word	0x1000523d
10006d14:	20001a60 	.word	0x20001a60

10006d18 <cdcd_xfer_cb>:
10006d18:	b5f0      	push	{r4, r5, r6, r7, lr}
10006d1a:	464f      	mov	r7, r9
10006d1c:	4646      	mov	r6, r8
10006d1e:	46d6      	mov	lr, sl
10006d20:	b5c0      	push	{r6, r7, lr}
10006d22:	4d36      	ldr	r5, [pc, #216]	@ (10006dfc <cdcd_xfer_cb+0xe4>)
10006d24:	4680      	mov	r8, r0
10006d26:	78ea      	ldrb	r2, [r5, #3]
10006d28:	000c      	movs	r4, r1
10006d2a:	001f      	movs	r7, r3
10006d2c:	428a      	cmp	r2, r1
10006d2e:	d03c      	beq.n	10006daa <cdcd_xfer_cb+0x92>
10006d30:	78ab      	ldrb	r3, [r5, #2]
10006d32:	428b      	cmp	r3, r1
10006d34:	d010      	beq.n	10006d58 <cdcd_xfer_cb+0x40>
10006d36:	2000      	movs	r0, #0
10006d38:	bce0      	pop	{r5, r6, r7}
10006d3a:	46ba      	mov	sl, r7
10006d3c:	46b1      	mov	r9, r6
10006d3e:	46a8      	mov	r8, r5
10006d40:	bdf0      	pop	{r4, r5, r6, r7, pc}
10006d42:	4b2f      	ldr	r3, [pc, #188]	@ (10006e00 <cdcd_xfer_cb+0xe8>)
10006d44:	2b00      	cmp	r3, #0
10006d46:	d004      	beq.n	10006d52 <cdcd_xfer_cb+0x3a>
10006d48:	482e      	ldr	r0, [pc, #184]	@ (10006e04 <cdcd_xfer_cb+0xec>)
10006d4a:	f000 fbad 	bl	100074a8 <tu_fifo_empty>
10006d4e:	2800      	cmp	r0, #0
10006d50:	d051      	beq.n	10006df6 <cdcd_xfer_cb+0xde>
10006d52:	2000      	movs	r0, #0
10006d54:	f7ff fda6 	bl	100068a4 <_prep_out_transaction.isra.0>
10006d58:	78ab      	ldrb	r3, [r5, #2]
10006d5a:	42a3      	cmp	r3, r4
10006d5c:	d001      	beq.n	10006d62 <cdcd_xfer_cb+0x4a>
10006d5e:	2001      	movs	r0, #1
10006d60:	e7ea      	b.n	10006d38 <cdcd_xfer_cb+0x20>
10006d62:	4b29      	ldr	r3, [pc, #164]	@ (10006e08 <cdcd_xfer_cb+0xf0>)
10006d64:	2b00      	cmp	r3, #0
10006d66:	d002      	beq.n	10006d6e <cdcd_xfer_cb+0x56>
10006d68:	2000      	movs	r0, #0
10006d6a:	e000      	b.n	10006d6e <cdcd_xfer_cb+0x56>
10006d6c:	bf00      	nop
10006d6e:	2000      	movs	r0, #0
10006d70:	f7ff fe32 	bl	100069d8 <tud_cdc_n_write_flush>
10006d74:	2800      	cmp	r0, #0
10006d76:	d1f2      	bne.n	10006d5e <cdcd_xfer_cb+0x46>
10006d78:	4c24      	ldr	r4, [pc, #144]	@ (10006e0c <cdcd_xfer_cb+0xf4>)
10006d7a:	0020      	movs	r0, r4
10006d7c:	f000 fb7e 	bl	1000747c <tu_fifo_count>
10006d80:	2800      	cmp	r0, #0
10006d82:	d1ec      	bne.n	10006d5e <cdcd_xfer_cb+0x46>
10006d84:	2f00      	cmp	r7, #0
10006d86:	d0ea      	beq.n	10006d5e <cdcd_xfer_cb+0x46>
10006d88:	06bf      	lsls	r7, r7, #26
10006d8a:	d1e8      	bne.n	10006d5e <cdcd_xfer_cb+0x46>
10006d8c:	3c24      	subs	r4, #36	@ 0x24
10006d8e:	4640      	mov	r0, r8
10006d90:	78a1      	ldrb	r1, [r4, #2]
10006d92:	f7ff fc3b 	bl	1000660c <usbd_edpt_claim>
10006d96:	2800      	cmp	r0, #0
10006d98:	d0e1      	beq.n	10006d5e <cdcd_xfer_cb+0x46>
10006d9a:	2300      	movs	r3, #0
10006d9c:	2200      	movs	r2, #0
10006d9e:	4640      	mov	r0, r8
10006da0:	78a1      	ldrb	r1, [r4, #2]
10006da2:	f7ff fc5b 	bl	1000665c <usbd_edpt_xfer>
10006da6:	2001      	movs	r0, #1
10006da8:	e7c6      	b.n	10006d38 <cdcd_xfer_cb+0x20>
10006daa:	b29a      	uxth	r2, r3
10006dac:	2310      	movs	r3, #16
10006dae:	469a      	mov	sl, r3
10006db0:	4e17      	ldr	r6, [pc, #92]	@ (10006e10 <cdcd_xfer_cb+0xf8>)
10006db2:	44aa      	add	sl, r5
10006db4:	0031      	movs	r1, r6
10006db6:	4650      	mov	r0, sl
10006db8:	f000 fca8 	bl	1000770c <tu_fifo_write_n>
10006dbc:	4b15      	ldr	r3, [pc, #84]	@ (10006e14 <cdcd_xfer_cb+0xfc>)
10006dbe:	2b00      	cmp	r3, #0
10006dc0:	d0bf      	beq.n	10006d42 <cdcd_xfer_cb+0x2a>
10006dc2:	796b      	ldrb	r3, [r5, #5]
10006dc4:	2bff      	cmp	r3, #255	@ 0xff
10006dc6:	d0bc      	beq.n	10006d42 <cdcd_xfer_cb+0x2a>
10006dc8:	2f00      	cmp	r7, #0
10006dca:	d0ba      	beq.n	10006d42 <cdcd_xfer_cb+0x2a>
10006dcc:	19f2      	adds	r2, r6, r7
10006dce:	4691      	mov	r9, r2
10006dd0:	e003      	b.n	10006dda <cdcd_xfer_cb+0xc2>
10006dd2:	3601      	adds	r6, #1
10006dd4:	454e      	cmp	r6, r9
10006dd6:	d0b4      	beq.n	10006d42 <cdcd_xfer_cb+0x2a>
10006dd8:	796b      	ldrb	r3, [r5, #5]
10006dda:	7832      	ldrb	r2, [r6, #0]
10006ddc:	429a      	cmp	r2, r3
10006dde:	d1f8      	bne.n	10006dd2 <cdcd_xfer_cb+0xba>
10006de0:	4650      	mov	r0, sl
10006de2:	f000 fb61 	bl	100074a8 <tu_fifo_empty>
10006de6:	2800      	cmp	r0, #0
10006de8:	d1f3      	bne.n	10006dd2 <cdcd_xfer_cb+0xba>
10006dea:	4653      	mov	r3, sl
10006dec:	3b10      	subs	r3, #16
10006dee:	7959      	ldrb	r1, [r3, #5]
10006df0:	e000      	b.n	10006df4 <cdcd_xfer_cb+0xdc>
10006df2:	bf00      	nop
10006df4:	e7ed      	b.n	10006dd2 <cdcd_xfer_cb+0xba>
10006df6:	e000      	b.n	10006dfa <cdcd_xfer_cb+0xe2>
10006df8:	bf00      	nop
10006dfa:	e7aa      	b.n	10006d52 <cdcd_xfer_cb+0x3a>
10006dfc:	20001a58 	.word	0x20001a58
10006e00:	00000000 	.word	0x00000000
10006e04:	20001a68 	.word	0x20001a68
10006e08:	00000000 	.word	0x00000000
10006e0c:	20001a7c 	.word	0x20001a7c
10006e10:	200019d4 	.word	0x200019d4
10006e14:	00000000 	.word	0x00000000

10006e18 <vendord_init>:
10006e18:	2293      	movs	r2, #147	@ 0x93
10006e1a:	b5f0      	push	{r4, r5, r6, r7, lr}
10006e1c:	4c13      	ldr	r4, [pc, #76]	@ (10006e6c <vendord_init+0x54>)
10006e1e:	b085      	sub	sp, #20
10006e20:	2100      	movs	r1, #0
10006e22:	0020      	movs	r0, r4
10006e24:	0092      	lsls	r2, r2, #2
10006e26:	f7fc f9fb 	bl	10003220 <__wrap_memset>
10006e2a:	0023      	movs	r3, r4
10006e2c:	0020      	movs	r0, r4
10006e2e:	2680      	movs	r6, #128	@ 0x80
10006e30:	2740      	movs	r7, #64	@ 0x40
10006e32:	4d0f      	ldr	r5, [pc, #60]	@ (10006e70 <vendord_init+0x58>)
10006e34:	334d      	adds	r3, #77	@ 0x4d
10006e36:	0076      	lsls	r6, r6, #1
10006e38:	33ff      	adds	r3, #255	@ 0xff
10006e3a:	3029      	adds	r0, #41	@ 0x29
10006e3c:	9502      	str	r5, [sp, #8]
10006e3e:	9300      	str	r3, [sp, #0]
10006e40:	2200      	movs	r2, #0
10006e42:	2300      	movs	r3, #0
10006e44:	2100      	movs	r1, #0
10006e46:	9703      	str	r7, [sp, #12]
10006e48:	9601      	str	r6, [sp, #4]
10006e4a:	30ff      	adds	r0, #255	@ 0xff
10006e4c:	f000 f9d4 	bl	100071f8 <tu_edpt_stream_init>
10006e50:	3540      	adds	r5, #64	@ 0x40
10006e52:	1d20      	adds	r0, r4, #4
10006e54:	3428      	adds	r4, #40	@ 0x28
10006e56:	2300      	movs	r3, #0
10006e58:	2201      	movs	r2, #1
10006e5a:	2100      	movs	r1, #0
10006e5c:	9703      	str	r7, [sp, #12]
10006e5e:	9502      	str	r5, [sp, #8]
10006e60:	9601      	str	r6, [sp, #4]
10006e62:	9400      	str	r4, [sp, #0]
10006e64:	f000 f9c8 	bl	100071f8 <tu_edpt_stream_init>
10006e68:	b005      	add	sp, #20
10006e6a:	bdf0      	pop	{r4, r5, r6, r7, pc}
10006e6c:	20001d1c 	.word	0x20001d1c
10006e70:	20001c9c 	.word	0x20001c9c

10006e74 <vendord_deinit>:
10006e74:	b510      	push	{r4, lr}
10006e76:	4c05      	ldr	r4, [pc, #20]	@ (10006e8c <vendord_deinit+0x18>)
10006e78:	0020      	movs	r0, r4
10006e7a:	f000 f9f3 	bl	10007264 <tu_edpt_stream_deinit>
10006e7e:	0020      	movs	r0, r4
10006e80:	3825      	subs	r0, #37	@ 0x25
10006e82:	38ff      	subs	r0, #255	@ 0xff
10006e84:	f000 f9ee 	bl	10007264 <tu_edpt_stream_deinit>
10006e88:	2001      	movs	r0, #1
10006e8a:	bd10      	pop	{r4, pc}
10006e8c:	20001e44 	.word	0x20001e44

10006e90 <vendord_reset>:
10006e90:	b570      	push	{r4, r5, r6, lr}
10006e92:	4c08      	ldr	r4, [pc, #32]	@ (10006eb4 <vendord_reset+0x24>)
10006e94:	2500      	movs	r5, #0
10006e96:	0020      	movs	r0, r4
10006e98:	3031      	adds	r0, #49	@ 0x31
10006e9a:	30ff      	adds	r0, #255	@ 0xff
10006e9c:	7025      	strb	r5, [r4, #0]
10006e9e:	f000 fcf1 	bl	10007884 <tu_fifo_clear>
10006ea2:	0020      	movs	r0, r4
10006ea4:	300c      	adds	r0, #12
10006ea6:	f000 fced 	bl	10007884 <tu_fifo_clear>
10006eaa:	232a      	movs	r3, #42	@ 0x2a
10006eac:	33ff      	adds	r3, #255	@ 0xff
10006eae:	54e5      	strb	r5, [r4, r3]
10006eb0:	7165      	strb	r5, [r4, #5]
10006eb2:	bd70      	pop	{r4, r5, r6, pc}
10006eb4:	20001d1c 	.word	0x20001d1c

10006eb8 <vendord_open>:
10006eb8:	b5f8      	push	{r3, r4, r5, r6, r7, lr}
10006eba:	4657      	mov	r7, sl
10006ebc:	4645      	mov	r5, r8
10006ebe:	46de      	mov	lr, fp
10006ec0:	464e      	mov	r6, r9
10006ec2:	b5e0      	push	{r5, r6, r7, lr}
10006ec4:	794b      	ldrb	r3, [r1, #5]
10006ec6:	4680      	mov	r8, r0
10006ec8:	000f      	movs	r7, r1
10006eca:	2bff      	cmp	r3, #255	@ 0xff
10006ecc:	d15b      	bne.n	10006f86 <vendord_open+0xce>
10006ece:	4b40      	ldr	r3, [pc, #256]	@ (10006fd0 <vendord_open+0x118>)
10006ed0:	4699      	mov	r9, r3
10006ed2:	232a      	movs	r3, #42	@ 0x2a
10006ed4:	4649      	mov	r1, r9
10006ed6:	33ff      	adds	r3, #255	@ 0xff
10006ed8:	5ccb      	ldrb	r3, [r1, r3]
10006eda:	2b00      	cmp	r3, #0
10006edc:	d153      	bne.n	10006f86 <vendord_open+0xce>
10006ede:	794e      	ldrb	r6, [r1, #5]
10006ee0:	2e00      	cmp	r6, #0
10006ee2:	d150      	bne.n	10006f86 <vendord_open+0xce>
10006ee4:	78bb      	ldrb	r3, [r7, #2]
10006ee6:	783c      	ldrb	r4, [r7, #0]
10006ee8:	700b      	strb	r3, [r1, #0]
10006eea:	793b      	ldrb	r3, [r7, #4]
10006eec:	193c      	adds	r4, r7, r4
10006eee:	2b00      	cmp	r3, #0
10006ef0:	d046      	beq.n	10006f80 <vendord_open+0xc8>
10006ef2:	2398      	movs	r3, #152	@ 0x98
10006ef4:	005b      	lsls	r3, r3, #1
10006ef6:	444b      	add	r3, r9
10006ef8:	469a      	mov	sl, r3
10006efa:	230c      	movs	r3, #12
10006efc:	444b      	add	r3, r9
10006efe:	469b      	mov	fp, r3
10006f00:	18a5      	adds	r5, r4, r2
10006f02:	e003      	b.n	10006f0c <vendord_open+0x54>
10006f04:	42ac      	cmp	r4, r5
10006f06:	d23b      	bcs.n	10006f80 <vendord_open+0xc8>
10006f08:	7823      	ldrb	r3, [r4, #0]
10006f0a:	18e4      	adds	r4, r4, r3
10006f0c:	7863      	ldrb	r3, [r4, #1]
10006f0e:	2b05      	cmp	r3, #5
10006f10:	d1f8      	bne.n	10006f04 <vendord_open+0x4c>
10006f12:	42ac      	cmp	r4, r5
10006f14:	d234      	bcs.n	10006f80 <vendord_open+0xc8>
10006f16:	0021      	movs	r1, r4
10006f18:	4640      	mov	r0, r8
10006f1a:	f7ff fb5d 	bl	100065d8 <usbd_edpt_open>
10006f1e:	2800      	cmp	r0, #0
10006f20:	d031      	beq.n	10006f86 <vendord_open+0xce>
10006f22:	78a3      	ldrb	r3, [r4, #2]
10006f24:	3601      	adds	r6, #1
10006f26:	b2f6      	uxtb	r6, r6
10006f28:	09db      	lsrs	r3, r3, #7
10006f2a:	2b01      	cmp	r3, #1
10006f2c:	d032      	beq.n	10006f94 <vendord_open+0xdc>
10006f2e:	4650      	mov	r0, sl
10006f30:	f000 fca8 	bl	10007884 <tu_fifo_clear>
10006f34:	232a      	movs	r3, #42	@ 0x2a
10006f36:	4649      	mov	r1, r9
10006f38:	78a2      	ldrb	r2, [r4, #2]
10006f3a:	33ff      	adds	r3, #255	@ 0xff
10006f3c:	54ca      	strb	r2, [r1, r3]
10006f3e:	7963      	ldrb	r3, [r4, #5]
10006f40:	7922      	ldrb	r2, [r4, #4]
10006f42:	021b      	lsls	r3, r3, #8
10006f44:	4313      	orrs	r3, r2
10006f46:	4a23      	ldr	r2, [pc, #140]	@ (10006fd4 <vendord_open+0x11c>)
10006f48:	055b      	lsls	r3, r3, #21
10006f4a:	4694      	mov	ip, r2
10006f4c:	0d5b      	lsrs	r3, r3, #21
10006f4e:	2194      	movs	r1, #148	@ 0x94
10006f50:	4463      	add	r3, ip
10006f52:	425a      	negs	r2, r3
10006f54:	4153      	adcs	r3, r2
10006f56:	464a      	mov	r2, r9
10006f58:	2002      	movs	r0, #2
10006f5a:	0049      	lsls	r1, r1, #1
10006f5c:	5c52      	ldrb	r2, [r2, r1]
10006f5e:	005b      	lsls	r3, r3, #1
10006f60:	4382      	bics	r2, r0
10006f62:	4313      	orrs	r3, r2
10006f64:	464a      	mov	r2, r9
10006f66:	5453      	strb	r3, [r2, r1]
10006f68:	4651      	mov	r1, sl
10006f6a:	4640      	mov	r0, r8
10006f6c:	3908      	subs	r1, #8
10006f6e:	f000 f9e3 	bl	10007338 <tu_edpt_stream_read_xfer>
10006f72:	2800      	cmp	r0, #0
10006f74:	d007      	beq.n	10006f86 <vendord_open+0xce>
10006f76:	7823      	ldrb	r3, [r4, #0]
10006f78:	18e4      	adds	r4, r4, r3
10006f7a:	793b      	ldrb	r3, [r7, #4]
10006f7c:	42b3      	cmp	r3, r6
10006f7e:	d8c5      	bhi.n	10006f0c <vendord_open+0x54>
10006f80:	1be0      	subs	r0, r4, r7
10006f82:	b280      	uxth	r0, r0
10006f84:	e000      	b.n	10006f88 <vendord_open+0xd0>
10006f86:	2000      	movs	r0, #0
10006f88:	bcf0      	pop	{r4, r5, r6, r7}
10006f8a:	46bb      	mov	fp, r7
10006f8c:	46b2      	mov	sl, r6
10006f8e:	46a9      	mov	r9, r5
10006f90:	46a0      	mov	r8, r4
10006f92:	bdf8      	pop	{r3, r4, r5, r6, r7, pc}
10006f94:	4658      	mov	r0, fp
10006f96:	f000 fc75 	bl	10007884 <tu_fifo_clear>
10006f9a:	465a      	mov	r2, fp
10006f9c:	78a3      	ldrb	r3, [r4, #2]
10006f9e:	3a0c      	subs	r2, #12
10006fa0:	7153      	strb	r3, [r2, #5]
10006fa2:	7963      	ldrb	r3, [r4, #5]
10006fa4:	7921      	ldrb	r1, [r4, #4]
10006fa6:	021b      	lsls	r3, r3, #8
10006fa8:	430b      	orrs	r3, r1
10006faa:	490a      	ldr	r1, [pc, #40]	@ (10006fd4 <vendord_open+0x11c>)
10006fac:	055b      	lsls	r3, r3, #21
10006fae:	468c      	mov	ip, r1
10006fb0:	0d5b      	lsrs	r3, r3, #21
10006fb2:	4463      	add	r3, ip
10006fb4:	4259      	negs	r1, r3
10006fb6:	414b      	adcs	r3, r1
10006fb8:	2002      	movs	r0, #2
10006fba:	7911      	ldrb	r1, [r2, #4]
10006fbc:	005b      	lsls	r3, r3, #1
10006fbe:	4381      	bics	r1, r0
10006fc0:	430b      	orrs	r3, r1
10006fc2:	4659      	mov	r1, fp
10006fc4:	2000      	movs	r0, #0
10006fc6:	3908      	subs	r1, #8
10006fc8:	7113      	strb	r3, [r2, #4]
10006fca:	f000 f981 	bl	100072d0 <tu_edpt_stream_write_xfer>
10006fce:	e7d2      	b.n	10006f76 <vendord_open+0xbe>
10006fd0:	20001d1c 	.word	0x20001d1c
10006fd4:	fffffe00 	.word	0xfffffe00

10006fd8 <vendord_xfer_cb>:
10006fd8:	b5f8      	push	{r3, r4, r5, r6, r7, lr}
10006fda:	252a      	movs	r5, #42	@ 0x2a
10006fdc:	0006      	movs	r6, r0
10006fde:	481f      	ldr	r0, [pc, #124]	@ (1000705c <vendord_xfer_cb+0x84>)
10006fe0:	35ff      	adds	r5, #255	@ 0xff
10006fe2:	5d45      	ldrb	r5, [r0, r5]
10006fe4:	001f      	movs	r7, r3
10006fe6:	428d      	cmp	r5, r1
10006fe8:	d015      	beq.n	10007016 <vendord_xfer_cb+0x3e>
10006fea:	7943      	ldrb	r3, [r0, #5]
10006fec:	428b      	cmp	r3, r1
10006fee:	d001      	beq.n	10006ff4 <vendord_xfer_cb+0x1c>
10006ff0:	2000      	movs	r0, #0
10006ff2:	bdf8      	pop	{r3, r4, r5, r6, r7, pc}
10006ff4:	4b1a      	ldr	r3, [pc, #104]	@ (10007060 <vendord_xfer_cb+0x88>)
10006ff6:	2b00      	cmp	r3, #0
10006ff8:	d004      	beq.n	10007004 <vendord_xfer_cb+0x2c>
10006ffa:	0439      	lsls	r1, r7, #16
10006ffc:	2000      	movs	r0, #0
10006ffe:	0c09      	lsrs	r1, r1, #16
10007000:	e000      	b.n	10007004 <vendord_xfer_cb+0x2c>
10007002:	bf00      	nop
10007004:	4c17      	ldr	r4, [pc, #92]	@ (10007064 <vendord_xfer_cb+0x8c>)
10007006:	0030      	movs	r0, r6
10007008:	0021      	movs	r1, r4
1000700a:	f000 f961 	bl	100072d0 <tu_edpt_stream_write_xfer>
1000700e:	2800      	cmp	r0, #0
10007010:	d01d      	beq.n	1000704e <vendord_xfer_cb+0x76>
10007012:	2001      	movs	r0, #1
10007014:	e7ed      	b.n	10006ff2 <vendord_xfer_cb+0x1a>
10007016:	239a      	movs	r3, #154	@ 0x9a
10007018:	005b      	lsls	r3, r3, #1
1000701a:	5ac3      	ldrh	r3, [r0, r3]
1000701c:	2b00      	cmp	r3, #0
1000701e:	d10d      	bne.n	1000703c <vendord_xfer_cb+0x64>
10007020:	4b11      	ldr	r3, [pc, #68]	@ (10007068 <vendord_xfer_cb+0x90>)
10007022:	2b00      	cmp	r3, #0
10007024:	d004      	beq.n	10007030 <vendord_xfer_cb+0x58>
10007026:	2000      	movs	r0, #0
10007028:	4910      	ldr	r1, [pc, #64]	@ (1000706c <vendord_xfer_cb+0x94>)
1000702a:	b2ba      	uxth	r2, r7
1000702c:	e000      	b.n	10007030 <vendord_xfer_cb+0x58>
1000702e:	bf00      	nop
10007030:	0030      	movs	r0, r6
10007032:	490f      	ldr	r1, [pc, #60]	@ (10007070 <vendord_xfer_cb+0x98>)
10007034:	f000 f980 	bl	10007338 <tu_edpt_stream_read_xfer>
10007038:	2001      	movs	r0, #1
1000703a:	e7da      	b.n	10006ff2 <vendord_xfer_cb+0x1a>
1000703c:	2396      	movs	r3, #150	@ 0x96
1000703e:	005b      	lsls	r3, r3, #1
10007040:	58c1      	ldr	r1, [r0, r3]
10007042:	3031      	adds	r0, #49	@ 0x31
10007044:	b2ba      	uxth	r2, r7
10007046:	30ff      	adds	r0, #255	@ 0xff
10007048:	f000 fb60 	bl	1000770c <tu_fifo_write_n>
1000704c:	e7e8      	b.n	10007020 <vendord_xfer_cb+0x48>
1000704e:	003a      	movs	r2, r7
10007050:	0021      	movs	r1, r4
10007052:	0030      	movs	r0, r6
10007054:	f000 f908 	bl	10007268 <tu_edpt_stream_write_zlp_if_needed>
10007058:	2001      	movs	r0, #1
1000705a:	e7ca      	b.n	10006ff2 <vendord_xfer_cb+0x1a>
1000705c:	20001d1c 	.word	0x20001d1c
10007060:	00000000 	.word	0x00000000
10007064:	20001d20 	.word	0x20001d20
10007068:	00000000 	.word	0x00000000
1000706c:	20001c9c 	.word	0x20001c9c
10007070:	20001e44 	.word	0x20001e44

10007074 <tusb_rhport_init>:
10007074:	b500      	push	{lr}
10007076:	0003      	movs	r3, r0
10007078:	b083      	sub	sp, #12
1000707a:	2900      	cmp	r1, #0
1000707c:	d010      	beq.n	100070a0 <tusb_rhport_init+0x2c>
1000707e:	2000      	movs	r0, #0
10007080:	2b01      	cmp	r3, #1
10007082:	d807      	bhi.n	10007094 <tusb_rhport_init+0x20>
10007084:	780a      	ldrb	r2, [r1, #0]
10007086:	2a00      	cmp	r2, #0
10007088:	d004      	beq.n	10007094 <tusb_rhport_init+0x20>
1000708a:	480c      	ldr	r0, [pc, #48]	@ (100070bc <tusb_rhport_init+0x48>)
1000708c:	54c2      	strb	r2, [r0, r3]
1000708e:	2001      	movs	r0, #1
10007090:	2a01      	cmp	r2, #1
10007092:	d001      	beq.n	10007098 <tusb_rhport_init+0x24>
10007094:	b003      	add	sp, #12
10007096:	bd00      	pop	{pc}
10007098:	0018      	movs	r0, r3
1000709a:	f7fe fdd5 	bl	10005c48 <tud_rhport_init>
1000709e:	e7f9      	b.n	10007094 <tusb_rhport_init+0x20>
100070a0:	2301      	movs	r3, #1
100070a2:	466a      	mov	r2, sp
100070a4:	2000      	movs	r0, #0
100070a6:	a901      	add	r1, sp, #4
100070a8:	8093      	strh	r3, [r2, #4]
100070aa:	f7fe fdcd 	bl	10005c48 <tud_rhport_init>
100070ae:	2800      	cmp	r0, #0
100070b0:	d0f0      	beq.n	10007094 <tusb_rhport_init+0x20>
100070b2:	2201      	movs	r2, #1
100070b4:	4b01      	ldr	r3, [pc, #4]	@ (100070bc <tusb_rhport_init+0x48>)
100070b6:	701a      	strb	r2, [r3, #0]
100070b8:	e7ec      	b.n	10007094 <tusb_rhport_init+0x20>
100070ba:	46c0      	nop			@ (mov r8, r8)
100070bc:	20001b74 	.word	0x20001b74

100070c0 <tu_edpt_claim>:
100070c0:	7803      	ldrb	r3, [r0, #0]
100070c2:	b570      	push	{r4, r5, r6, lr}
100070c4:	07db      	lsls	r3, r3, #31
100070c6:	0004      	movs	r4, r0
100070c8:	000e      	movs	r6, r1
100070ca:	0fdd      	lsrs	r5, r3, #31
100070cc:	2b00      	cmp	r3, #0
100070ce:	d117      	bne.n	10007100 <tu_edpt_claim+0x40>
100070d0:	7803      	ldrb	r3, [r0, #0]
100070d2:	075b      	lsls	r3, r3, #29
100070d4:	d501      	bpl.n	100070da <tu_edpt_claim+0x1a>
100070d6:	0028      	movs	r0, r5
100070d8:	bd70      	pop	{r4, r5, r6, pc}
100070da:	2101      	movs	r1, #1
100070dc:	0030      	movs	r0, r6
100070de:	4249      	negs	r1, r1
100070e0:	f001 fbc6 	bl	10008870 <__mutex_enter_timeout_ms_veneer>
100070e4:	7823      	ldrb	r3, [r4, #0]
100070e6:	07db      	lsls	r3, r3, #31
100070e8:	0fdd      	lsrs	r5, r3, #31
100070ea:	2b00      	cmp	r3, #0
100070ec:	d10a      	bne.n	10007104 <tu_edpt_claim+0x44>
100070ee:	7823      	ldrb	r3, [r4, #0]
100070f0:	075b      	lsls	r3, r3, #29
100070f2:	d408      	bmi.n	10007106 <tu_edpt_claim+0x46>
100070f4:	2204      	movs	r2, #4
100070f6:	7823      	ldrb	r3, [r4, #0]
100070f8:	2501      	movs	r5, #1
100070fa:	4313      	orrs	r3, r2
100070fc:	7023      	strb	r3, [r4, #0]
100070fe:	e002      	b.n	10007106 <tu_edpt_claim+0x46>
10007100:	2500      	movs	r5, #0
10007102:	e7e8      	b.n	100070d6 <tu_edpt_claim+0x16>
10007104:	2500      	movs	r5, #0
10007106:	0030      	movs	r0, r6
10007108:	f001 fb92 	bl	10008830 <__mutex_exit_veneer>
1000710c:	e7e3      	b.n	100070d6 <tu_edpt_claim+0x16>
1000710e:	46c0      	nop			@ (mov r8, r8)

10007110 <tu_edpt_release>:
10007110:	b570      	push	{r4, r5, r6, lr}
10007112:	000c      	movs	r4, r1
10007114:	2101      	movs	r1, #1
10007116:	0006      	movs	r6, r0
10007118:	4249      	negs	r1, r1
1000711a:	0020      	movs	r0, r4
1000711c:	f001 fba8 	bl	10008870 <__mutex_enter_timeout_ms_veneer>
10007120:	7833      	ldrb	r3, [r6, #0]
10007122:	075b      	lsls	r3, r3, #29
10007124:	0fdd      	lsrs	r5, r3, #31
10007126:	2b00      	cmp	r3, #0
10007128:	db04      	blt.n	10007134 <tu_edpt_release+0x24>
1000712a:	0020      	movs	r0, r4
1000712c:	f001 fb80 	bl	10008830 <__mutex_exit_veneer>
10007130:	0028      	movs	r0, r5
10007132:	bd70      	pop	{r4, r5, r6, pc}
10007134:	7833      	ldrb	r3, [r6, #0]
10007136:	07db      	lsls	r3, r3, #31
10007138:	d404      	bmi.n	10007144 <tu_edpt_release+0x34>
1000713a:	2204      	movs	r2, #4
1000713c:	7833      	ldrb	r3, [r6, #0]
1000713e:	4393      	bics	r3, r2
10007140:	7033      	strb	r3, [r6, #0]
10007142:	e7f2      	b.n	1000712a <tu_edpt_release+0x1a>
10007144:	2500      	movs	r5, #0
10007146:	e7f0      	b.n	1000712a <tu_edpt_release+0x1a>

10007148 <tu_edpt_validate>:
10007148:	7943      	ldrb	r3, [r0, #5]
1000714a:	7902      	ldrb	r2, [r0, #4]
1000714c:	021b      	lsls	r3, r3, #8
1000714e:	4313      	orrs	r3, r2
10007150:	78c2      	ldrb	r2, [r0, #3]
10007152:	055b      	lsls	r3, r3, #21
10007154:	0792      	lsls	r2, r2, #30
10007156:	0d5b      	lsrs	r3, r3, #21
10007158:	0f92      	lsrs	r2, r2, #30
1000715a:	2a02      	cmp	r2, #2
1000715c:	d01d      	beq.n	1000719a <tu_edpt_validate+0x52>
1000715e:	2a03      	cmp	r2, #3
10007160:	d00c      	beq.n	1000717c <tu_edpt_validate+0x34>
10007162:	2000      	movs	r0, #0
10007164:	2a01      	cmp	r2, #1
10007166:	d108      	bne.n	1000717a <tu_edpt_validate+0x32>
10007168:	3902      	subs	r1, #2
1000716a:	424a      	negs	r2, r1
1000716c:	4151      	adcs	r1, r2
1000716e:	4a12      	ldr	r2, [pc, #72]	@ (100071b8 <tu_edpt_validate+0x70>)
10007170:	4694      	mov	ip, r2
10007172:	4461      	add	r1, ip
10007174:	4299      	cmp	r1, r3
10007176:	4140      	adcs	r0, r0
10007178:	b2c0      	uxtb	r0, r0
1000717a:	4770      	bx	lr
1000717c:	3902      	subs	r1, #2
1000717e:	1e4a      	subs	r2, r1, #1
10007180:	4191      	sbcs	r1, r2
10007182:	4a0e      	ldr	r2, [pc, #56]	@ (100071bc <tu_edpt_validate+0x74>)
10007184:	4249      	negs	r1, r1
10007186:	4011      	ands	r1, r2
10007188:	2280      	movs	r2, #128	@ 0x80
1000718a:	00d2      	lsls	r2, r2, #3
1000718c:	4694      	mov	ip, r2
1000718e:	2000      	movs	r0, #0
10007190:	4461      	add	r1, ip
10007192:	4299      	cmp	r1, r3
10007194:	4140      	adcs	r0, r0
10007196:	b2c0      	uxtb	r0, r0
10007198:	e7ef      	b.n	1000717a <tu_edpt_validate+0x32>
1000719a:	2902      	cmp	r1, #2
1000719c:	d005      	beq.n	100071aa <tu_edpt_validate+0x62>
1000719e:	2000      	movs	r0, #0
100071a0:	2240      	movs	r2, #64	@ 0x40
100071a2:	429a      	cmp	r2, r3
100071a4:	4140      	adcs	r0, r0
100071a6:	b2c0      	uxtb	r0, r0
100071a8:	e7e7      	b.n	1000717a <tu_edpt_validate+0x32>
100071aa:	4a05      	ldr	r2, [pc, #20]	@ (100071c0 <tu_edpt_validate+0x78>)
100071ac:	1898      	adds	r0, r3, r2
100071ae:	4243      	negs	r3, r0
100071b0:	4158      	adcs	r0, r3
100071b2:	b2c0      	uxtb	r0, r0
100071b4:	e7e1      	b.n	1000717a <tu_edpt_validate+0x32>
100071b6:	46c0      	nop			@ (mov r8, r8)
100071b8:	000003ff 	.word	0x000003ff
100071bc:	fffffc40 	.word	0xfffffc40
100071c0:	fffffe00 	.word	0xfffffe00

100071c4 <tu_edpt_bind_driver>:
100071c4:	188a      	adds	r2, r1, r2
100071c6:	b570      	push	{r4, r5, r6, lr}
100071c8:	4291      	cmp	r1, r2
100071ca:	d207      	bcs.n	100071dc <tu_edpt_bind_driver+0x18>
100071cc:	267f      	movs	r6, #127	@ 0x7f
100071ce:	784c      	ldrb	r4, [r1, #1]
100071d0:	2c05      	cmp	r4, #5
100071d2:	d004      	beq.n	100071de <tu_edpt_bind_driver+0x1a>
100071d4:	780c      	ldrb	r4, [r1, #0]
100071d6:	1909      	adds	r1, r1, r4
100071d8:	428a      	cmp	r2, r1
100071da:	d8f8      	bhi.n	100071ce <tu_edpt_bind_driver+0xa>
100071dc:	bd70      	pop	{r4, r5, r6, pc}
100071de:	0034      	movs	r4, r6
100071e0:	788d      	ldrb	r5, [r1, #2]
100071e2:	402c      	ands	r4, r5
100071e4:	0064      	lsls	r4, r4, #1
100071e6:	1904      	adds	r4, r0, r4
100071e8:	09ed      	lsrs	r5, r5, #7
100071ea:	5563      	strb	r3, [r4, r5]
100071ec:	780c      	ldrb	r4, [r1, #0]
100071ee:	1909      	adds	r1, r1, r4
100071f0:	428a      	cmp	r2, r1
100071f2:	d8ec      	bhi.n	100071ce <tu_edpt_bind_driver+0xa>
100071f4:	e7f2      	b.n	100071dc <tu_edpt_bind_driver+0x18>
100071f6:	46c0      	nop			@ (mov r8, r8)

100071f8 <tu_edpt_stream_init>:
100071f8:	b5f0      	push	{r4, r5, r6, r7, lr}
100071fa:	46c6      	mov	lr, r8
100071fc:	b500      	push	{lr}
100071fe:	b082      	sub	sp, #8
10007200:	0015      	movs	r5, r2
10007202:	aa08      	add	r2, sp, #32
10007204:	ca40      	ldmia	r2!, {r6}
10007206:	0004      	movs	r4, r0
10007208:	8817      	ldrh	r7, [r2, #0]
1000720a:	466a      	mov	r2, sp
1000720c:	8d92      	ldrh	r2, [r2, #44]	@ 0x2c
1000720e:	2001      	movs	r0, #1
10007210:	4690      	mov	r8, r2
10007212:	000a      	movs	r2, r1
10007214:	7821      	ldrb	r1, [r4, #0]
10007216:	4002      	ands	r2, r0
10007218:	4381      	bics	r1, r0
1000721a:	0020      	movs	r0, r4
1000721c:	4311      	orrs	r1, r2
1000721e:	7021      	strb	r1, [r4, #0]
10007220:	003a      	movs	r2, r7
10007222:	9300      	str	r3, [sp, #0]
10007224:	0031      	movs	r1, r6
10007226:	2301      	movs	r3, #1
10007228:	3008      	adds	r0, #8
1000722a:	f000 f8f1 	bl	10007410 <tu_fifo_config>
1000722e:	2e00      	cmp	r6, #0
10007230:	d001      	beq.n	10007236 <tu_edpt_stream_init+0x3e>
10007232:	2f00      	cmp	r7, #0
10007234:	d108      	bne.n	10007248 <tu_edpt_stream_init+0x50>
10007236:	9b0a      	ldr	r3, [sp, #40]	@ 0x28
10007238:	2001      	movs	r0, #1
1000723a:	6063      	str	r3, [r4, #4]
1000723c:	4643      	mov	r3, r8
1000723e:	8063      	strh	r3, [r4, #2]
10007240:	b002      	add	sp, #8
10007242:	bc80      	pop	{r7}
10007244:	46b8      	mov	r8, r7
10007246:	bdf0      	pop	{r4, r5, r6, r7, pc}
10007248:	0026      	movs	r6, r4
1000724a:	361c      	adds	r6, #28
1000724c:	0030      	movs	r0, r6
1000724e:	f7f9 fed5 	bl	10000ffc <mutex_init>
10007252:	2300      	movs	r3, #0
10007254:	2d00      	cmp	r5, #0
10007256:	d001      	beq.n	1000725c <tu_edpt_stream_init+0x64>
10007258:	0033      	movs	r3, r6
1000725a:	2600      	movs	r6, #0
1000725c:	6163      	str	r3, [r4, #20]
1000725e:	61a6      	str	r6, [r4, #24]
10007260:	e7e9      	b.n	10007236 <tu_edpt_stream_init+0x3e>
10007262:	46c0      	nop			@ (mov r8, r8)

10007264 <tu_edpt_stream_deinit>:
10007264:	2001      	movs	r0, #1
10007266:	4770      	bx	lr

10007268 <tu_edpt_stream_write_zlp_if_needed>:
10007268:	b5f8      	push	{r3, r4, r5, r6, r7, lr}
1000726a:	2402      	movs	r4, #2
1000726c:	780b      	ldrb	r3, [r1, #0]
1000726e:	0007      	movs	r7, r0
10007270:	401c      	ands	r4, r3
10007272:	4263      	negs	r3, r4
10007274:	415c      	adcs	r4, r3
10007276:	4b14      	ldr	r3, [pc, #80]	@ (100072c8 <tu_edpt_stream_write_zlp_if_needed+0x60>)
10007278:	4264      	negs	r4, r4
1000727a:	401c      	ands	r4, r3
1000727c:	4b13      	ldr	r3, [pc, #76]	@ (100072cc <tu_edpt_stream_write_zlp_if_needed+0x64>)
1000727e:	0008      	movs	r0, r1
10007280:	469c      	mov	ip, r3
10007282:	3008      	adds	r0, #8
10007284:	000d      	movs	r5, r1
10007286:	0016      	movs	r6, r2
10007288:	4464      	add	r4, ip
1000728a:	f000 f8f7 	bl	1000747c <tu_fifo_count>
1000728e:	2800      	cmp	r0, #0
10007290:	d107      	bne.n	100072a2 <tu_edpt_stream_write_zlp_if_needed+0x3a>
10007292:	2e00      	cmp	r6, #0
10007294:	d005      	beq.n	100072a2 <tu_edpt_stream_write_zlp_if_needed+0x3a>
10007296:	4234      	tst	r4, r6
10007298:	d103      	bne.n	100072a2 <tu_edpt_stream_write_zlp_if_needed+0x3a>
1000729a:	2401      	movs	r4, #1
1000729c:	782b      	ldrb	r3, [r5, #0]
1000729e:	421c      	tst	r4, r3
100072a0:	d001      	beq.n	100072a6 <tu_edpt_stream_write_zlp_if_needed+0x3e>
100072a2:	2000      	movs	r0, #0
100072a4:	bdf8      	pop	{r3, r4, r5, r6, r7, pc}
100072a6:	0038      	movs	r0, r7
100072a8:	7869      	ldrb	r1, [r5, #1]
100072aa:	f7ff f9af 	bl	1000660c <usbd_edpt_claim>
100072ae:	2800      	cmp	r0, #0
100072b0:	d0f7      	beq.n	100072a2 <tu_edpt_stream_write_zlp_if_needed+0x3a>
100072b2:	782b      	ldrb	r3, [r5, #0]
100072b4:	421c      	tst	r4, r3
100072b6:	d1f4      	bne.n	100072a2 <tu_edpt_stream_write_zlp_if_needed+0x3a>
100072b8:	2300      	movs	r3, #0
100072ba:	2200      	movs	r2, #0
100072bc:	0038      	movs	r0, r7
100072be:	7869      	ldrb	r1, [r5, #1]
100072c0:	f7ff f9cc 	bl	1000665c <usbd_edpt_xfer>
100072c4:	e7ee      	b.n	100072a4 <tu_edpt_stream_write_zlp_if_needed+0x3c>
100072c6:	46c0      	nop			@ (mov r8, r8)
100072c8:	fffffe40 	.word	0xfffffe40
100072cc:	000001ff 	.word	0x000001ff

100072d0 <tu_edpt_stream_write_xfer>:
100072d0:	b5f8      	push	{r3, r4, r5, r6, r7, lr}
100072d2:	000d      	movs	r5, r1
100072d4:	3508      	adds	r5, #8
100072d6:	0006      	movs	r6, r0
100072d8:	0028      	movs	r0, r5
100072da:	000c      	movs	r4, r1
100072dc:	f000 f8ce 	bl	1000747c <tu_fifo_count>
100072e0:	2800      	cmp	r0, #0
100072e2:	d003      	beq.n	100072ec <tu_edpt_stream_write_xfer+0x1c>
100072e4:	2701      	movs	r7, #1
100072e6:	7823      	ldrb	r3, [r4, #0]
100072e8:	421f      	tst	r7, r3
100072ea:	d001      	beq.n	100072f0 <tu_edpt_stream_write_xfer+0x20>
100072ec:	2000      	movs	r0, #0
100072ee:	bdf8      	pop	{r3, r4, r5, r6, r7, pc}
100072f0:	0030      	movs	r0, r6
100072f2:	7861      	ldrb	r1, [r4, #1]
100072f4:	f7ff f98a 	bl	1000660c <usbd_edpt_claim>
100072f8:	2800      	cmp	r0, #0
100072fa:	d0f7      	beq.n	100072ec <tu_edpt_stream_write_xfer+0x1c>
100072fc:	0028      	movs	r0, r5
100072fe:	8862      	ldrh	r2, [r4, #2]
10007300:	6861      	ldr	r1, [r4, #4]
10007302:	f000 f93d 	bl	10007580 <tu_fifo_read_n>
10007306:	7823      	ldrb	r3, [r4, #0]
10007308:	0005      	movs	r5, r0
1000730a:	401f      	ands	r7, r3
1000730c:	2800      	cmp	r0, #0
1000730e:	d00b      	beq.n	10007328 <tu_edpt_stream_write_xfer+0x58>
10007310:	2f00      	cmp	r7, #0
10007312:	d1eb      	bne.n	100072ec <tu_edpt_stream_write_xfer+0x1c>
10007314:	0003      	movs	r3, r0
10007316:	6862      	ldr	r2, [r4, #4]
10007318:	0030      	movs	r0, r6
1000731a:	7861      	ldrb	r1, [r4, #1]
1000731c:	f7ff f99e 	bl	1000665c <usbd_edpt_xfer>
10007320:	2800      	cmp	r0, #0
10007322:	d0e3      	beq.n	100072ec <tu_edpt_stream_write_xfer+0x1c>
10007324:	0028      	movs	r0, r5
10007326:	e7e2      	b.n	100072ee <tu_edpt_stream_write_xfer+0x1e>
10007328:	2f00      	cmp	r7, #0
1000732a:	d1df      	bne.n	100072ec <tu_edpt_stream_write_xfer+0x1c>
1000732c:	0030      	movs	r0, r6
1000732e:	7861      	ldrb	r1, [r4, #1]
10007330:	f7ff f980 	bl	10006634 <usbd_edpt_release>
10007334:	e7da      	b.n	100072ec <tu_edpt_stream_write_xfer+0x1c>
10007336:	46c0      	nop			@ (mov r8, r8)

10007338 <tu_edpt_stream_read_xfer>:
10007338:	b5f8      	push	{r3, r4, r5, r6, r7, lr}
1000733a:	46ce      	mov	lr, r9
1000733c:	4647      	mov	r7, r8
1000733e:	b580      	push	{r7, lr}
10007340:	898a      	ldrh	r2, [r1, #12]
10007342:	0006      	movs	r6, r0
10007344:	000c      	movs	r4, r1
10007346:	780b      	ldrb	r3, [r1, #0]
10007348:	2a00      	cmp	r2, #0
1000734a:	d107      	bne.n	1000735c <tu_edpt_stream_read_xfer+0x24>
1000734c:	2501      	movs	r5, #1
1000734e:	421d      	tst	r5, r3
10007350:	d040      	beq.n	100073d4 <tu_edpt_stream_read_xfer+0x9c>
10007352:	2000      	movs	r0, #0
10007354:	bcc0      	pop	{r6, r7}
10007356:	46b9      	mov	r9, r7
10007358:	46b0      	mov	r8, r6
1000735a:	bdf8      	pop	{r3, r4, r5, r6, r7, pc}
1000735c:	079b      	lsls	r3, r3, #30
1000735e:	d433      	bmi.n	100073c8 <tu_edpt_stream_read_xfer+0x90>
10007360:	4b2a      	ldr	r3, [pc, #168]	@ (1000740c <tu_edpt_stream_read_xfer+0xd4>)
10007362:	2540      	movs	r5, #64	@ 0x40
10007364:	4699      	mov	r9, r3
10007366:	0027      	movs	r7, r4
10007368:	3708      	adds	r7, #8
1000736a:	0038      	movs	r0, r7
1000736c:	f000 f8a4 	bl	100074b8 <tu_fifo_remaining>
10007370:	4285      	cmp	r5, r0
10007372:	d8ee      	bhi.n	10007352 <tu_edpt_stream_read_xfer+0x1a>
10007374:	2201      	movs	r2, #1
10007376:	7823      	ldrb	r3, [r4, #0]
10007378:	4690      	mov	r8, r2
1000737a:	421a      	tst	r2, r3
1000737c:	d1e9      	bne.n	10007352 <tu_edpt_stream_read_xfer+0x1a>
1000737e:	0030      	movs	r0, r6
10007380:	7861      	ldrb	r1, [r4, #1]
10007382:	f7ff f943 	bl	1000660c <usbd_edpt_claim>
10007386:	2800      	cmp	r0, #0
10007388:	d0e3      	beq.n	10007352 <tu_edpt_stream_read_xfer+0x1a>
1000738a:	0038      	movs	r0, r7
1000738c:	f000 f894 	bl	100074b8 <tu_fifo_remaining>
10007390:	4642      	mov	r2, r8
10007392:	7823      	ldrb	r3, [r4, #0]
10007394:	401a      	ands	r2, r3
10007396:	4285      	cmp	r5, r0
10007398:	d831      	bhi.n	100073fe <tu_edpt_stream_read_xfer+0xc6>
1000739a:	2a00      	cmp	r2, #0
1000739c:	d1d9      	bne.n	10007352 <tu_edpt_stream_read_xfer+0x1a>
1000739e:	464a      	mov	r2, r9
100073a0:	8863      	ldrh	r3, [r4, #2]
100073a2:	4002      	ands	r2, r0
100073a4:	1c1d      	adds	r5, r3, #0
100073a6:	4293      	cmp	r3, r2
100073a8:	d900      	bls.n	100073ac <tu_edpt_stream_read_xfer+0x74>
100073aa:	1c15      	adds	r5, r2, #0
100073ac:	b2ad      	uxth	r5, r5
100073ae:	2200      	movs	r2, #0
100073b0:	7861      	ldrb	r1, [r4, #1]
100073b2:	2d00      	cmp	r5, #0
100073b4:	d000      	beq.n	100073b8 <tu_edpt_stream_read_xfer+0x80>
100073b6:	6862      	ldr	r2, [r4, #4]
100073b8:	002b      	movs	r3, r5
100073ba:	0030      	movs	r0, r6
100073bc:	f7ff f94e 	bl	1000665c <usbd_edpt_xfer>
100073c0:	2800      	cmp	r0, #0
100073c2:	d0c6      	beq.n	10007352 <tu_edpt_stream_read_xfer+0x1a>
100073c4:	0028      	movs	r0, r5
100073c6:	e7c5      	b.n	10007354 <tu_edpt_stream_read_xfer+0x1c>
100073c8:	23fe      	movs	r3, #254	@ 0xfe
100073ca:	2580      	movs	r5, #128	@ 0x80
100073cc:	021b      	lsls	r3, r3, #8
100073ce:	4699      	mov	r9, r3
100073d0:	00ad      	lsls	r5, r5, #2
100073d2:	e7c8      	b.n	10007366 <tu_edpt_stream_read_xfer+0x2e>
100073d4:	7849      	ldrb	r1, [r1, #1]
100073d6:	f7ff f919 	bl	1000660c <usbd_edpt_claim>
100073da:	2800      	cmp	r0, #0
100073dc:	d0b9      	beq.n	10007352 <tu_edpt_stream_read_xfer+0x1a>
100073de:	7823      	ldrb	r3, [r4, #0]
100073e0:	421d      	tst	r5, r3
100073e2:	d1b6      	bne.n	10007352 <tu_edpt_stream_read_xfer+0x1a>
100073e4:	8863      	ldrh	r3, [r4, #2]
100073e6:	2200      	movs	r2, #0
100073e8:	7861      	ldrb	r1, [r4, #1]
100073ea:	2b00      	cmp	r3, #0
100073ec:	d000      	beq.n	100073f0 <tu_edpt_stream_read_xfer+0xb8>
100073ee:	6862      	ldr	r2, [r4, #4]
100073f0:	0030      	movs	r0, r6
100073f2:	f7ff f933 	bl	1000665c <usbd_edpt_xfer>
100073f6:	2800      	cmp	r0, #0
100073f8:	d0ab      	beq.n	10007352 <tu_edpt_stream_read_xfer+0x1a>
100073fa:	8860      	ldrh	r0, [r4, #2]
100073fc:	e7aa      	b.n	10007354 <tu_edpt_stream_read_xfer+0x1c>
100073fe:	2a00      	cmp	r2, #0
10007400:	d1a7      	bne.n	10007352 <tu_edpt_stream_read_xfer+0x1a>
10007402:	0030      	movs	r0, r6
10007404:	7861      	ldrb	r1, [r4, #1]
10007406:	f7ff f915 	bl	10006634 <usbd_edpt_release>
1000740a:	e7a2      	b.n	10007352 <tu_edpt_stream_read_xfer+0x1a>
1000740c:	0000ffc0 	.word	0x0000ffc0

10007410 <tu_fifo_config>:
10007410:	b5f0      	push	{r4, r5, r6, r7, lr}
10007412:	46c6      	mov	lr, r8
10007414:	b500      	push	{lr}
10007416:	0004      	movs	r4, r0
10007418:	4668      	mov	r0, sp
1000741a:	7e05      	ldrb	r5, [r0, #24]
1000741c:	2080      	movs	r0, #128	@ 0x80
1000741e:	4688      	mov	r8, r1
10007420:	0017      	movs	r7, r2
10007422:	001e      	movs	r6, r3
10007424:	0200      	lsls	r0, r0, #8
10007426:	4282      	cmp	r2, r0
10007428:	d826      	bhi.n	10007478 <tu_fifo_config+0x68>
1000742a:	68e0      	ldr	r0, [r4, #12]
1000742c:	2800      	cmp	r0, #0
1000742e:	d003      	beq.n	10007438 <tu_fifo_config+0x28>
10007430:	2101      	movs	r1, #1
10007432:	4249      	negs	r1, r1
10007434:	f001 fa1c 	bl	10008870 <__mutex_enter_timeout_ms_veneer>
10007438:	6920      	ldr	r0, [r4, #16]
1000743a:	2800      	cmp	r0, #0
1000743c:	d003      	beq.n	10007446 <tu_fifo_config+0x36>
1000743e:	2101      	movs	r1, #1
10007440:	4249      	negs	r1, r1
10007442:	f001 fa15 	bl	10008870 <__mutex_enter_timeout_ms_veneer>
10007446:	4643      	mov	r3, r8
10007448:	6023      	str	r3, [r4, #0]
1000744a:	0473      	lsls	r3, r6, #17
1000744c:	0c5b      	lsrs	r3, r3, #17
1000744e:	03ed      	lsls	r5, r5, #15
10007450:	431d      	orrs	r5, r3
10007452:	2300      	movs	r3, #0
10007454:	68e0      	ldr	r0, [r4, #12]
10007456:	8163      	strh	r3, [r4, #10]
10007458:	80a7      	strh	r7, [r4, #4]
1000745a:	80e5      	strh	r5, [r4, #6]
1000745c:	8123      	strh	r3, [r4, #8]
1000745e:	2800      	cmp	r0, #0
10007460:	d001      	beq.n	10007466 <tu_fifo_config+0x56>
10007462:	f001 f9e5 	bl	10008830 <__mutex_exit_veneer>
10007466:	6920      	ldr	r0, [r4, #16]
10007468:	2800      	cmp	r0, #0
1000746a:	d001      	beq.n	10007470 <tu_fifo_config+0x60>
1000746c:	f001 f9e0 	bl	10008830 <__mutex_exit_veneer>
10007470:	2001      	movs	r0, #1
10007472:	bc80      	pop	{r7}
10007474:	46b8      	mov	r8, r7
10007476:	bdf0      	pop	{r4, r5, r6, r7, pc}
10007478:	2000      	movs	r0, #0
1000747a:	e7fa      	b.n	10007472 <tu_fifo_config+0x62>

1000747c <tu_fifo_count>:
1000747c:	b510      	push	{r4, lr}
1000747e:	8904      	ldrh	r4, [r0, #8]
10007480:	8941      	ldrh	r1, [r0, #10]
10007482:	8882      	ldrh	r2, [r0, #4]
10007484:	b2a3      	uxth	r3, r4
10007486:	b288      	uxth	r0, r1
10007488:	428c      	cmp	r4, r1
1000748a:	d307      	bcc.n	1000749c <tu_fifo_count+0x20>
1000748c:	1a1b      	subs	r3, r3, r0
1000748e:	b29b      	uxth	r3, r3
10007490:	1c10      	adds	r0, r2, #0
10007492:	429a      	cmp	r2, r3
10007494:	d900      	bls.n	10007498 <tu_fifo_count+0x1c>
10007496:	1c18      	adds	r0, r3, #0
10007498:	b280      	uxth	r0, r0
1000749a:	bd10      	pop	{r4, pc}
1000749c:	0051      	lsls	r1, r2, #1
1000749e:	1a09      	subs	r1, r1, r0
100074a0:	185b      	adds	r3, r3, r1
100074a2:	b29b      	uxth	r3, r3
100074a4:	e7f4      	b.n	10007490 <tu_fifo_count+0x14>
100074a6:	46c0      	nop			@ (mov r8, r8)

100074a8 <tu_fifo_empty>:
100074a8:	8903      	ldrh	r3, [r0, #8]
100074aa:	8940      	ldrh	r0, [r0, #10]
100074ac:	1a18      	subs	r0, r3, r0
100074ae:	4243      	negs	r3, r0
100074b0:	4158      	adcs	r0, r3
100074b2:	b2c0      	uxtb	r0, r0
100074b4:	4770      	bx	lr
100074b6:	46c0      	nop			@ (mov r8, r8)

100074b8 <tu_fifo_remaining>:
100074b8:	b510      	push	{r4, lr}
100074ba:	8904      	ldrh	r4, [r0, #8]
100074bc:	8941      	ldrh	r1, [r0, #10]
100074be:	8882      	ldrh	r2, [r0, #4]
100074c0:	b2a3      	uxth	r3, r4
100074c2:	b288      	uxth	r0, r1
100074c4:	428c      	cmp	r4, r1
100074c6:	d307      	bcc.n	100074d8 <tu_fifo_remaining+0x20>
100074c8:	1a1b      	subs	r3, r3, r0
100074ca:	b29b      	uxth	r3, r3
100074cc:	2000      	movs	r0, #0
100074ce:	429a      	cmp	r2, r3
100074d0:	d901      	bls.n	100074d6 <tu_fifo_remaining+0x1e>
100074d2:	1ad2      	subs	r2, r2, r3
100074d4:	b290      	uxth	r0, r2
100074d6:	bd10      	pop	{r4, pc}
100074d8:	0051      	lsls	r1, r2, #1
100074da:	1a09      	subs	r1, r1, r0
100074dc:	185b      	adds	r3, r3, r1
100074de:	b29b      	uxth	r3, r3
100074e0:	e7f4      	b.n	100074cc <tu_fifo_remaining+0x14>
100074e2:	46c0      	nop			@ (mov r8, r8)

100074e4 <tu_fifo_read>:
100074e4:	b570      	push	{r4, r5, r6, lr}
100074e6:	0004      	movs	r4, r0
100074e8:	6900      	ldr	r0, [r0, #16]
100074ea:	000e      	movs	r6, r1
100074ec:	2800      	cmp	r0, #0
100074ee:	d003      	beq.n	100074f8 <tu_fifo_read+0x14>
100074f0:	2101      	movs	r1, #1
100074f2:	4249      	negs	r1, r1
100074f4:	f001 f9bc 	bl	10008870 <__mutex_enter_timeout_ms_veneer>
100074f8:	8925      	ldrh	r5, [r4, #8]
100074fa:	8960      	ldrh	r0, [r4, #10]
100074fc:	88a2      	ldrh	r2, [r4, #4]
100074fe:	b2a9      	uxth	r1, r5
10007500:	b283      	uxth	r3, r0
10007502:	4285      	cmp	r5, r0
10007504:	d332      	bcc.n	1000756c <tu_fifo_read+0x88>
10007506:	1acd      	subs	r5, r1, r3
10007508:	b2ad      	uxth	r5, r5
1000750a:	2d00      	cmp	r5, #0
1000750c:	d028      	beq.n	10007560 <tu_fifo_read+0x7c>
1000750e:	42aa      	cmp	r2, r5
10007510:	d208      	bcs.n	10007524 <tu_fifo_read+0x40>
10007512:	4291      	cmp	r1, r2
10007514:	d32f      	bcc.n	10007576 <tu_fifo_read+0x92>
10007516:	1a89      	subs	r1, r1, r2
10007518:	b28b      	uxth	r3, r1
1000751a:	8163      	strh	r3, [r4, #10]
1000751c:	429a      	cmp	r2, r3
1000751e:	d803      	bhi.n	10007528 <tu_fifo_read+0x44>
10007520:	1a9b      	subs	r3, r3, r2
10007522:	b29b      	uxth	r3, r3
10007524:	429a      	cmp	r2, r3
10007526:	d9fb      	bls.n	10007520 <tu_fifo_read+0x3c>
10007528:	88e2      	ldrh	r2, [r4, #6]
1000752a:	6821      	ldr	r1, [r4, #0]
1000752c:	0452      	lsls	r2, r2, #17
1000752e:	0c52      	lsrs	r2, r2, #17
10007530:	4353      	muls	r3, r2
10007532:	0030      	movs	r0, r6
10007534:	18c9      	adds	r1, r1, r3
10007536:	f7fb fe79 	bl	1000322c <__wrap___aeabi_memcpy>
1000753a:	8963      	ldrh	r3, [r4, #10]
1000753c:	2501      	movs	r5, #1
1000753e:	1c59      	adds	r1, r3, #1
10007540:	b289      	uxth	r1, r1
10007542:	88a2      	ldrh	r2, [r4, #4]
10007544:	428b      	cmp	r3, r1
10007546:	d90d      	bls.n	10007564 <tu_fifo_read+0x80>
10007548:	2100      	movs	r1, #0
1000754a:	0052      	lsls	r2, r2, #1
1000754c:	1a89      	subs	r1, r1, r2
1000754e:	b289      	uxth	r1, r1
10007550:	6920      	ldr	r0, [r4, #16]
10007552:	8161      	strh	r1, [r4, #10]
10007554:	2800      	cmp	r0, #0
10007556:	d001      	beq.n	1000755c <tu_fifo_read+0x78>
10007558:	f001 f96a 	bl	10008830 <__mutex_exit_veneer>
1000755c:	0028      	movs	r0, r5
1000755e:	bd70      	pop	{r4, r5, r6, pc}
10007560:	8961      	ldrh	r1, [r4, #10]
10007562:	b289      	uxth	r1, r1
10007564:	0052      	lsls	r2, r2, #1
10007566:	4291      	cmp	r1, r2
10007568:	dbf2      	blt.n	10007550 <tu_fifo_read+0x6c>
1000756a:	e7ef      	b.n	1000754c <tu_fifo_read+0x68>
1000756c:	0055      	lsls	r5, r2, #1
1000756e:	1aed      	subs	r5, r5, r3
10007570:	194d      	adds	r5, r1, r5
10007572:	b2ad      	uxth	r5, r5
10007574:	e7c9      	b.n	1000750a <tu_fifo_read+0x26>
10007576:	1889      	adds	r1, r1, r2
10007578:	b28b      	uxth	r3, r1
1000757a:	8163      	strh	r3, [r4, #10]
1000757c:	e7ce      	b.n	1000751c <tu_fifo_read+0x38>
1000757e:	46c0      	nop			@ (mov r8, r8)

10007580 <tu_fifo_read_n>:
10007580:	b5f0      	push	{r4, r5, r6, r7, lr}
10007582:	4646      	mov	r6, r8
10007584:	464f      	mov	r7, r9
10007586:	46d6      	mov	lr, sl
10007588:	b5c0      	push	{r6, r7, lr}
1000758a:	0006      	movs	r6, r0
1000758c:	6900      	ldr	r0, [r0, #16]
1000758e:	4689      	mov	r9, r1
10007590:	4690      	mov	r8, r2
10007592:	2800      	cmp	r0, #0
10007594:	d003      	beq.n	1000759e <tu_fifo_read_n+0x1e>
10007596:	2101      	movs	r1, #1
10007598:	4249      	negs	r1, r1
1000759a:	f001 f969 	bl	10008870 <__mutex_enter_timeout_ms_veneer>
1000759e:	8931      	ldrh	r1, [r6, #8]
100075a0:	8972      	ldrh	r2, [r6, #10]
100075a2:	88b5      	ldrh	r5, [r6, #4]
100075a4:	b28b      	uxth	r3, r1
100075a6:	b294      	uxth	r4, r2
100075a8:	4291      	cmp	r1, r2
100075aa:	d354      	bcc.n	10007656 <tu_fifo_read_n+0xd6>
100075ac:	1b1f      	subs	r7, r3, r4
100075ae:	b2bf      	uxth	r7, r7
100075b0:	2f00      	cmp	r7, #0
100075b2:	d04a      	beq.n	1000764a <tu_fifo_read_n+0xca>
100075b4:	42bd      	cmp	r5, r7
100075b6:	d205      	bcs.n	100075c4 <tu_fifo_read_n+0x44>
100075b8:	42ab      	cmp	r3, r5
100075ba:	d251      	bcs.n	10007660 <tu_fifo_read_n+0xe0>
100075bc:	195b      	adds	r3, r3, r5
100075be:	b29c      	uxth	r4, r3
100075c0:	002f      	movs	r7, r5
100075c2:	8174      	strh	r4, [r6, #10]
100075c4:	4643      	mov	r3, r8
100075c6:	45b8      	cmp	r8, r7
100075c8:	d83d      	bhi.n	10007646 <tu_fifo_read_n+0xc6>
100075ca:	b29f      	uxth	r7, r3
100075cc:	42a5      	cmp	r5, r4
100075ce:	d803      	bhi.n	100075d8 <tu_fifo_read_n+0x58>
100075d0:	1b64      	subs	r4, r4, r5
100075d2:	b2a4      	uxth	r4, r4
100075d4:	42a5      	cmp	r5, r4
100075d6:	d9fb      	bls.n	100075d0 <tu_fifo_read_n+0x50>
100075d8:	88f2      	ldrh	r2, [r6, #6]
100075da:	6831      	ldr	r1, [r6, #0]
100075dc:	0452      	lsls	r2, r2, #17
100075de:	0c52      	lsrs	r2, r2, #17
100075e0:	4690      	mov	r8, r2
100075e2:	4362      	muls	r2, r4
100075e4:	1b2b      	subs	r3, r5, r4
100075e6:	b29b      	uxth	r3, r3
100075e8:	1889      	adds	r1, r1, r2
100075ea:	4642      	mov	r2, r8
100075ec:	429f      	cmp	r7, r3
100075ee:	d925      	bls.n	1000763c <tu_fifo_read_n+0xbc>
100075f0:	4353      	muls	r3, r2
100075f2:	b29b      	uxth	r3, r3
100075f4:	001a      	movs	r2, r3
100075f6:	4648      	mov	r0, r9
100075f8:	469a      	mov	sl, r3
100075fa:	f7fb fe17 	bl	1000322c <__wrap___aeabi_memcpy>
100075fe:	4643      	mov	r3, r8
10007600:	4648      	mov	r0, r9
10007602:	1b7d      	subs	r5, r7, r5
10007604:	1964      	adds	r4, r4, r5
10007606:	435c      	muls	r4, r3
10007608:	6831      	ldr	r1, [r6, #0]
1000760a:	4450      	add	r0, sl
1000760c:	b2a2      	uxth	r2, r4
1000760e:	f7fb fe0d 	bl	1000322c <__wrap___aeabi_memcpy>
10007612:	8971      	ldrh	r1, [r6, #10]
10007614:	88b5      	ldrh	r5, [r6, #4]
10007616:	19cb      	adds	r3, r1, r7
10007618:	b29b      	uxth	r3, r3
1000761a:	006a      	lsls	r2, r5, #1
1000761c:	4299      	cmp	r1, r3
1000761e:	d916      	bls.n	1000764e <tu_fifo_read_n+0xce>
10007620:	1a9b      	subs	r3, r3, r2
10007622:	b29b      	uxth	r3, r3
10007624:	6930      	ldr	r0, [r6, #16]
10007626:	8173      	strh	r3, [r6, #10]
10007628:	2800      	cmp	r0, #0
1000762a:	d001      	beq.n	10007630 <tu_fifo_read_n+0xb0>
1000762c:	f001 f900 	bl	10008830 <__mutex_exit_veneer>
10007630:	0038      	movs	r0, r7
10007632:	bce0      	pop	{r5, r6, r7}
10007634:	46ba      	mov	sl, r7
10007636:	46b1      	mov	r9, r6
10007638:	46a8      	mov	r8, r5
1000763a:	bdf0      	pop	{r4, r5, r6, r7, pc}
1000763c:	4648      	mov	r0, r9
1000763e:	437a      	muls	r2, r7
10007640:	f7fb fdf4 	bl	1000322c <__wrap___aeabi_memcpy>
10007644:	e7e5      	b.n	10007612 <tu_fifo_read_n+0x92>
10007646:	1c3b      	adds	r3, r7, #0
10007648:	e7bf      	b.n	100075ca <tu_fifo_read_n+0x4a>
1000764a:	8973      	ldrh	r3, [r6, #10]
1000764c:	b29b      	uxth	r3, r3
1000764e:	006a      	lsls	r2, r5, #1
10007650:	4293      	cmp	r3, r2
10007652:	dbe7      	blt.n	10007624 <tu_fifo_read_n+0xa4>
10007654:	e7e4      	b.n	10007620 <tu_fifo_read_n+0xa0>
10007656:	006f      	lsls	r7, r5, #1
10007658:	1b3f      	subs	r7, r7, r4
1000765a:	19df      	adds	r7, r3, r7
1000765c:	b2bf      	uxth	r7, r7
1000765e:	e7a7      	b.n	100075b0 <tu_fifo_read_n+0x30>
10007660:	1b5b      	subs	r3, r3, r5
10007662:	b29c      	uxth	r4, r3
10007664:	e7ac      	b.n	100075c0 <tu_fifo_read_n+0x40>
10007666:	46c0      	nop			@ (mov r8, r8)

10007668 <tu_fifo_write>:
10007668:	b5f8      	push	{r3, r4, r5, r6, r7, lr}
1000766a:	0004      	movs	r4, r0
1000766c:	68c0      	ldr	r0, [r0, #12]
1000766e:	000e      	movs	r6, r1
10007670:	2800      	cmp	r0, #0
10007672:	d003      	beq.n	1000767c <tu_fifo_write+0x14>
10007674:	2101      	movs	r1, #1
10007676:	4249      	negs	r1, r1
10007678:	f001 f8fa 	bl	10008870 <__mutex_enter_timeout_ms_veneer>
1000767c:	8925      	ldrh	r5, [r4, #8]
1000767e:	8920      	ldrh	r0, [r4, #8]
10007680:	8961      	ldrh	r1, [r4, #10]
10007682:	88a2      	ldrh	r2, [r4, #4]
10007684:	b2ad      	uxth	r5, r5
10007686:	b283      	uxth	r3, r0
10007688:	b28f      	uxth	r7, r1
1000768a:	4288      	cmp	r0, r1
1000768c:	d329      	bcc.n	100076e2 <tu_fifo_write+0x7a>
1000768e:	1bdb      	subs	r3, r3, r7
10007690:	b29b      	uxth	r3, r3
10007692:	429a      	cmp	r2, r3
10007694:	d809      	bhi.n	100076aa <tu_fifo_write+0x42>
10007696:	79e7      	ldrb	r7, [r4, #7]
10007698:	09ff      	lsrs	r7, r7, #7
1000769a:	d106      	bne.n	100076aa <tu_fifo_write+0x42>
1000769c:	68e0      	ldr	r0, [r4, #12]
1000769e:	2800      	cmp	r0, #0
100076a0:	d001      	beq.n	100076a6 <tu_fifo_write+0x3e>
100076a2:	f001 f8c5 	bl	10008830 <__mutex_exit_veneer>
100076a6:	0038      	movs	r0, r7
100076a8:	bdf8      	pop	{r3, r4, r5, r6, r7, pc}
100076aa:	002b      	movs	r3, r5
100076ac:	4295      	cmp	r5, r2
100076ae:	d31d      	bcc.n	100076ec <tu_fifo_write+0x84>
100076b0:	1a9b      	subs	r3, r3, r2
100076b2:	b29b      	uxth	r3, r3
100076b4:	4293      	cmp	r3, r2
100076b6:	d2fb      	bcs.n	100076b0 <tu_fifo_write+0x48>
100076b8:	88e2      	ldrh	r2, [r4, #6]
100076ba:	6820      	ldr	r0, [r4, #0]
100076bc:	0452      	lsls	r2, r2, #17
100076be:	0c52      	lsrs	r2, r2, #17
100076c0:	4353      	muls	r3, r2
100076c2:	0031      	movs	r1, r6
100076c4:	18c0      	adds	r0, r0, r3
100076c6:	f7fb fdb1 	bl	1000322c <__wrap___aeabi_memcpy>
100076ca:	1c6b      	adds	r3, r5, #1
100076cc:	b29b      	uxth	r3, r3
100076ce:	88a2      	ldrh	r2, [r4, #4]
100076d0:	429d      	cmp	r5, r3
100076d2:	d917      	bls.n	10007704 <tu_fifo_write+0x9c>
100076d4:	2300      	movs	r3, #0
100076d6:	0052      	lsls	r2, r2, #1
100076d8:	1a9b      	subs	r3, r3, r2
100076da:	b29b      	uxth	r3, r3
100076dc:	2701      	movs	r7, #1
100076de:	8123      	strh	r3, [r4, #8]
100076e0:	e7dc      	b.n	1000769c <tu_fifo_write+0x34>
100076e2:	0051      	lsls	r1, r2, #1
100076e4:	1bc9      	subs	r1, r1, r7
100076e6:	185b      	adds	r3, r3, r1
100076e8:	b29b      	uxth	r3, r3
100076ea:	e7d2      	b.n	10007692 <tu_fifo_write+0x2a>
100076ec:	88e2      	ldrh	r2, [r4, #6]
100076ee:	6820      	ldr	r0, [r4, #0]
100076f0:	0452      	lsls	r2, r2, #17
100076f2:	0c52      	lsrs	r2, r2, #17
100076f4:	4353      	muls	r3, r2
100076f6:	0031      	movs	r1, r6
100076f8:	18c0      	adds	r0, r0, r3
100076fa:	f7fb fd97 	bl	1000322c <__wrap___aeabi_memcpy>
100076fe:	3501      	adds	r5, #1
10007700:	88a2      	ldrh	r2, [r4, #4]
10007702:	b2ab      	uxth	r3, r5
10007704:	0052      	lsls	r2, r2, #1
10007706:	4293      	cmp	r3, r2
10007708:	dbe8      	blt.n	100076dc <tu_fifo_write+0x74>
1000770a:	e7e5      	b.n	100076d8 <tu_fifo_write+0x70>

1000770c <tu_fifo_write_n>:
1000770c:	b5f0      	push	{r4, r5, r6, r7, lr}
1000770e:	464e      	mov	r6, r9
10007710:	4657      	mov	r7, sl
10007712:	46de      	mov	lr, fp
10007714:	4645      	mov	r5, r8
10007716:	b5e0      	push	{r5, r6, r7, lr}
10007718:	4689      	mov	r9, r1
1000771a:	0006      	movs	r6, r0
1000771c:	0017      	movs	r7, r2
1000771e:	b083      	sub	sp, #12
10007720:	2a00      	cmp	r2, #0
10007722:	d067      	beq.n	100077f4 <tu_fifo_write_n+0xe8>
10007724:	68c0      	ldr	r0, [r0, #12]
10007726:	2800      	cmp	r0, #0
10007728:	d003      	beq.n	10007732 <tu_fifo_write_n+0x26>
1000772a:	2101      	movs	r1, #1
1000772c:	4249      	negs	r1, r1
1000772e:	f001 f89f 	bl	10008870 <__mutex_enter_timeout_ms_veneer>
10007732:	8933      	ldrh	r3, [r6, #8]
10007734:	79f2      	ldrb	r2, [r6, #7]
10007736:	b29b      	uxth	r3, r3
10007738:	4698      	mov	r8, r3
1000773a:	8973      	ldrh	r3, [r6, #10]
1000773c:	88b5      	ldrh	r5, [r6, #4]
1000773e:	b29b      	uxth	r3, r3
10007740:	09d2      	lsrs	r2, r2, #7
10007742:	d140      	bne.n	100077c6 <tu_fifo_write_n+0xba>
10007744:	4598      	cmp	r8, r3
10007746:	d25e      	bcs.n	10007806 <tu_fifo_write_n+0xfa>
10007748:	006a      	lsls	r2, r5, #1
1000774a:	1ad3      	subs	r3, r2, r3
1000774c:	4443      	add	r3, r8
1000774e:	b29b      	uxth	r3, r3
10007750:	42ab      	cmp	r3, r5
10007752:	d25d      	bcs.n	10007810 <tu_fifo_write_n+0x104>
10007754:	1aeb      	subs	r3, r5, r3
10007756:	1c1a      	adds	r2, r3, #0
10007758:	b29b      	uxth	r3, r3
1000775a:	42bb      	cmp	r3, r7
1000775c:	d900      	bls.n	10007760 <tu_fifo_write_n+0x54>
1000775e:	1c3a      	adds	r2, r7, #0
10007760:	b297      	uxth	r7, r2
10007762:	1b7b      	subs	r3, r7, r5
10007764:	b29b      	uxth	r3, r3
10007766:	9301      	str	r3, [sp, #4]
10007768:	88f3      	ldrh	r3, [r6, #6]
1000776a:	045b      	lsls	r3, r3, #17
1000776c:	0c5b      	lsrs	r3, r3, #17
1000776e:	469a      	mov	sl, r3
10007770:	4643      	mov	r3, r8
10007772:	19db      	adds	r3, r3, r7
10007774:	b29b      	uxth	r3, r3
10007776:	469b      	mov	fp, r3
10007778:	4644      	mov	r4, r8
1000777a:	45a8      	cmp	r8, r5
1000777c:	d303      	bcc.n	10007786 <tu_fifo_write_n+0x7a>
1000777e:	1b64      	subs	r4, r4, r5
10007780:	b2a4      	uxth	r4, r4
10007782:	42ac      	cmp	r4, r5
10007784:	d2fb      	bcs.n	1000777e <tu_fifo_write_n+0x72>
10007786:	4653      	mov	r3, sl
10007788:	4363      	muls	r3, r4
1000778a:	6830      	ldr	r0, [r6, #0]
1000778c:	1b2d      	subs	r5, r5, r4
1000778e:	b2ad      	uxth	r5, r5
10007790:	18c0      	adds	r0, r0, r3
10007792:	42bd      	cmp	r5, r7
10007794:	d34b      	bcc.n	1000782e <tu_fifo_write_n+0x122>
10007796:	4652      	mov	r2, sl
10007798:	4649      	mov	r1, r9
1000779a:	437a      	muls	r2, r7
1000779c:	f7fb fd46 	bl	1000322c <__wrap___aeabi_memcpy>
100077a0:	88b3      	ldrh	r3, [r6, #4]
100077a2:	005b      	lsls	r3, r3, #1
100077a4:	45d8      	cmp	r8, fp
100077a6:	d801      	bhi.n	100077ac <tu_fifo_write_n+0xa0>
100077a8:	459b      	cmp	fp, r3
100077aa:	db03      	blt.n	100077b4 <tu_fifo_write_n+0xa8>
100077ac:	465a      	mov	r2, fp
100077ae:	1ad3      	subs	r3, r2, r3
100077b0:	b29b      	uxth	r3, r3
100077b2:	469b      	mov	fp, r3
100077b4:	465b      	mov	r3, fp
100077b6:	003d      	movs	r5, r7
100077b8:	8133      	strh	r3, [r6, #8]
100077ba:	68f0      	ldr	r0, [r6, #12]
100077bc:	2800      	cmp	r0, #0
100077be:	d01a      	beq.n	100077f6 <tu_fifo_write_n+0xea>
100077c0:	f001 f836 	bl	10008830 <__mutex_exit_veneer>
100077c4:	e017      	b.n	100077f6 <tu_fifo_write_n+0xea>
100077c6:	88f2      	ldrh	r2, [r6, #6]
100077c8:	0452      	lsls	r2, r2, #17
100077ca:	0c52      	lsrs	r2, r2, #17
100077cc:	4692      	mov	sl, r2
100077ce:	42af      	cmp	r7, r5
100077d0:	d220      	bcs.n	10007814 <tu_fifo_write_n+0x108>
100077d2:	4598      	cmp	r8, r3
100077d4:	d34d      	bcc.n	10007872 <tu_fifo_write_n+0x166>
100077d6:	4642      	mov	r2, r8
100077d8:	1ad2      	subs	r2, r2, r3
100077da:	b292      	uxth	r2, r2
100077dc:	0069      	lsls	r1, r5, #1
100077de:	1b78      	subs	r0, r7, r5
100077e0:	b280      	uxth	r0, r0
100077e2:	19d2      	adds	r2, r2, r7
100077e4:	9001      	str	r0, [sp, #4]
100077e6:	428a      	cmp	r2, r1
100077e8:	da33      	bge.n	10007852 <tu_fifo_write_n+0x146>
100077ea:	4643      	mov	r3, r8
100077ec:	18fb      	adds	r3, r7, r3
100077ee:	b29b      	uxth	r3, r3
100077f0:	469b      	mov	fp, r3
100077f2:	e7c1      	b.n	10007778 <tu_fifo_write_n+0x6c>
100077f4:	2500      	movs	r5, #0
100077f6:	0028      	movs	r0, r5
100077f8:	b003      	add	sp, #12
100077fa:	bcf0      	pop	{r4, r5, r6, r7}
100077fc:	46bb      	mov	fp, r7
100077fe:	46b2      	mov	sl, r6
10007800:	46a9      	mov	r9, r5
10007802:	46a0      	mov	r8, r4
10007804:	bdf0      	pop	{r4, r5, r6, r7, pc}
10007806:	4642      	mov	r2, r8
10007808:	1ad3      	subs	r3, r2, r3
1000780a:	b29b      	uxth	r3, r3
1000780c:	42ab      	cmp	r3, r5
1000780e:	d3a1      	bcc.n	10007754 <tu_fifo_write_n+0x48>
10007810:	2500      	movs	r5, #0
10007812:	e7d2      	b.n	100077ba <tu_fifo_write_n+0xae>
10007814:	2d00      	cmp	r5, #0
10007816:	d0d0      	beq.n	100077ba <tu_fifo_write_n+0xae>
10007818:	1b7f      	subs	r7, r7, r5
1000781a:	4357      	muls	r7, r2
1000781c:	4698      	mov	r8, r3
1000781e:	195a      	adds	r2, r3, r5
10007820:	2300      	movs	r3, #0
10007822:	b292      	uxth	r2, r2
10007824:	44b9      	add	r9, r7
10007826:	4693      	mov	fp, r2
10007828:	002f      	movs	r7, r5
1000782a:	9301      	str	r3, [sp, #4]
1000782c:	e7a4      	b.n	10007778 <tu_fifo_write_n+0x6c>
1000782e:	4653      	mov	r3, sl
10007830:	435d      	muls	r5, r3
10007832:	b2ad      	uxth	r5, r5
10007834:	002a      	movs	r2, r5
10007836:	4649      	mov	r1, r9
10007838:	f7fb fcf8 	bl	1000322c <__wrap___aeabi_memcpy>
1000783c:	9b01      	ldr	r3, [sp, #4]
1000783e:	0029      	movs	r1, r5
10007840:	18e2      	adds	r2, r4, r3
10007842:	4653      	mov	r3, sl
10007844:	435a      	muls	r2, r3
10007846:	6830      	ldr	r0, [r6, #0]
10007848:	b292      	uxth	r2, r2
1000784a:	4449      	add	r1, r9
1000784c:	f7fb fcee 	bl	1000322c <__wrap___aeabi_memcpy>
10007850:	e7a6      	b.n	100077a0 <tu_fifo_write_n+0x94>
10007852:	195a      	adds	r2, r3, r5
10007854:	b292      	uxth	r2, r2
10007856:	4693      	mov	fp, r2
10007858:	1bd2      	subs	r2, r2, r7
1000785a:	b292      	uxth	r2, r2
1000785c:	4690      	mov	r8, r2
1000785e:	4293      	cmp	r3, r2
10007860:	d90c      	bls.n	1000787c <tu_fifo_write_n+0x170>
10007862:	4643      	mov	r3, r8
10007864:	1a59      	subs	r1, r3, r1
10007866:	b28b      	uxth	r3, r1
10007868:	4698      	mov	r8, r3
1000786a:	18fb      	adds	r3, r7, r3
1000786c:	b29b      	uxth	r3, r3
1000786e:	469b      	mov	fp, r3
10007870:	e782      	b.n	10007778 <tu_fifo_write_n+0x6c>
10007872:	0069      	lsls	r1, r5, #1
10007874:	1aca      	subs	r2, r1, r3
10007876:	4442      	add	r2, r8
10007878:	b292      	uxth	r2, r2
1000787a:	e7b0      	b.n	100077de <tu_fifo_write_n+0xd2>
1000787c:	4291      	cmp	r1, r2
1000787e:	dd00      	ble.n	10007882 <tu_fifo_write_n+0x176>
10007880:	e77a      	b.n	10007778 <tu_fifo_write_n+0x6c>
10007882:	e7ee      	b.n	10007862 <tu_fifo_write_n+0x156>

10007884 <tu_fifo_clear>:
10007884:	b510      	push	{r4, lr}
10007886:	0004      	movs	r4, r0
10007888:	68c0      	ldr	r0, [r0, #12]
1000788a:	2800      	cmp	r0, #0
1000788c:	d003      	beq.n	10007896 <tu_fifo_clear+0x12>
1000788e:	2101      	movs	r1, #1
10007890:	4249      	negs	r1, r1
10007892:	f000 ffed 	bl	10008870 <__mutex_enter_timeout_ms_veneer>
10007896:	6920      	ldr	r0, [r4, #16]
10007898:	2800      	cmp	r0, #0
1000789a:	d003      	beq.n	100078a4 <tu_fifo_clear+0x20>
1000789c:	2101      	movs	r1, #1
1000789e:	4249      	negs	r1, r1
100078a0:	f000 ffe6 	bl	10008870 <__mutex_enter_timeout_ms_veneer>
100078a4:	2300      	movs	r3, #0
100078a6:	68e0      	ldr	r0, [r4, #12]
100078a8:	8163      	strh	r3, [r4, #10]
100078aa:	8123      	strh	r3, [r4, #8]
100078ac:	2800      	cmp	r0, #0
100078ae:	d001      	beq.n	100078b4 <tu_fifo_clear+0x30>
100078b0:	f000 ffbe 	bl	10008830 <__mutex_exit_veneer>
100078b4:	6920      	ldr	r0, [r4, #16]
100078b6:	2800      	cmp	r0, #0
100078b8:	d001      	beq.n	100078be <tu_fifo_clear+0x3a>
100078ba:	f000 ffb9 	bl	10008830 <__mutex_exit_veneer>
100078be:	2001      	movs	r0, #1
100078c0:	bd10      	pop	{r4, pc}
100078c2:	46c0      	nop			@ (mov r8, r8)

100078c4 <tu_fifo_set_overwritable>:
100078c4:	b570      	push	{r4, r5, r6, lr}
100078c6:	0004      	movs	r4, r0
100078c8:	68c0      	ldr	r0, [r0, #12]
100078ca:	000d      	movs	r5, r1
100078cc:	2800      	cmp	r0, #0
100078ce:	d003      	beq.n	100078d8 <tu_fifo_set_overwritable+0x14>
100078d0:	2101      	movs	r1, #1
100078d2:	4249      	negs	r1, r1
100078d4:	f000 ffcc 	bl	10008870 <__mutex_enter_timeout_ms_veneer>
100078d8:	6920      	ldr	r0, [r4, #16]
100078da:	2800      	cmp	r0, #0
100078dc:	d003      	beq.n	100078e6 <tu_fifo_set_overwritable+0x22>
100078de:	2101      	movs	r1, #1
100078e0:	4249      	negs	r1, r1
100078e2:	f000 ffc5 	bl	10008870 <__mutex_enter_timeout_ms_veneer>
100078e6:	217f      	movs	r1, #127	@ 0x7f
100078e8:	79e3      	ldrb	r3, [r4, #7]
100078ea:	01ed      	lsls	r5, r5, #7
100078ec:	4019      	ands	r1, r3
100078ee:	68e0      	ldr	r0, [r4, #12]
100078f0:	4329      	orrs	r1, r5
100078f2:	71e1      	strb	r1, [r4, #7]
100078f4:	2800      	cmp	r0, #0
100078f6:	d001      	beq.n	100078fc <tu_fifo_set_overwritable+0x38>
100078f8:	f000 ff9a 	bl	10008830 <__mutex_exit_veneer>
100078fc:	6920      	ldr	r0, [r4, #16]
100078fe:	2800      	cmp	r0, #0
10007900:	d001      	beq.n	10007906 <tu_fifo_set_overwritable+0x42>
10007902:	f000 ff95 	bl	10008830 <__mutex_exit_veneer>
10007906:	2001      	movs	r0, #1
10007908:	bd70      	pop	{r4, r5, r6, pc}
1000790a:	46c0      	nop			@ (mov r8, r8)

1000790c <i2c_set_baudrate>:
1000790c:	b5f8      	push	{r3, r4, r5, r6, r7, lr}
1000790e:	46de      	mov	lr, fp
10007910:	4657      	mov	r7, sl
10007912:	464e      	mov	r6, r9
10007914:	4645      	mov	r5, r8
10007916:	4683      	mov	fp, r0
10007918:	b5e0      	push	{r5, r6, r7, lr}
1000791a:	2005      	movs	r0, #5
1000791c:	000c      	movs	r4, r1
1000791e:	f7fa fa0d 	bl	10001d3c <clock_get_hz>
10007922:	0006      	movs	r6, r0
10007924:	0860      	lsrs	r0, r4, #1
10007926:	0021      	movs	r1, r4
10007928:	1980      	adds	r0, r0, r6
1000792a:	f7fa fc15 	bl	10002158 <__wrap___aeabi_uidiv>
1000792e:	0043      	lsls	r3, r0, #1
10007930:	4698      	mov	r8, r3
10007932:	4480      	add	r8, r0
10007934:	0007      	movs	r7, r0
10007936:	2105      	movs	r1, #5
10007938:	4640      	mov	r0, r8
1000793a:	f7fa fc0d 	bl	10002158 <__wrap___aeabi_uidiv>
1000793e:	1a3b      	subs	r3, r7, r0
10007940:	469a      	mov	sl, r3
10007942:	4b1e      	ldr	r3, [pc, #120]	@ (100079bc <i2c_set_baudrate+0xb0>)
10007944:	4681      	mov	r9, r0
10007946:	0070      	lsls	r0, r6, #1
10007948:	1980      	adds	r0, r0, r6
1000794a:	429c      	cmp	r4, r3
1000794c:	d831      	bhi.n	100079b2 <i2c_set_baudrate+0xa6>
1000794e:	491c      	ldr	r1, [pc, #112]	@ (100079c0 <i2c_set_baudrate+0xb4>)
10007950:	f7fa fc02 	bl	10002158 <__wrap___aeabi_uidiv>
10007954:	1c45      	adds	r5, r0, #1
10007956:	465b      	mov	r3, fp
10007958:	681c      	ldr	r4, [r3, #0]
1000795a:	2300      	movs	r3, #0
1000795c:	66e3      	str	r3, [r4, #108]	@ 0x6c
1000795e:	6822      	ldr	r2, [r4, #0]
10007960:	3304      	adds	r3, #4
10007962:	405a      	eors	r2, r3
10007964:	3302      	adds	r3, #2
10007966:	4013      	ands	r3, r2
10007968:	2280      	movs	r2, #128	@ 0x80
1000796a:	0152      	lsls	r2, r2, #5
1000796c:	18a2      	adds	r2, r4, r2
1000796e:	6013      	str	r3, [r2, #0]
10007970:	4653      	mov	r3, sl
10007972:	61e3      	str	r3, [r4, #28]
10007974:	464b      	mov	r3, r9
10007976:	6223      	str	r3, [r4, #32]
10007978:	4643      	mov	r3, r8
1000797a:	2001      	movs	r0, #1
1000797c:	2b4f      	cmp	r3, #79	@ 0x4f
1000797e:	d903      	bls.n	10007988 <i2c_set_baudrate+0x7c>
10007980:	2150      	movs	r1, #80	@ 0x50
10007982:	4640      	mov	r0, r8
10007984:	f7fa fbe8 	bl	10002158 <__wrap___aeabi_uidiv>
10007988:	23a0      	movs	r3, #160	@ 0xa0
1000798a:	50e0      	str	r0, [r4, r3]
1000798c:	6fe3      	ldr	r3, [r4, #124]	@ 0x7c
1000798e:	0039      	movs	r1, r7
10007990:	405d      	eors	r5, r3
10007992:	4b0c      	ldr	r3, [pc, #48]	@ (100079c4 <i2c_set_baudrate+0xb8>)
10007994:	042d      	lsls	r5, r5, #16
10007996:	0c2d      	lsrs	r5, r5, #16
10007998:	18e3      	adds	r3, r4, r3
1000799a:	601d      	str	r5, [r3, #0]
1000799c:	2301      	movs	r3, #1
1000799e:	0030      	movs	r0, r6
100079a0:	66e3      	str	r3, [r4, #108]	@ 0x6c
100079a2:	f7fa fbd9 	bl	10002158 <__wrap___aeabi_uidiv>
100079a6:	bcf0      	pop	{r4, r5, r6, r7}
100079a8:	46bb      	mov	fp, r7
100079aa:	46b2      	mov	sl, r6
100079ac:	46a9      	mov	r9, r5
100079ae:	46a0      	mov	r8, r4
100079b0:	bdf8      	pop	{r3, r4, r5, r6, r7, pc}
100079b2:	4905      	ldr	r1, [pc, #20]	@ (100079c8 <i2c_set_baudrate+0xbc>)
100079b4:	f7fa fbd0 	bl	10002158 <__wrap___aeabi_uidiv>
100079b8:	1c45      	adds	r5, r0, #1
100079ba:	e7cc      	b.n	10007956 <i2c_set_baudrate+0x4a>
100079bc:	000f423f 	.word	0x000f423f
100079c0:	00989680 	.word	0x00989680
100079c4:	0000107c 	.word	0x0000107c
100079c8:	017d7840 	.word	0x017d7840

100079cc <i2c_init>:
100079cc:	4a0f      	ldr	r2, [pc, #60]	@ (10007a0c <i2c_init+0x40>)
100079ce:	b570      	push	{r4, r5, r6, lr}
100079d0:	1a82      	subs	r2, r0, r2
100079d2:	1e53      	subs	r3, r2, #1
100079d4:	419a      	sbcs	r2, r3
100079d6:	4b0e      	ldr	r3, [pc, #56]	@ (10007a10 <i2c_init+0x44>)
100079d8:	00d2      	lsls	r2, r2, #3
100079da:	3208      	adds	r2, #8
100079dc:	601a      	str	r2, [r3, #0]
100079de:	4b0d      	ldr	r3, [pc, #52]	@ (10007a14 <i2c_init+0x48>)
100079e0:	4c0d      	ldr	r4, [pc, #52]	@ (10007a18 <i2c_init+0x4c>)
100079e2:	601a      	str	r2, [r3, #0]
100079e4:	0015      	movs	r5, r2
100079e6:	6823      	ldr	r3, [r4, #0]
100079e8:	439d      	bics	r5, r3
100079ea:	1e2b      	subs	r3, r5, #0
100079ec:	d1fa      	bne.n	100079e4 <i2c_init+0x18>
100079ee:	2466      	movs	r4, #102	@ 0x66
100079f0:	6802      	ldr	r2, [r0, #0]
100079f2:	34ff      	adds	r4, #255	@ 0xff
100079f4:	7105      	strb	r5, [r0, #4]
100079f6:	66d5      	str	r5, [r2, #108]	@ 0x6c
100079f8:	6014      	str	r4, [r2, #0]
100079fa:	3c63      	subs	r4, #99	@ 0x63
100079fc:	3388      	adds	r3, #136	@ 0x88
100079fe:	3cff      	subs	r4, #255	@ 0xff
10007a00:	63d5      	str	r5, [r2, #60]	@ 0x3c
10007a02:	6395      	str	r5, [r2, #56]	@ 0x38
10007a04:	50d4      	str	r4, [r2, r3]
10007a06:	f7ff ff81 	bl	1000790c <i2c_set_baudrate>
10007a0a:	bd70      	pop	{r4, r5, r6, pc}
10007a0c:	20001118 	.word	0x20001118
10007a10:	4000e000 	.word	0x4000e000
10007a14:	4000f000 	.word	0x4000f000
10007a18:	4000c008 	.word	0x4000c008

10007a1c <i2c_set_slave_mode>:
10007a1c:	6803      	ldr	r3, [r0, #0]
10007a1e:	2000      	movs	r0, #0
10007a20:	66d8      	str	r0, [r3, #108]	@ 0x6c
10007a22:	2900      	cmp	r1, #0
10007a24:	d00d      	beq.n	10007a42 <i2c_set_slave_mode+0x26>
10007a26:	2180      	movs	r1, #128	@ 0x80
10007a28:	6818      	ldr	r0, [r3, #0]
10007a2a:	0089      	lsls	r1, r1, #2
10007a2c:	4041      	eors	r1, r0
10007a2e:	480a      	ldr	r0, [pc, #40]	@ (10007a58 <i2c_set_slave_mode+0x3c>)
10007a30:	4001      	ands	r1, r0
10007a32:	2080      	movs	r0, #128	@ 0x80
10007a34:	0140      	lsls	r0, r0, #5
10007a36:	1818      	adds	r0, r3, r0
10007a38:	6001      	str	r1, [r0, #0]
10007a3a:	609a      	str	r2, [r3, #8]
10007a3c:	2201      	movs	r2, #1
10007a3e:	66da      	str	r2, [r3, #108]	@ 0x6c
10007a40:	4770      	bx	lr
10007a42:	2141      	movs	r1, #65	@ 0x41
10007a44:	681a      	ldr	r2, [r3, #0]
10007a46:	404a      	eors	r2, r1
10007a48:	4903      	ldr	r1, [pc, #12]	@ (10007a58 <i2c_set_slave_mode+0x3c>)
10007a4a:	400a      	ands	r2, r1
10007a4c:	2180      	movs	r1, #128	@ 0x80
10007a4e:	0149      	lsls	r1, r1, #5
10007a50:	1859      	adds	r1, r3, r1
10007a52:	600a      	str	r2, [r1, #0]
10007a54:	e7f2      	b.n	10007a3c <i2c_set_slave_mode+0x20>
10007a56:	46c0      	nop			@ (mov r8, r8)
10007a58:	00000241 	.word	0x00000241

10007a5c <adc_init>:
10007a5c:	2301      	movs	r3, #1
10007a5e:	2101      	movs	r1, #1
10007a60:	4a08      	ldr	r2, [pc, #32]	@ (10007a84 <adc_init+0x28>)
10007a62:	6013      	str	r3, [r2, #0]
10007a64:	4a08      	ldr	r2, [pc, #32]	@ (10007a88 <adc_init+0x2c>)
10007a66:	6013      	str	r3, [r2, #0]
10007a68:	4a08      	ldr	r2, [pc, #32]	@ (10007a8c <adc_init+0x30>)
10007a6a:	0008      	movs	r0, r1
10007a6c:	6813      	ldr	r3, [r2, #0]
10007a6e:	4398      	bics	r0, r3
10007a70:	d1fb      	bne.n	10007a6a <adc_init+0xe>
10007a72:	4a07      	ldr	r2, [pc, #28]	@ (10007a90 <adc_init+0x34>)
10007a74:	6011      	str	r1, [r2, #0]
10007a76:	2180      	movs	r1, #128	@ 0x80
10007a78:	0049      	lsls	r1, r1, #1
10007a7a:	6813      	ldr	r3, [r2, #0]
10007a7c:	420b      	tst	r3, r1
10007a7e:	d0fc      	beq.n	10007a7a <adc_init+0x1e>
10007a80:	4770      	bx	lr
10007a82:	46c0      	nop			@ (mov r8, r8)
10007a84:	4000e000 	.word	0x4000e000
10007a88:	4000f000 	.word	0x4000f000
10007a8c:	4000c008 	.word	0x4000c008
10007a90:	4004c000 	.word	0x4004c000

10007a94 <i2c_slave_init>:
10007a94:	b570      	push	{r4, r5, r6, lr}
10007a96:	4c0d      	ldr	r4, [pc, #52]	@ (10007acc <i2c_slave_init+0x38>)
10007a98:	0005      	movs	r5, r0
10007a9a:	1b04      	subs	r4, r0, r4
10007a9c:	4263      	negs	r3, r4
10007a9e:	415c      	adcs	r4, r3
10007aa0:	4b0b      	ldr	r3, [pc, #44]	@ (10007ad0 <i2c_slave_init+0x3c>)
10007aa2:	00e0      	lsls	r0, r4, #3
10007aa4:	501a      	str	r2, [r3, r0]
10007aa6:	0028      	movs	r0, r5
10007aa8:	000a      	movs	r2, r1
10007aaa:	2101      	movs	r1, #1
10007aac:	f7ff ffb6 	bl	10007a1c <i2c_set_slave_mode>
10007ab0:	682b      	ldr	r3, [r5, #0]
10007ab2:	4a08      	ldr	r2, [pc, #32]	@ (10007ad4 <i2c_slave_init+0x40>)
10007ab4:	3417      	adds	r4, #23
10007ab6:	0020      	movs	r0, r4
10007ab8:	631a      	str	r2, [r3, #48]	@ 0x30
10007aba:	4907      	ldr	r1, [pc, #28]	@ (10007ad8 <i2c_slave_init+0x44>)
10007abc:	f7f8 fff0 	bl	10000aa0 <irq_set_exclusive_handler>
10007ac0:	2101      	movs	r1, #1
10007ac2:	0020      	movs	r0, r4
10007ac4:	f7f8 ffb4 	bl	10000a30 <irq_set_enabled>
10007ac8:	bd70      	pop	{r4, r5, r6, pc}
10007aca:	46c0      	nop			@ (mov r8, r8)
10007acc:	20001110 	.word	0x20001110
10007ad0:	200024e4 	.word	0x200024e4
10007ad4:	00000664 	.word	0x00000664
10007ad8:	20000f11 	.word	0x20000f11

10007adc <configure_pins>:
10007adc:	b5f8      	push	{r3, r4, r5, r6, r7, lr}
10007ade:	0007      	movs	r7, r0
10007ae0:	200e      	movs	r0, #14
10007ae2:	000e      	movs	r6, r1
10007ae4:	f7f8 fec2 	bl	1000086c <gpio_init>
10007ae8:	2103      	movs	r1, #3
10007aea:	200e      	movs	r0, #14
10007aec:	f7f8 fe0a 	bl	10000704 <gpio_set_function>
10007af0:	200f      	movs	r0, #15
10007af2:	f7f8 febb 	bl	1000086c <gpio_init>
10007af6:	2103      	movs	r1, #3
10007af8:	200f      	movs	r0, #15
10007afa:	f7f8 fe03 	bl	10000704 <gpio_set_function>
10007afe:	4c8f      	ldr	r4, [pc, #572]	@ (10007d3c <configure_pins+0x260>)
10007b00:	498f      	ldr	r1, [pc, #572]	@ (10007d40 <configure_pins+0x264>)
10007b02:	0020      	movs	r0, r4
10007b04:	f7ff ff62 	bl	100079cc <i2c_init>
10007b08:	4a8e      	ldr	r2, [pc, #568]	@ (10007d44 <configure_pins+0x268>)
10007b0a:	211d      	movs	r1, #29
10007b0c:	0020      	movs	r0, r4
10007b0e:	f7ff ffc1 	bl	10007a94 <i2c_slave_init>
10007b12:	f7ff ffa3 	bl	10007a5c <adc_init>
10007b16:	211f      	movs	r1, #31
10007b18:	201a      	movs	r0, #26
10007b1a:	f7f8 fdf3 	bl	10000704 <gpio_set_function>
10007b1e:	2200      	movs	r2, #0
10007b20:	2100      	movs	r1, #0
10007b22:	201a      	movs	r0, #26
10007b24:	f7f8 fe12 	bl	1000074c <gpio_set_pulls>
10007b28:	2100      	movs	r1, #0
10007b2a:	201a      	movs	r0, #26
10007b2c:	f7f8 fe8a 	bl	10000844 <gpio_set_input_enabled>
10007b30:	211f      	movs	r1, #31
10007b32:	201b      	movs	r0, #27
10007b34:	f7f8 fde6 	bl	10000704 <gpio_set_function>
10007b38:	2200      	movs	r2, #0
10007b3a:	2100      	movs	r1, #0
10007b3c:	201b      	movs	r0, #27
10007b3e:	f7f8 fe05 	bl	1000074c <gpio_set_pulls>
10007b42:	2100      	movs	r1, #0
10007b44:	201b      	movs	r0, #27
10007b46:	f7f8 fe7d 	bl	10000844 <gpio_set_input_enabled>
10007b4a:	211f      	movs	r1, #31
10007b4c:	201c      	movs	r0, #28
10007b4e:	f7f8 fdd9 	bl	10000704 <gpio_set_function>
10007b52:	2200      	movs	r2, #0
10007b54:	2100      	movs	r1, #0
10007b56:	201c      	movs	r0, #28
10007b58:	f7f8 fdf8 	bl	1000074c <gpio_set_pulls>
10007b5c:	201c      	movs	r0, #28
10007b5e:	2100      	movs	r1, #0
10007b60:	f7f8 fe70 	bl	10000844 <gpio_set_input_enabled>
10007b64:	2011      	movs	r0, #17
10007b66:	f7f8 fe81 	bl	1000086c <gpio_init>
10007b6a:	2f00      	cmp	r7, #0
10007b6c:	d000      	beq.n	10007b70 <configure_pins+0x94>
10007b6e:	e0df      	b.n	10007d30 <configure_pins+0x254>
10007b70:	23d0      	movs	r3, #208	@ 0xd0
10007b72:	2280      	movs	r2, #128	@ 0x80
10007b74:	061b      	lsls	r3, r3, #24
10007b76:	0292      	lsls	r2, r2, #10
10007b78:	629a      	str	r2, [r3, #40]	@ 0x28
10007b7a:	2200      	movs	r2, #0
10007b7c:	2100      	movs	r1, #0
10007b7e:	2011      	movs	r0, #17
10007b80:	f7f8 fde4 	bl	1000074c <gpio_set_pulls>
10007b84:	2012      	movs	r0, #18
10007b86:	f7f8 fe71 	bl	1000086c <gpio_init>
10007b8a:	24d0      	movs	r4, #208	@ 0xd0
10007b8c:	2380      	movs	r3, #128	@ 0x80
10007b8e:	0624      	lsls	r4, r4, #24
10007b90:	02db      	lsls	r3, r3, #11
10007b92:	2200      	movs	r2, #0
10007b94:	2100      	movs	r1, #0
10007b96:	62a3      	str	r3, [r4, #40]	@ 0x28
10007b98:	2012      	movs	r0, #18
10007b9a:	f7f8 fdd7 	bl	1000074c <gpio_set_pulls>
10007b9e:	2015      	movs	r0, #21
10007ba0:	f7f8 fe64 	bl	1000086c <gpio_init>
10007ba4:	2380      	movs	r3, #128	@ 0x80
10007ba6:	039b      	lsls	r3, r3, #14
10007ba8:	2200      	movs	r2, #0
10007baa:	2100      	movs	r1, #0
10007bac:	62a3      	str	r3, [r4, #40]	@ 0x28
10007bae:	2015      	movs	r0, #21
10007bb0:	f7f8 fdcc 	bl	1000074c <gpio_set_pulls>
10007bb4:	2007      	movs	r0, #7
10007bb6:	f7f8 fe59 	bl	1000086c <gpio_init>
10007bba:	2380      	movs	r3, #128	@ 0x80
10007bbc:	2200      	movs	r2, #0
10007bbe:	2100      	movs	r1, #0
10007bc0:	62a3      	str	r3, [r4, #40]	@ 0x28
10007bc2:	2007      	movs	r0, #7
10007bc4:	f7f8 fdc2 	bl	1000074c <gpio_set_pulls>
10007bc8:	2006      	movs	r0, #6
10007bca:	f7f8 fe4f 	bl	1000086c <gpio_init>
10007bce:	2340      	movs	r3, #64	@ 0x40
10007bd0:	2200      	movs	r2, #0
10007bd2:	2100      	movs	r1, #0
10007bd4:	62a3      	str	r3, [r4, #40]	@ 0x28
10007bd6:	2006      	movs	r0, #6
10007bd8:	f7f8 fdb8 	bl	1000074c <gpio_set_pulls>
10007bdc:	200d      	movs	r0, #13
10007bde:	f7f8 fe45 	bl	1000086c <gpio_init>
10007be2:	2380      	movs	r3, #128	@ 0x80
10007be4:	019b      	lsls	r3, r3, #6
10007be6:	2200      	movs	r2, #0
10007be8:	2100      	movs	r1, #0
10007bea:	200d      	movs	r0, #13
10007bec:	62a3      	str	r3, [r4, #40]	@ 0x28
10007bee:	f7f8 fdad 	bl	1000074c <gpio_set_pulls>
10007bf2:	2201      	movs	r2, #1
10007bf4:	210c      	movs	r1, #12
10007bf6:	4b54      	ldr	r3, [pc, #336]	@ (10007d48 <configure_pins+0x26c>)
10007bf8:	200d      	movs	r0, #13
10007bfa:	f7f8 fdbb 	bl	10000774 <gpio_set_irq_enabled_with_callback>
10007bfe:	2019      	movs	r0, #25
10007c00:	f7f8 fe34 	bl	1000086c <gpio_init>
10007c04:	2380      	movs	r3, #128	@ 0x80
10007c06:	2501      	movs	r5, #1
10007c08:	049b      	lsls	r3, r3, #18
10007c0a:	6263      	str	r3, [r4, #36]	@ 0x24
10007c0c:	2000      	movs	r0, #0
10007c0e:	61a3      	str	r3, [r4, #24]
10007c10:	f7f8 fe2c 	bl	1000086c <gpio_init>
10007c14:	6265      	str	r5, [r4, #36]	@ 0x24
10007c16:	2001      	movs	r0, #1
10007c18:	61a5      	str	r5, [r4, #24]
10007c1a:	f7f8 fe27 	bl	1000086c <gpio_init>
10007c1e:	2302      	movs	r3, #2
10007c20:	2002      	movs	r0, #2
10007c22:	6263      	str	r3, [r4, #36]	@ 0x24
10007c24:	61a3      	str	r3, [r4, #24]
10007c26:	f7f8 fe21 	bl	1000086c <gpio_init>
10007c2a:	2304      	movs	r3, #4
10007c2c:	2003      	movs	r0, #3
10007c2e:	6263      	str	r3, [r4, #36]	@ 0x24
10007c30:	61a3      	str	r3, [r4, #24]
10007c32:	f7f8 fe1b 	bl	1000086c <gpio_init>
10007c36:	2308      	movs	r3, #8
10007c38:	2004      	movs	r0, #4
10007c3a:	6263      	str	r3, [r4, #36]	@ 0x24
10007c3c:	61a3      	str	r3, [r4, #24]
10007c3e:	f7f8 fe15 	bl	1000086c <gpio_init>
10007c42:	2104      	movs	r1, #4
10007c44:	2004      	movs	r0, #4
10007c46:	f7f8 fd5d 	bl	10000704 <gpio_set_function>
10007c4a:	22ff      	movs	r2, #255	@ 0xff
10007c4c:	4b3f      	ldr	r3, [pc, #252]	@ (10007d4c <configure_pins+0x270>)
10007c4e:	0092      	lsls	r2, r2, #2
10007c50:	639a      	str	r2, [r3, #56]	@ 0x38
10007c52:	4b3f      	ldr	r3, [pc, #252]	@ (10007d50 <configure_pins+0x274>)
10007c54:	4a3f      	ldr	r2, [pc, #252]	@ (10007d54 <configure_pins+0x278>)
10007c56:	681b      	ldr	r3, [r3, #0]
10007c58:	200c      	movs	r0, #12
10007c5a:	041b      	lsls	r3, r3, #16
10007c5c:	0c1b      	lsrs	r3, r3, #16
10007c5e:	6013      	str	r3, [r2, #0]
10007c60:	4b3d      	ldr	r3, [pc, #244]	@ (10007d58 <configure_pins+0x27c>)
10007c62:	681b      	ldr	r3, [r3, #0]
10007c64:	439d      	bics	r5, r3
10007c66:	4b3d      	ldr	r3, [pc, #244]	@ (10007d5c <configure_pins+0x280>)
10007c68:	601d      	str	r5, [r3, #0]
10007c6a:	f7f8 fdff 	bl	1000086c <gpio_init>
10007c6e:	2380      	movs	r3, #128	@ 0x80
10007c70:	015b      	lsls	r3, r3, #5
10007c72:	6263      	str	r3, [r4, #36]	@ 0x24
10007c74:	2010      	movs	r0, #16
10007c76:	61a3      	str	r3, [r4, #24]
10007c78:	2f00      	cmp	r7, #0
10007c7a:	d04b      	beq.n	10007d14 <configure_pins+0x238>
10007c7c:	f7f8 fdf6 	bl	1000086c <gpio_init>
10007c80:	2102      	movs	r1, #2
10007c82:	2010      	movs	r0, #16
10007c84:	f7f8 fd3e 	bl	10000704 <gpio_set_function>
10007c88:	2013      	movs	r0, #19
10007c8a:	f7f8 fdef 	bl	1000086c <gpio_init>
10007c8e:	24d0      	movs	r4, #208	@ 0xd0
10007c90:	2380      	movs	r3, #128	@ 0x80
10007c92:	0624      	lsls	r4, r4, #24
10007c94:	031b      	lsls	r3, r3, #12
10007c96:	6263      	str	r3, [r4, #36]	@ 0x24
10007c98:	2014      	movs	r0, #20
10007c9a:	61a3      	str	r3, [r4, #24]
10007c9c:	f7f8 fde6 	bl	1000086c <gpio_init>
10007ca0:	2380      	movs	r3, #128	@ 0x80
10007ca2:	035b      	lsls	r3, r3, #13
10007ca4:	6263      	str	r3, [r4, #36]	@ 0x24
10007ca6:	200b      	movs	r0, #11
10007ca8:	61a3      	str	r3, [r4, #24]
10007caa:	f7f8 fddf 	bl	1000086c <gpio_init>
10007cae:	2380      	movs	r3, #128	@ 0x80
10007cb0:	011b      	lsls	r3, r3, #4
10007cb2:	6263      	str	r3, [r4, #36]	@ 0x24
10007cb4:	200a      	movs	r0, #10
10007cb6:	61a3      	str	r3, [r4, #24]
10007cb8:	f7f8 fdd8 	bl	1000086c <gpio_init>
10007cbc:	2380      	movs	r3, #128	@ 0x80
10007cbe:	00db      	lsls	r3, r3, #3
10007cc0:	6263      	str	r3, [r4, #36]	@ 0x24
10007cc2:	2016      	movs	r0, #22
10007cc4:	61a3      	str	r3, [r4, #24]
10007cc6:	f7f8 fdd1 	bl	1000086c <gpio_init>
10007cca:	2380      	movs	r3, #128	@ 0x80
10007ccc:	03db      	lsls	r3, r3, #15
10007cce:	6263      	str	r3, [r4, #36]	@ 0x24
10007cd0:	2009      	movs	r0, #9
10007cd2:	61a3      	str	r3, [r4, #24]
10007cd4:	f7f8 fdca 	bl	1000086c <gpio_init>
10007cd8:	2380      	movs	r3, #128	@ 0x80
10007cda:	009b      	lsls	r3, r3, #2
10007cdc:	6263      	str	r3, [r4, #36]	@ 0x24
10007cde:	2008      	movs	r0, #8
10007ce0:	61a3      	str	r3, [r4, #24]
10007ce2:	2e00      	cmp	r6, #0
10007ce4:	d01d      	beq.n	10007d22 <configure_pins+0x246>
10007ce6:	f7f8 fdc1 	bl	1000086c <gpio_init>
10007cea:	2104      	movs	r1, #4
10007cec:	2008      	movs	r0, #8
10007cee:	f7f8 fd09 	bl	10000704 <gpio_set_function>
10007cf2:	22ff      	movs	r2, #255	@ 0xff
10007cf4:	4b15      	ldr	r3, [pc, #84]	@ (10007d4c <configure_pins+0x270>)
10007cf6:	0092      	lsls	r2, r2, #2
10007cf8:	661a      	str	r2, [r3, #96]	@ 0x60
10007cfa:	4b19      	ldr	r3, [pc, #100]	@ (10007d60 <configure_pins+0x284>)
10007cfc:	4a19      	ldr	r2, [pc, #100]	@ (10007d64 <configure_pins+0x288>)
10007cfe:	681b      	ldr	r3, [r3, #0]
10007d00:	041b      	lsls	r3, r3, #16
10007d02:	0c1b      	lsrs	r3, r3, #16
10007d04:	6013      	str	r3, [r2, #0]
10007d06:	4b18      	ldr	r3, [pc, #96]	@ (10007d68 <configure_pins+0x28c>)
10007d08:	681a      	ldr	r2, [r3, #0]
10007d0a:	2301      	movs	r3, #1
10007d0c:	4393      	bics	r3, r2
10007d0e:	4a17      	ldr	r2, [pc, #92]	@ (10007d6c <configure_pins+0x290>)
10007d10:	6013      	str	r3, [r2, #0]
10007d12:	bdf8      	pop	{r3, r4, r5, r6, r7, pc}
10007d14:	f7f8 fdaa 	bl	1000086c <gpio_init>
10007d18:	2380      	movs	r3, #128	@ 0x80
10007d1a:	025b      	lsls	r3, r3, #9
10007d1c:	6263      	str	r3, [r4, #36]	@ 0x24
10007d1e:	61a3      	str	r3, [r4, #24]
10007d20:	e7b2      	b.n	10007c88 <configure_pins+0x1ac>
10007d22:	f7f8 fda3 	bl	1000086c <gpio_init>
10007d26:	2380      	movs	r3, #128	@ 0x80
10007d28:	005b      	lsls	r3, r3, #1
10007d2a:	6263      	str	r3, [r4, #36]	@ 0x24
10007d2c:	61a3      	str	r3, [r4, #24]
10007d2e:	e7f0      	b.n	10007d12 <configure_pins+0x236>
10007d30:	2102      	movs	r1, #2
10007d32:	2011      	movs	r0, #17
10007d34:	f7f8 fce6 	bl	10000704 <gpio_set_function>
10007d38:	e71f      	b.n	10007b7a <configure_pins+0x9e>
10007d3a:	46c0      	nop			@ (mov r8, r8)
10007d3c:	20001110 	.word	0x20001110
10007d40:	00061a80 	.word	0x00061a80
10007d44:	10007de9 	.word	0x10007de9
10007d48:	10008705 	.word	0x10008705
10007d4c:	40050000 	.word	0x40050000
10007d50:	40050034 	.word	0x40050034
10007d54:	40051034 	.word	0x40051034
10007d58:	40050028 	.word	0x40050028
10007d5c:	40051028 	.word	0x40051028
10007d60:	4005005c 	.word	0x4005005c
10007d64:	4005105c 	.word	0x4005105c
10007d68:	40050050 	.word	0x40050050
10007d6c:	40051050 	.word	0x40051050

10007d70 <led_flasher>:
10007d70:	4a0d      	ldr	r2, [pc, #52]	@ (10007da8 <led_flasher+0x38>)
10007d72:	7813      	ldrb	r3, [r2, #0]
10007d74:	2b00      	cmp	r3, #0
10007d76:	d00d      	beq.n	10007d94 <led_flasher+0x24>
10007d78:	3b01      	subs	r3, #1
10007d7a:	7013      	strb	r3, [r2, #0]
10007d7c:	4b0b      	ldr	r3, [pc, #44]	@ (10007dac <led_flasher+0x3c>)
10007d7e:	2200      	movs	r2, #0
10007d80:	701a      	strb	r2, [r3, #0]
10007d82:	23d0      	movs	r3, #208	@ 0xd0
10007d84:	2280      	movs	r2, #128	@ 0x80
10007d86:	061b      	lsls	r3, r3, #24
10007d88:	6859      	ldr	r1, [r3, #4]
10007d8a:	0492      	lsls	r2, r2, #18
10007d8c:	4211      	tst	r1, r2
10007d8e:	d009      	beq.n	10007da4 <led_flasher+0x34>
10007d90:	619a      	str	r2, [r3, #24]
10007d92:	e005      	b.n	10007da0 <led_flasher+0x30>
10007d94:	4b05      	ldr	r3, [pc, #20]	@ (10007dac <led_flasher+0x3c>)
10007d96:	781a      	ldrb	r2, [r3, #0]
10007d98:	1c51      	adds	r1, r2, #1
10007d9a:	7019      	strb	r1, [r3, #0]
10007d9c:	2a0f      	cmp	r2, #15
10007d9e:	d8ee      	bhi.n	10007d7e <led_flasher+0xe>
10007da0:	2001      	movs	r0, #1
10007da2:	4770      	bx	lr
10007da4:	615a      	str	r2, [r3, #20]
10007da6:	e7fb      	b.n	10007da0 <led_flasher+0x30>
10007da8:	2000256f 	.word	0x2000256f
10007dac:	2000256d 	.word	0x2000256d

10007db0 <configure_led_flasher>:
10007db0:	b500      	push	{lr}
10007db2:	b085      	sub	sp, #20
10007db4:	f7f9 fb4e 	bl	10001454 <alarm_pool_get_default>
10007db8:	4b05      	ldr	r3, [pc, #20]	@ (10007dd0 <configure_led_flasher+0x20>)
10007dba:	4a06      	ldr	r2, [pc, #24]	@ (10007dd4 <configure_led_flasher+0x24>)
10007dbc:	9302      	str	r3, [sp, #8]
10007dbe:	2300      	movs	r3, #0
10007dc0:	9301      	str	r3, [sp, #4]
10007dc2:	4b05      	ldr	r3, [pc, #20]	@ (10007dd8 <configure_led_flasher+0x28>)
10007dc4:	9300      	str	r3, [sp, #0]
10007dc6:	2300      	movs	r3, #0
10007dc8:	f7f9 fd48 	bl	1000185c <alarm_pool_add_repeating_timer_us>
10007dcc:	b005      	add	sp, #20
10007dce:	bd00      	pop	{pc}
10007dd0:	200012b0 	.word	0x200012b0
10007dd4:	0000c350 	.word	0x0000c350
10007dd8:	10007d71 	.word	0x10007d71

10007ddc <fast_led_flasher>:
10007ddc:	220a      	movs	r2, #10
10007dde:	4b01      	ldr	r3, [pc, #4]	@ (10007de4 <fast_led_flasher+0x8>)
10007de0:	701a      	strb	r2, [r3, #0]
10007de2:	4770      	bx	lr
10007de4:	2000256f 	.word	0x2000256f

10007de8 <i2c_slave_handler>:
10007de8:	b5f0      	push	{r4, r5, r6, r7, lr}
10007dea:	46c6      	mov	lr, r8
10007dec:	0004      	movs	r4, r0
10007dee:	b500      	push	{lr}
10007df0:	2901      	cmp	r1, #1
10007df2:	d027      	beq.n	10007e44 <i2c_slave_handler+0x5c>
10007df4:	2902      	cmp	r1, #2
10007df6:	d01f      	beq.n	10007e38 <i2c_slave_handler+0x50>
10007df8:	2900      	cmp	r1, #0
10007dfa:	d120      	bne.n	10007e3e <i2c_slave_handler+0x56>
10007dfc:	6803      	ldr	r3, [r0, #0]
10007dfe:	691b      	ldr	r3, [r3, #16]
10007e00:	4698      	mov	r8, r3
10007e02:	b2df      	uxtb	r7, r3
10007e04:	4bbb      	ldr	r3, [pc, #748]	@ (100080f4 <i2c_slave_handler+0x30c>)
10007e06:	781a      	ldrb	r2, [r3, #0]
10007e08:	2a00      	cmp	r2, #0
10007e0a:	d044      	beq.n	10007e96 <i2c_slave_handler+0xae>
10007e0c:	4eba      	ldr	r6, [pc, #744]	@ (100080f8 <i2c_slave_handler+0x310>)
10007e0e:	7834      	ldrb	r4, [r6, #0]
10007e10:	0025      	movs	r5, r4
10007e12:	3556      	adds	r5, #86	@ 0x56
10007e14:	b2ed      	uxtb	r5, r5
10007e16:	2d1c      	cmp	r5, #28
10007e18:	d956      	bls.n	10007ec8 <i2c_slave_handler+0xe0>
10007e1a:	48b8      	ldr	r0, [pc, #736]	@ (100080fc <i2c_slave_handler+0x314>)
10007e1c:	5507      	strb	r7, [r0, r4]
10007e1e:	2c18      	cmp	r4, #24
10007e20:	d900      	bls.n	10007e24 <i2c_slave_handler+0x3c>
10007e22:	e22d      	b.n	10008280 <i2c_slave_handler+0x498>
10007e24:	2c03      	cmp	r4, #3
10007e26:	d943      	bls.n	10007eb0 <i2c_slave_handler+0xc8>
10007e28:	1f23      	subs	r3, r4, #4
10007e2a:	b2db      	uxtb	r3, r3
10007e2c:	2b14      	cmp	r3, #20
10007e2e:	d83f      	bhi.n	10007eb0 <i2c_slave_handler+0xc8>
10007e30:	4ab3      	ldr	r2, [pc, #716]	@ (10008100 <i2c_slave_handler+0x318>)
10007e32:	009b      	lsls	r3, r3, #2
10007e34:	58d3      	ldr	r3, [r2, r3]
10007e36:	469f      	mov	pc, r3
10007e38:	2200      	movs	r2, #0
10007e3a:	4bae      	ldr	r3, [pc, #696]	@ (100080f4 <i2c_slave_handler+0x30c>)
10007e3c:	701a      	strb	r2, [r3, #0]
10007e3e:	bc80      	pop	{r7}
10007e40:	46b8      	mov	r8, r7
10007e42:	bdf0      	pop	{r4, r5, r6, r7, pc}
10007e44:	4eac      	ldr	r6, [pc, #688]	@ (100080f8 <i2c_slave_handler+0x310>)
10007e46:	7833      	ldrb	r3, [r6, #0]
10007e48:	2b1d      	cmp	r3, #29
10007e4a:	d809      	bhi.n	10007e60 <i2c_slave_handler+0x78>
10007e4c:	2b05      	cmp	r3, #5
10007e4e:	d95b      	bls.n	10007f08 <i2c_slave_handler+0x120>
10007e50:	1f9a      	subs	r2, r3, #6
10007e52:	b2d2      	uxtb	r2, r2
10007e54:	2a17      	cmp	r2, #23
10007e56:	d84b      	bhi.n	10007ef0 <i2c_slave_handler+0x108>
10007e58:	49aa      	ldr	r1, [pc, #680]	@ (10008104 <i2c_slave_handler+0x31c>)
10007e5a:	0092      	lsls	r2, r2, #2
10007e5c:	588a      	ldr	r2, [r1, r2]
10007e5e:	4697      	mov	pc, r2
10007e60:	2ba8      	cmp	r3, #168	@ 0xa8
10007e62:	d100      	bne.n	10007e66 <i2c_slave_handler+0x7e>
10007e64:	e258      	b.n	10008318 <i2c_slave_handler+0x530>
10007e66:	2ba9      	cmp	r3, #169	@ 0xa9
10007e68:	d100      	bne.n	10007e6c <i2c_slave_handler+0x84>
10007e6a:	e0c6      	b.n	10007ffa <i2c_slave_handler+0x212>
10007e6c:	2ba7      	cmp	r3, #167	@ 0xa7
10007e6e:	d13f      	bne.n	10007ef0 <i2c_slave_handler+0x108>
10007e70:	23d0      	movs	r3, #208	@ 0xd0
10007e72:	061b      	lsls	r3, r3, #24
10007e74:	685d      	ldr	r5, [r3, #4]
10007e76:	685b      	ldr	r3, [r3, #4]
10007e78:	04ed      	lsls	r5, r5, #19
10007e7a:	0fed      	lsrs	r5, r5, #31
10007e7c:	079b      	lsls	r3, r3, #30
10007e7e:	d501      	bpl.n	10007e84 <i2c_slave_handler+0x9c>
10007e80:	2302      	movs	r3, #2
10007e82:	431d      	orrs	r5, r3
10007e84:	2011      	movs	r0, #17
10007e86:	f7f8 fc57 	bl	10000738 <gpio_get_function>
10007e8a:	7833      	ldrb	r3, [r6, #0]
10007e8c:	2805      	cmp	r0, #5
10007e8e:	d03d      	beq.n	10007f0c <i2c_slave_handler+0x124>
10007e90:	2204      	movs	r2, #4
10007e92:	4315      	orrs	r5, r2
10007e94:	e03a      	b.n	10007f0c <i2c_slave_handler+0x124>
10007e96:	4a98      	ldr	r2, [pc, #608]	@ (100080f8 <i2c_slave_handler+0x310>)
10007e98:	7017      	strb	r7, [r2, #0]
10007e9a:	2201      	movs	r2, #1
10007e9c:	701a      	strb	r2, [r3, #0]
10007e9e:	f7ff ff9d 	bl	10007ddc <fast_led_flasher>
10007ea2:	e7cc      	b.n	10007e3e <i2c_slave_handler+0x56>
10007ea4:	23d0      	movs	r3, #208	@ 0xd0
10007ea6:	2280      	movs	r2, #128	@ 0x80
10007ea8:	061b      	lsls	r3, r3, #24
10007eaa:	0252      	lsls	r2, r2, #9
10007eac:	619a      	str	r2, [r3, #24]
10007eae:	7834      	ldrb	r4, [r6, #0]
10007eb0:	4b95      	ldr	r3, [pc, #596]	@ (10008108 <i2c_slave_handler+0x320>)
10007eb2:	00a2      	lsls	r2, r4, #2
10007eb4:	58d3      	ldr	r3, [r2, r3]
10007eb6:	2b00      	cmp	r3, #0
10007eb8:	d003      	beq.n	10007ec2 <i2c_slave_handler+0xda>
10007eba:	0020      	movs	r0, r4
10007ebc:	0039      	movs	r1, r7
10007ebe:	4798      	blx	r3
10007ec0:	7834      	ldrb	r4, [r6, #0]
10007ec2:	3401      	adds	r4, #1
10007ec4:	7034      	strb	r4, [r6, #0]
10007ec6:	e7ba      	b.n	10007e3e <i2c_slave_handler+0x56>
10007ec8:	4b8c      	ldr	r3, [pc, #560]	@ (100080fc <i2c_slave_handler+0x314>)
10007eca:	0028      	movs	r0, r5
10007ecc:	551f      	strb	r7, [r3, r4]
10007ece:	f7f8 fc33 	bl	10000738 <gpio_get_function>
10007ed2:	2804      	cmp	r0, #4
10007ed4:	d100      	bne.n	10007ed8 <i2c_slave_handler+0xf0>
10007ed6:	e0d7      	b.n	10008088 <i2c_slave_handler+0x2a0>
10007ed8:	2301      	movs	r3, #1
10007eda:	22d0      	movs	r2, #208	@ 0xd0
10007edc:	40ab      	lsls	r3, r5
10007ede:	0612      	lsls	r2, r2, #24
10007ee0:	2f00      	cmp	r7, #0
10007ee2:	d100      	bne.n	10007ee6 <i2c_slave_handler+0xfe>
10007ee4:	e228      	b.n	10008338 <i2c_slave_handler+0x550>
10007ee6:	6153      	str	r3, [r2, #20]
10007ee8:	7833      	ldrb	r3, [r6, #0]
10007eea:	3301      	adds	r3, #1
10007eec:	7033      	strb	r3, [r6, #0]
10007eee:	e7a6      	b.n	10007e3e <i2c_slave_handler+0x56>
10007ef0:	001d      	movs	r5, r3
10007ef2:	3556      	adds	r5, #86	@ 0x56
10007ef4:	b2ed      	uxtb	r5, r5
10007ef6:	2d1c      	cmp	r5, #28
10007ef8:	d806      	bhi.n	10007f08 <i2c_slave_handler+0x120>
10007efa:	0028      	movs	r0, r5
10007efc:	f7f8 fc1c 	bl	10000738 <gpio_get_function>
10007f00:	7833      	ldrb	r3, [r6, #0]
10007f02:	2805      	cmp	r0, #5
10007f04:	d100      	bne.n	10007f08 <i2c_slave_handler+0x120>
10007f06:	e365      	b.n	100085d4 <i2c_slave_handler+0x7ec>
10007f08:	4a7c      	ldr	r2, [pc, #496]	@ (100080fc <i2c_slave_handler+0x314>)
10007f0a:	5cd5      	ldrb	r5, [r2, r3]
10007f0c:	6822      	ldr	r2, [r4, #0]
10007f0e:	3301      	adds	r3, #1
10007f10:	6115      	str	r5, [r2, #16]
10007f12:	7033      	strb	r3, [r6, #0]
10007f14:	e793      	b.n	10007e3e <i2c_slave_handler+0x56>
10007f16:	7b43      	ldrb	r3, [r0, #13]
10007f18:	2b00      	cmp	r3, #0
10007f1a:	d000      	beq.n	10007f1e <i2c_slave_handler+0x136>
10007f1c:	e24e      	b.n	100083bc <i2c_slave_handler+0x5d4>
10007f1e:	7b83      	ldrb	r3, [r0, #14]
10007f20:	2b00      	cmp	r3, #0
10007f22:	d000      	beq.n	10007f26 <i2c_slave_handler+0x13e>
10007f24:	e354      	b.n	100085d0 <i2c_slave_handler+0x7e8>
10007f26:	7bc3      	ldrb	r3, [r0, #15]
10007f28:	2b00      	cmp	r3, #0
10007f2a:	d100      	bne.n	10007f2e <i2c_slave_handler+0x146>
10007f2c:	e395      	b.n	1000865a <i2c_slave_handler+0x872>
10007f2e:	001a      	movs	r2, r3
10007f30:	7c01      	ldrb	r1, [r0, #16]
10007f32:	2900      	cmp	r1, #0
10007f34:	d000      	beq.n	10007f38 <i2c_slave_handler+0x150>
10007f36:	e2ec      	b.n	10008512 <i2c_slave_handler+0x72a>
10007f38:	7c41      	ldrb	r1, [r0, #17]
10007f3a:	2900      	cmp	r1, #0
10007f3c:	d000      	beq.n	10007f40 <i2c_slave_handler+0x158>
10007f3e:	e2b1      	b.n	100084a4 <i2c_slave_handler+0x6bc>
10007f40:	7c81      	ldrb	r1, [r0, #18]
10007f42:	2900      	cmp	r1, #0
10007f44:	d100      	bne.n	10007f48 <i2c_slave_handler+0x160>
10007f46:	e396      	b.n	10008676 <i2c_slave_handler+0x88e>
10007f48:	1c1d      	adds	r5, r3, #0
10007f4a:	428b      	cmp	r3, r1
10007f4c:	d200      	bcs.n	10007f50 <i2c_slave_handler+0x168>
10007f4e:	1c0d      	adds	r5, r1, #0
10007f50:	b2eb      	uxtb	r3, r5
10007f52:	1c15      	adds	r5, r2, #0
10007f54:	428a      	cmp	r2, r1
10007f56:	d900      	bls.n	10007f5a <i2c_slave_handler+0x172>
10007f58:	1c0d      	adds	r5, r1, #0
10007f5a:	7cc1      	ldrb	r1, [r0, #19]
10007f5c:	b2ea      	uxtb	r2, r5
10007f5e:	2900      	cmp	r1, #0
10007f60:	d100      	bne.n	10007f64 <i2c_slave_handler+0x17c>
10007f62:	e317      	b.n	10008594 <i2c_slave_handler+0x7ac>
10007f64:	1c0d      	adds	r5, r1, #0
10007f66:	4299      	cmp	r1, r3
10007f68:	d200      	bcs.n	10007f6c <i2c_slave_handler+0x184>
10007f6a:	1c1d      	adds	r5, r3, #0
10007f6c:	b2eb      	uxtb	r3, r5
10007f6e:	1c0d      	adds	r5, r1, #0
10007f70:	4291      	cmp	r1, r2
10007f72:	d900      	bls.n	10007f76 <i2c_slave_handler+0x18e>
10007f74:	1c15      	adds	r5, r2, #0
10007f76:	b2ea      	uxtb	r2, r5
10007f78:	7d01      	ldrb	r1, [r0, #20]
10007f7a:	2900      	cmp	r1, #0
10007f7c:	d000      	beq.n	10007f80 <i2c_slave_handler+0x198>
10007f7e:	e251      	b.n	10008424 <i2c_slave_handler+0x63c>
10007f80:	7d41      	ldrb	r1, [r0, #21]
10007f82:	2900      	cmp	r1, #0
10007f84:	d100      	bne.n	10007f88 <i2c_slave_handler+0x1a0>
10007f86:	e341      	b.n	1000860c <i2c_slave_handler+0x824>
10007f88:	1c1d      	adds	r5, r3, #0
10007f8a:	428b      	cmp	r3, r1
10007f8c:	d200      	bcs.n	10007f90 <i2c_slave_handler+0x1a8>
10007f8e:	1c0d      	adds	r5, r1, #0
10007f90:	b2eb      	uxtb	r3, r5
10007f92:	1c0d      	adds	r5, r1, #0
10007f94:	4291      	cmp	r1, r2
10007f96:	d900      	bls.n	10007f9a <i2c_slave_handler+0x1b2>
10007f98:	1c15      	adds	r5, r2, #0
10007f9a:	b2ea      	uxtb	r2, r5
10007f9c:	7d81      	ldrb	r1, [r0, #22]
10007f9e:	2900      	cmp	r1, #0
10007fa0:	d000      	beq.n	10007fa4 <i2c_slave_handler+0x1bc>
10007fa2:	e22a      	b.n	100083fa <i2c_slave_handler+0x612>
10007fa4:	7dc1      	ldrb	r1, [r0, #23]
10007fa6:	2900      	cmp	r1, #0
10007fa8:	d100      	bne.n	10007fac <i2c_slave_handler+0x1c4>
10007faa:	e343      	b.n	10008634 <i2c_slave_handler+0x84c>
10007fac:	1c1d      	adds	r5, r3, #0
10007fae:	428b      	cmp	r3, r1
10007fb0:	d200      	bcs.n	10007fb4 <i2c_slave_handler+0x1cc>
10007fb2:	1c0d      	adds	r5, r1, #0
10007fb4:	b2eb      	uxtb	r3, r5
10007fb6:	1c0d      	adds	r5, r1, #0
10007fb8:	4291      	cmp	r1, r2
10007fba:	d900      	bls.n	10007fbe <i2c_slave_handler+0x1d6>
10007fbc:	1c15      	adds	r5, r2, #0
10007fbe:	b2ea      	uxtb	r2, r5
10007fc0:	7e01      	ldrb	r1, [r0, #24]
10007fc2:	2900      	cmp	r1, #0
10007fc4:	d100      	bne.n	10007fc8 <i2c_slave_handler+0x1e0>
10007fc6:	e33f      	b.n	10008648 <i2c_slave_handler+0x860>
10007fc8:	1c08      	adds	r0, r1, #0
10007fca:	4299      	cmp	r1, r3
10007fcc:	d200      	bcs.n	10007fd0 <i2c_slave_handler+0x1e8>
10007fce:	1c18      	adds	r0, r3, #0
10007fd0:	b2c3      	uxtb	r3, r0
10007fd2:	1c08      	adds	r0, r1, #0
10007fd4:	4291      	cmp	r1, r2
10007fd6:	d900      	bls.n	10007fda <i2c_slave_handler+0x1f2>
10007fd8:	1c10      	adds	r0, r2, #0
10007fda:	494c      	ldr	r1, [pc, #304]	@ (1000810c <i2c_slave_handler+0x324>)
10007fdc:	b2c2      	uxtb	r2, r0
10007fde:	7008      	strb	r0, [r1, #0]
10007fe0:	494b      	ldr	r1, [pc, #300]	@ (10008110 <i2c_slave_handler+0x328>)
10007fe2:	700b      	strb	r3, [r1, #0]
10007fe4:	2101      	movs	r1, #1
10007fe6:	4b4b      	ldr	r3, [pc, #300]	@ (10008114 <i2c_slave_handler+0x32c>)
10007fe8:	7019      	strb	r1, [r3, #0]
10007fea:	23d0      	movs	r3, #208	@ 0xd0
10007fec:	061b      	lsls	r3, r3, #24
10007fee:	2a4c      	cmp	r2, #76	@ 0x4c
10007ff0:	d900      	bls.n	10007ff4 <i2c_slave_handler+0x20c>
10007ff2:	e1bc      	b.n	1000836e <i2c_slave_handler+0x586>
10007ff4:	2201      	movs	r2, #1
10007ff6:	619a      	str	r2, [r3, #24]
10007ff8:	e75a      	b.n	10007eb0 <i2c_slave_handler+0xc8>
10007ffa:	2008      	movs	r0, #8
10007ffc:	f7f8 fb9c 	bl	10000738 <gpio_get_function>
10008000:	2500      	movs	r5, #0
10008002:	2805      	cmp	r0, #5
10008004:	d106      	bne.n	10008014 <i2c_slave_handler+0x22c>
10008006:	23d0      	movs	r3, #208	@ 0xd0
10008008:	061b      	lsls	r3, r3, #24
1000800a:	685d      	ldr	r5, [r3, #4]
1000800c:	05ed      	lsls	r5, r5, #23
1000800e:	0fed      	lsrs	r5, r5, #31
10008010:	01ed      	lsls	r5, r5, #7
10008012:	b2ed      	uxtb	r5, r5
10008014:	23d0      	movs	r3, #208	@ 0xd0
10008016:	061b      	lsls	r3, r3, #24
10008018:	685b      	ldr	r3, [r3, #4]
1000801a:	059b      	lsls	r3, r3, #22
1000801c:	d501      	bpl.n	10008022 <i2c_slave_handler+0x23a>
1000801e:	2340      	movs	r3, #64	@ 0x40
10008020:	431d      	orrs	r5, r3
10008022:	23d0      	movs	r3, #208	@ 0xd0
10008024:	061b      	lsls	r3, r3, #24
10008026:	685b      	ldr	r3, [r3, #4]
10008028:	025b      	lsls	r3, r3, #9
1000802a:	d501      	bpl.n	10008030 <i2c_slave_handler+0x248>
1000802c:	2320      	movs	r3, #32
1000802e:	431d      	orrs	r5, r3
10008030:	23d0      	movs	r3, #208	@ 0xd0
10008032:	061b      	lsls	r3, r3, #24
10008034:	685b      	ldr	r3, [r3, #4]
10008036:	055b      	lsls	r3, r3, #21
10008038:	d501      	bpl.n	1000803e <i2c_slave_handler+0x256>
1000803a:	2310      	movs	r3, #16
1000803c:	431d      	orrs	r5, r3
1000803e:	23d0      	movs	r3, #208	@ 0xd0
10008040:	061b      	lsls	r3, r3, #24
10008042:	685b      	ldr	r3, [r3, #4]
10008044:	051b      	lsls	r3, r3, #20
10008046:	d501      	bpl.n	1000804c <i2c_slave_handler+0x264>
10008048:	2308      	movs	r3, #8
1000804a:	431d      	orrs	r5, r3
1000804c:	23d0      	movs	r3, #208	@ 0xd0
1000804e:	061b      	lsls	r3, r3, #24
10008050:	685b      	ldr	r3, [r3, #4]
10008052:	02db      	lsls	r3, r3, #11
10008054:	d501      	bpl.n	1000805a <i2c_slave_handler+0x272>
10008056:	2304      	movs	r3, #4
10008058:	431d      	orrs	r5, r3
1000805a:	23d0      	movs	r3, #208	@ 0xd0
1000805c:	061b      	lsls	r3, r3, #24
1000805e:	685b      	ldr	r3, [r3, #4]
10008060:	031b      	lsls	r3, r3, #12
10008062:	d501      	bpl.n	10008068 <i2c_slave_handler+0x280>
10008064:	2302      	movs	r3, #2
10008066:	431d      	orrs	r5, r3
10008068:	2010      	movs	r0, #16
1000806a:	f7f8 fb65 	bl	10000738 <gpio_get_function>
1000806e:	7833      	ldrb	r3, [r6, #0]
10008070:	2805      	cmp	r0, #5
10008072:	d000      	beq.n	10008076 <i2c_slave_handler+0x28e>
10008074:	e74a      	b.n	10007f0c <i2c_slave_handler+0x124>
10008076:	22d0      	movs	r2, #208	@ 0xd0
10008078:	0612      	lsls	r2, r2, #24
1000807a:	6852      	ldr	r2, [r2, #4]
1000807c:	03d2      	lsls	r2, r2, #15
1000807e:	d400      	bmi.n	10008082 <i2c_slave_handler+0x29a>
10008080:	e744      	b.n	10007f0c <i2c_slave_handler+0x124>
10008082:	2201      	movs	r2, #1
10008084:	4315      	orrs	r5, r2
10008086:	e741      	b.n	10007f0c <i2c_slave_handler+0x124>
10008088:	072a      	lsls	r2, r5, #28
1000808a:	0f52      	lsrs	r2, r2, #29
1000808c:	0093      	lsls	r3, r2, #2
1000808e:	189b      	adds	r3, r3, r2
10008090:	4a21      	ldr	r2, [pc, #132]	@ (10008118 <i2c_slave_handler+0x330>)
10008092:	009b      	lsls	r3, r3, #2
10008094:	4694      	mov	ip, r2
10008096:	00bf      	lsls	r7, r7, #2
10008098:	4463      	add	r3, ip
1000809a:	07ed      	lsls	r5, r5, #31
1000809c:	d400      	bmi.n	100080a0 <i2c_slave_handler+0x2b8>
1000809e:	e1ff      	b.n	100084a0 <i2c_slave_handler+0x6b8>
100080a0:	491e      	ldr	r1, [pc, #120]	@ (1000811c <i2c_slave_handler+0x334>)
100080a2:	043f      	lsls	r7, r7, #16
100080a4:	681a      	ldr	r2, [r3, #0]
100080a6:	407a      	eors	r2, r7
100080a8:	400a      	ands	r2, r1
100080aa:	2180      	movs	r1, #128	@ 0x80
100080ac:	0149      	lsls	r1, r1, #5
100080ae:	468c      	mov	ip, r1
100080b0:	4463      	add	r3, ip
100080b2:	601a      	str	r2, [r3, #0]
100080b4:	e718      	b.n	10007ee8 <i2c_slave_handler+0x100>
100080b6:	2280      	movs	r2, #128	@ 0x80
100080b8:	4919      	ldr	r1, [pc, #100]	@ (10008120 <i2c_slave_handler+0x338>)
100080ba:	0192      	lsls	r2, r2, #6
100080bc:	6808      	ldr	r0, [r1, #0]
100080be:	4042      	eors	r2, r0
100080c0:	20e0      	movs	r0, #224	@ 0xe0
100080c2:	01c0      	lsls	r0, r0, #7
100080c4:	4002      	ands	r2, r0
100080c6:	4817      	ldr	r0, [pc, #92]	@ (10008124 <i2c_slave_handler+0x33c>)
100080c8:	6002      	str	r2, [r0, #0]
100080ca:	2004      	movs	r0, #4
100080cc:	4a16      	ldr	r2, [pc, #88]	@ (10008128 <i2c_slave_handler+0x340>)
100080ce:	6010      	str	r0, [r2, #0]
100080d0:	30fc      	adds	r0, #252	@ 0xfc
100080d2:	680a      	ldr	r2, [r1, #0]
100080d4:	4202      	tst	r2, r0
100080d6:	d0fc      	beq.n	100080d2 <i2c_slave_handler+0x2ea>
100080d8:	6849      	ldr	r1, [r1, #4]
100080da:	4a08      	ldr	r2, [pc, #32]	@ (100080fc <i2c_slave_handler+0x314>)
100080dc:	b28d      	uxth	r5, r1
100080de:	0a2d      	lsrs	r5, r5, #8
100080e0:	7755      	strb	r5, [r2, #29]
100080e2:	7791      	strb	r1, [r2, #30]
100080e4:	e712      	b.n	10007f0c <i2c_slave_handler+0x124>
100080e6:	4a11      	ldr	r2, [pc, #68]	@ (1000812c <i2c_slave_handler+0x344>)
100080e8:	7815      	ldrb	r5, [r2, #0]
100080ea:	e70f      	b.n	10007f0c <i2c_slave_handler+0x124>
100080ec:	4a10      	ldr	r2, [pc, #64]	@ (10008130 <i2c_slave_handler+0x348>)
100080ee:	7815      	ldrb	r5, [r2, #0]
100080f0:	e70c      	b.n	10007f0c <i2c_slave_handler+0x124>
100080f2:	46c0      	nop			@ (mov r8, r8)
100080f4:	20002570 	.word	0x20002570
100080f8:	20002571 	.word	0x20002571
100080fc:	200018d0 	.word	0x200018d0
10008100:	10009038 	.word	0x10009038
10008104:	1000908c 	.word	0x1000908c
10008108:	200014d0 	.word	0x200014d0
1000810c:	2000257a 	.word	0x2000257a
10008110:	20002579 	.word	0x20002579
10008114:	20002578 	.word	0x20002578
10008118:	4005000c 	.word	0x4005000c
1000811c:	ffff0000 	.word	0xffff0000
10008120:	4004c000 	.word	0x4004c000
10008124:	4004d000 	.word	0x4004d000
10008128:	4004e000 	.word	0x4004e000
1000812c:	20001039 	.word	0x20001039
10008130:	2000103a 	.word	0x2000103a
10008134:	2280      	movs	r2, #128	@ 0x80
10008136:	49cf      	ldr	r1, [pc, #828]	@ (10008474 <i2c_slave_handler+0x68c>)
10008138:	0152      	lsls	r2, r2, #5
1000813a:	6808      	ldr	r0, [r1, #0]
1000813c:	4042      	eors	r2, r0
1000813e:	20e0      	movs	r0, #224	@ 0xe0
10008140:	01c0      	lsls	r0, r0, #7
10008142:	4002      	ands	r2, r0
10008144:	48cc      	ldr	r0, [pc, #816]	@ (10008478 <i2c_slave_handler+0x690>)
10008146:	6002      	str	r2, [r0, #0]
10008148:	2004      	movs	r0, #4
1000814a:	4acc      	ldr	r2, [pc, #816]	@ (1000847c <i2c_slave_handler+0x694>)
1000814c:	6010      	str	r0, [r2, #0]
1000814e:	30fc      	adds	r0, #252	@ 0xfc
10008150:	680a      	ldr	r2, [r1, #0]
10008152:	4202      	tst	r2, r0
10008154:	d0fc      	beq.n	10008150 <i2c_slave_handler+0x368>
10008156:	6849      	ldr	r1, [r1, #4]
10008158:	4ac9      	ldr	r2, [pc, #804]	@ (10008480 <i2c_slave_handler+0x698>)
1000815a:	b28d      	uxth	r5, r1
1000815c:	0a2d      	lsrs	r5, r5, #8
1000815e:	76d5      	strb	r5, [r2, #27]
10008160:	7711      	strb	r1, [r2, #28]
10008162:	e6d3      	b.n	10007f0c <i2c_slave_handler+0x124>
10008164:	20e0      	movs	r0, #224	@ 0xe0
10008166:	49c3      	ldr	r1, [pc, #780]	@ (10008474 <i2c_slave_handler+0x68c>)
10008168:	01c0      	lsls	r0, r0, #7
1000816a:	680a      	ldr	r2, [r1, #0]
1000816c:	4002      	ands	r2, r0
1000816e:	48c2      	ldr	r0, [pc, #776]	@ (10008478 <i2c_slave_handler+0x690>)
10008170:	6002      	str	r2, [r0, #0]
10008172:	2004      	movs	r0, #4
10008174:	4ac1      	ldr	r2, [pc, #772]	@ (1000847c <i2c_slave_handler+0x694>)
10008176:	6010      	str	r0, [r2, #0]
10008178:	30fc      	adds	r0, #252	@ 0xfc
1000817a:	680a      	ldr	r2, [r1, #0]
1000817c:	4202      	tst	r2, r0
1000817e:	d0fc      	beq.n	1000817a <i2c_slave_handler+0x392>
10008180:	6849      	ldr	r1, [r1, #4]
10008182:	4abf      	ldr	r2, [pc, #764]	@ (10008480 <i2c_slave_handler+0x698>)
10008184:	b28d      	uxth	r5, r1
10008186:	0a2d      	lsrs	r5, r5, #8
10008188:	7655      	strb	r5, [r2, #25]
1000818a:	7691      	strb	r1, [r2, #26]
1000818c:	e6be      	b.n	10007f0c <i2c_slave_handler+0x124>
1000818e:	2500      	movs	r5, #0
10008190:	23d0      	movs	r3, #208	@ 0xd0
10008192:	061b      	lsls	r3, r3, #24
10008194:	685b      	ldr	r3, [r3, #4]
10008196:	065b      	lsls	r3, r3, #25
10008198:	d501      	bpl.n	1000819e <i2c_slave_handler+0x3b6>
1000819a:	2320      	movs	r3, #32
1000819c:	431d      	orrs	r5, r3
1000819e:	23d0      	movs	r3, #208	@ 0xd0
100081a0:	061b      	lsls	r3, r3, #24
100081a2:	685b      	ldr	r3, [r3, #4]
100081a4:	061b      	lsls	r3, r3, #24
100081a6:	d501      	bpl.n	100081ac <i2c_slave_handler+0x3c4>
100081a8:	2310      	movs	r3, #16
100081aa:	431d      	orrs	r5, r3
100081ac:	23d0      	movs	r3, #208	@ 0xd0
100081ae:	061b      	lsls	r3, r3, #24
100081b0:	685b      	ldr	r3, [r3, #4]
100081b2:	029b      	lsls	r3, r3, #10
100081b4:	d501      	bpl.n	100081ba <i2c_slave_handler+0x3d2>
100081b6:	2308      	movs	r3, #8
100081b8:	431d      	orrs	r5, r3
100081ba:	23d0      	movs	r3, #208	@ 0xd0
100081bc:	061b      	lsls	r3, r3, #24
100081be:	685b      	ldr	r3, [r3, #4]
100081c0:	035b      	lsls	r3, r3, #13
100081c2:	d501      	bpl.n	100081c8 <i2c_slave_handler+0x3e0>
100081c4:	2304      	movs	r3, #4
100081c6:	431d      	orrs	r5, r3
100081c8:	2011      	movs	r0, #17
100081ca:	f7f8 fab5 	bl	10000738 <gpio_get_function>
100081ce:	2805      	cmp	r0, #5
100081d0:	d100      	bne.n	100081d4 <i2c_slave_handler+0x3ec>
100081d2:	e0b3      	b.n	1000833c <i2c_slave_handler+0x554>
100081d4:	23d0      	movs	r3, #208	@ 0xd0
100081d6:	061b      	lsls	r3, r3, #24
100081d8:	685a      	ldr	r2, [r3, #4]
100081da:	7833      	ldrb	r3, [r6, #0]
100081dc:	0492      	lsls	r2, r2, #18
100081de:	d400      	bmi.n	100081e2 <i2c_slave_handler+0x3fa>
100081e0:	e694      	b.n	10007f0c <i2c_slave_handler+0x124>
100081e2:	e74e      	b.n	10008082 <i2c_slave_handler+0x29a>
100081e4:	78c3      	ldrb	r3, [r0, #3]
100081e6:	7882      	ldrb	r2, [r0, #2]
100081e8:	021b      	lsls	r3, r3, #8
100081ea:	0412      	lsls	r2, r2, #16
100081ec:	4313      	orrs	r3, r2
100081ee:	7842      	ldrb	r2, [r0, #1]
100081f0:	7801      	ldrb	r1, [r0, #0]
100081f2:	0612      	lsls	r2, r2, #24
100081f4:	4313      	orrs	r3, r2
100081f6:	433b      	orrs	r3, r7
100081f8:	0018      	movs	r0, r3
100081fa:	4ba2      	ldr	r3, [pc, #648]	@ (10008484 <i2c_slave_handler+0x69c>)
100081fc:	c303      	stmia	r3!, {r0, r1}
100081fe:	f000 fa93 	bl	10008728 <hertz2fcode>
10008202:	4ba1      	ldr	r3, [pc, #644]	@ (10008488 <i2c_slave_handler+0x6a0>)
10008204:	7018      	strb	r0, [r3, #0]
10008206:	4ba1      	ldr	r3, [pc, #644]	@ (1000848c <i2c_slave_handler+0x6a4>)
10008208:	781b      	ldrb	r3, [r3, #0]
1000820a:	2b00      	cmp	r3, #0
1000820c:	d000      	beq.n	10008210 <i2c_slave_handler+0x428>
1000820e:	0018      	movs	r0, r3
10008210:	23d0      	movs	r3, #208	@ 0xd0
10008212:	2201      	movs	r2, #1
10008214:	061b      	lsls	r3, r3, #24
10008216:	284c      	cmp	r0, #76	@ 0x4c
10008218:	d800      	bhi.n	1000821c <i2c_slave_handler+0x434>
1000821a:	e647      	b.n	10007eac <i2c_slave_handler+0xc4>
1000821c:	615a      	str	r2, [r3, #20]
1000821e:	7834      	ldrb	r4, [r6, #0]
10008220:	e646      	b.n	10007eb0 <i2c_slave_handler+0xc8>
10008222:	23ff      	movs	r3, #255	@ 0xff
10008224:	4642      	mov	r2, r8
10008226:	4013      	ands	r3, r2
10008228:	2b01      	cmp	r3, #1
1000822a:	d100      	bne.n	1000822e <i2c_slave_handler+0x446>
1000822c:	e1ab      	b.n	10008586 <i2c_slave_handler+0x79e>
1000822e:	2b02      	cmp	r3, #2
10008230:	d100      	bne.n	10008234 <i2c_slave_handler+0x44c>
10008232:	e199      	b.n	10008568 <i2c_slave_handler+0x780>
10008234:	2b00      	cmp	r3, #0
10008236:	d000      	beq.n	1000823a <i2c_slave_handler+0x452>
10008238:	e63a      	b.n	10007eb0 <i2c_slave_handler+0xc8>
1000823a:	23d0      	movs	r3, #208	@ 0xd0
1000823c:	2208      	movs	r2, #8
1000823e:	061b      	lsls	r3, r3, #24
10008240:	619a      	str	r2, [r3, #24]
10008242:	3a04      	subs	r2, #4
10008244:	619a      	str	r2, [r3, #24]
10008246:	e633      	b.n	10007eb0 <i2c_slave_handler+0xc8>
10008248:	4b91      	ldr	r3, [pc, #580]	@ (10008490 <i2c_slave_handler+0x6a8>)
1000824a:	681a      	ldr	r2, [r3, #0]
1000824c:	00bb      	lsls	r3, r7, #2
1000824e:	4053      	eors	r3, r2
10008250:	041b      	lsls	r3, r3, #16
10008252:	4a90      	ldr	r2, [pc, #576]	@ (10008494 <i2c_slave_handler+0x6ac>)
10008254:	0c1b      	lsrs	r3, r3, #16
10008256:	6013      	str	r3, [r2, #0]
10008258:	e62a      	b.n	10007eb0 <i2c_slave_handler+0xc8>
1000825a:	2f01      	cmp	r7, #1
1000825c:	d000      	beq.n	10008260 <i2c_slave_handler+0x478>
1000825e:	e627      	b.n	10007eb0 <i2c_slave_handler+0xc8>
10008260:	2280      	movs	r2, #128	@ 0x80
10008262:	2100      	movs	r1, #0
10008264:	0052      	lsls	r2, r2, #1
10008266:	f7fa ffdb 	bl	10003220 <__wrap_memset>
1000826a:	2000      	movs	r0, #0
1000826c:	2100      	movs	r1, #0
1000826e:	2200      	movs	r2, #0
10008270:	4b84      	ldr	r3, [pc, #528]	@ (10008484 <i2c_slave_handler+0x69c>)
10008272:	6018      	str	r0, [r3, #0]
10008274:	6059      	str	r1, [r3, #4]
10008276:	4b84      	ldr	r3, [pc, #528]	@ (10008488 <i2c_slave_handler+0x6a0>)
10008278:	701a      	strb	r2, [r3, #0]
1000827a:	4b87      	ldr	r3, [pc, #540]	@ (10008498 <i2c_slave_handler+0x6b0>)
1000827c:	701a      	strb	r2, [r3, #0]
1000827e:	e617      	b.n	10007eb0 <i2c_slave_handler+0xc8>
10008280:	2ca7      	cmp	r4, #167	@ 0xa7
10008282:	d064      	beq.n	1000834e <i2c_slave_handler+0x566>
10008284:	2ca9      	cmp	r4, #169	@ 0xa9
10008286:	d000      	beq.n	1000828a <i2c_slave_handler+0x4a2>
10008288:	e612      	b.n	10007eb0 <i2c_slave_handler+0xc8>
1000828a:	2008      	movs	r0, #8
1000828c:	f7f8 fa54 	bl	10000738 <gpio_get_function>
10008290:	2805      	cmp	r0, #5
10008292:	d100      	bne.n	10008296 <i2c_slave_handler+0x4ae>
10008294:	e11e      	b.n	100084d4 <i2c_slave_handler+0x6ec>
10008296:	4643      	mov	r3, r8
10008298:	065b      	lsls	r3, r3, #25
1000829a:	d56b      	bpl.n	10008374 <i2c_slave_handler+0x58c>
1000829c:	23d0      	movs	r3, #208	@ 0xd0
1000829e:	2280      	movs	r2, #128	@ 0x80
100082a0:	061b      	lsls	r3, r3, #24
100082a2:	0092      	lsls	r2, r2, #2
100082a4:	615a      	str	r2, [r3, #20]
100082a6:	4643      	mov	r3, r8
100082a8:	069b      	lsls	r3, r3, #26
100082aa:	d57b      	bpl.n	100083a4 <i2c_slave_handler+0x5bc>
100082ac:	23d0      	movs	r3, #208	@ 0xd0
100082ae:	2280      	movs	r2, #128	@ 0x80
100082b0:	061b      	lsls	r3, r3, #24
100082b2:	03d2      	lsls	r2, r2, #15
100082b4:	615a      	str	r2, [r3, #20]
100082b6:	4643      	mov	r3, r8
100082b8:	06db      	lsls	r3, r3, #27
100082ba:	d56d      	bpl.n	10008398 <i2c_slave_handler+0x5b0>
100082bc:	23d0      	movs	r3, #208	@ 0xd0
100082be:	2280      	movs	r2, #128	@ 0x80
100082c0:	061b      	lsls	r3, r3, #24
100082c2:	00d2      	lsls	r2, r2, #3
100082c4:	615a      	str	r2, [r3, #20]
100082c6:	4643      	mov	r3, r8
100082c8:	071b      	lsls	r3, r3, #28
100082ca:	d55f      	bpl.n	1000838c <i2c_slave_handler+0x5a4>
100082cc:	23d0      	movs	r3, #208	@ 0xd0
100082ce:	2280      	movs	r2, #128	@ 0x80
100082d0:	061b      	lsls	r3, r3, #24
100082d2:	0112      	lsls	r2, r2, #4
100082d4:	615a      	str	r2, [r3, #20]
100082d6:	4643      	mov	r3, r8
100082d8:	075b      	lsls	r3, r3, #29
100082da:	d551      	bpl.n	10008380 <i2c_slave_handler+0x598>
100082dc:	23d0      	movs	r3, #208	@ 0xd0
100082de:	2280      	movs	r2, #128	@ 0x80
100082e0:	061b      	lsls	r3, r3, #24
100082e2:	0352      	lsls	r2, r2, #13
100082e4:	615a      	str	r2, [r3, #20]
100082e6:	4643      	mov	r3, r8
100082e8:	079b      	lsls	r3, r3, #30
100082ea:	d561      	bpl.n	100083b0 <i2c_slave_handler+0x5c8>
100082ec:	23d0      	movs	r3, #208	@ 0xd0
100082ee:	2280      	movs	r2, #128	@ 0x80
100082f0:	061b      	lsls	r3, r3, #24
100082f2:	0312      	lsls	r2, r2, #12
100082f4:	615a      	str	r2, [r3, #20]
100082f6:	2010      	movs	r0, #16
100082f8:	f7f8 fa1e 	bl	10000738 <gpio_get_function>
100082fc:	2805      	cmp	r0, #5
100082fe:	d000      	beq.n	10008302 <i2c_slave_handler+0x51a>
10008300:	e5d5      	b.n	10007eae <i2c_slave_handler+0xc6>
10008302:	4643      	mov	r3, r8
10008304:	07db      	lsls	r3, r3, #31
10008306:	d400      	bmi.n	1000830a <i2c_slave_handler+0x522>
10008308:	e5cc      	b.n	10007ea4 <i2c_slave_handler+0xbc>
1000830a:	23d0      	movs	r3, #208	@ 0xd0
1000830c:	2280      	movs	r2, #128	@ 0x80
1000830e:	061b      	lsls	r3, r3, #24
10008310:	0252      	lsls	r2, r2, #9
10008312:	615a      	str	r2, [r3, #20]
10008314:	7834      	ldrb	r4, [r6, #0]
10008316:	e5cb      	b.n	10007eb0 <i2c_slave_handler+0xc8>
10008318:	2008      	movs	r0, #8
1000831a:	f7f8 fa0d 	bl	10000738 <gpio_get_function>
1000831e:	3805      	subs	r0, #5
10008320:	1e43      	subs	r3, r0, #1
10008322:	4198      	sbcs	r0, r3
10008324:	01c5      	lsls	r5, r0, #7
10008326:	2010      	movs	r0, #16
10008328:	f7f8 fa06 	bl	10000738 <gpio_get_function>
1000832c:	2805      	cmp	r0, #5
1000832e:	d100      	bne.n	10008332 <i2c_slave_handler+0x54a>
10008330:	e72e      	b.n	10008190 <i2c_slave_handler+0x3a8>
10008332:	2340      	movs	r3, #64	@ 0x40
10008334:	431d      	orrs	r5, r3
10008336:	e72b      	b.n	10008190 <i2c_slave_handler+0x3a8>
10008338:	6193      	str	r3, [r2, #24]
1000833a:	e5d5      	b.n	10007ee8 <i2c_slave_handler+0x100>
1000833c:	23d0      	movs	r3, #208	@ 0xd0
1000833e:	061b      	lsls	r3, r3, #24
10008340:	685b      	ldr	r3, [r3, #4]
10008342:	039b      	lsls	r3, r3, #14
10008344:	d400      	bmi.n	10008348 <i2c_slave_handler+0x560>
10008346:	e745      	b.n	100081d4 <i2c_slave_handler+0x3ec>
10008348:	2302      	movs	r3, #2
1000834a:	431d      	orrs	r5, r3
1000834c:	e742      	b.n	100081d4 <i2c_slave_handler+0x3ec>
1000834e:	4643      	mov	r3, r8
10008350:	07db      	lsls	r3, r3, #31
10008352:	d54c      	bpl.n	100083ee <i2c_slave_handler+0x606>
10008354:	23d0      	movs	r3, #208	@ 0xd0
10008356:	2280      	movs	r2, #128	@ 0x80
10008358:	061b      	lsls	r3, r3, #24
1000835a:	0152      	lsls	r2, r2, #5
1000835c:	615a      	str	r2, [r3, #20]
1000835e:	2302      	movs	r3, #2
10008360:	4642      	mov	r2, r8
10008362:	4213      	tst	r3, r2
10008364:	d03f      	beq.n	100083e6 <i2c_slave_handler+0x5fe>
10008366:	22d0      	movs	r2, #208	@ 0xd0
10008368:	0612      	lsls	r2, r2, #24
1000836a:	6153      	str	r3, [r2, #20]
1000836c:	e5a0      	b.n	10007eb0 <i2c_slave_handler+0xc8>
1000836e:	2201      	movs	r2, #1
10008370:	615a      	str	r2, [r3, #20]
10008372:	e59d      	b.n	10007eb0 <i2c_slave_handler+0xc8>
10008374:	23d0      	movs	r3, #208	@ 0xd0
10008376:	2280      	movs	r2, #128	@ 0x80
10008378:	061b      	lsls	r3, r3, #24
1000837a:	0092      	lsls	r2, r2, #2
1000837c:	619a      	str	r2, [r3, #24]
1000837e:	e792      	b.n	100082a6 <i2c_slave_handler+0x4be>
10008380:	23d0      	movs	r3, #208	@ 0xd0
10008382:	2280      	movs	r2, #128	@ 0x80
10008384:	061b      	lsls	r3, r3, #24
10008386:	0352      	lsls	r2, r2, #13
10008388:	619a      	str	r2, [r3, #24]
1000838a:	e7ac      	b.n	100082e6 <i2c_slave_handler+0x4fe>
1000838c:	23d0      	movs	r3, #208	@ 0xd0
1000838e:	2280      	movs	r2, #128	@ 0x80
10008390:	061b      	lsls	r3, r3, #24
10008392:	0112      	lsls	r2, r2, #4
10008394:	619a      	str	r2, [r3, #24]
10008396:	e79e      	b.n	100082d6 <i2c_slave_handler+0x4ee>
10008398:	23d0      	movs	r3, #208	@ 0xd0
1000839a:	2280      	movs	r2, #128	@ 0x80
1000839c:	061b      	lsls	r3, r3, #24
1000839e:	00d2      	lsls	r2, r2, #3
100083a0:	619a      	str	r2, [r3, #24]
100083a2:	e790      	b.n	100082c6 <i2c_slave_handler+0x4de>
100083a4:	23d0      	movs	r3, #208	@ 0xd0
100083a6:	2280      	movs	r2, #128	@ 0x80
100083a8:	061b      	lsls	r3, r3, #24
100083aa:	03d2      	lsls	r2, r2, #15
100083ac:	619a      	str	r2, [r3, #24]
100083ae:	e782      	b.n	100082b6 <i2c_slave_handler+0x4ce>
100083b0:	23d0      	movs	r3, #208	@ 0xd0
100083b2:	2280      	movs	r2, #128	@ 0x80
100083b4:	061b      	lsls	r3, r3, #24
100083b6:	0312      	lsls	r2, r2, #12
100083b8:	619a      	str	r2, [r3, #24]
100083ba:	e79c      	b.n	100082f6 <i2c_slave_handler+0x50e>
100083bc:	7b81      	ldrb	r1, [r0, #14]
100083be:	2900      	cmp	r1, #0
100083c0:	d000      	beq.n	100083c4 <i2c_slave_handler+0x5dc>
100083c2:	e091      	b.n	100084e8 <i2c_slave_handler+0x700>
100083c4:	7bc1      	ldrb	r1, [r0, #15]
100083c6:	001a      	movs	r2, r3
100083c8:	2900      	cmp	r1, #0
100083ca:	d100      	bne.n	100083ce <i2c_slave_handler+0x5e6>
100083cc:	e5b0      	b.n	10007f30 <i2c_slave_handler+0x148>
100083ce:	1c1d      	adds	r5, r3, #0
100083d0:	428b      	cmp	r3, r1
100083d2:	d200      	bcs.n	100083d6 <i2c_slave_handler+0x5ee>
100083d4:	1c0d      	adds	r5, r1, #0
100083d6:	001a      	movs	r2, r3
100083d8:	b2eb      	uxtb	r3, r5
100083da:	1c0d      	adds	r5, r1, #0
100083dc:	4291      	cmp	r1, r2
100083de:	d900      	bls.n	100083e2 <i2c_slave_handler+0x5fa>
100083e0:	1c15      	adds	r5, r2, #0
100083e2:	b2ea      	uxtb	r2, r5
100083e4:	e5a4      	b.n	10007f30 <i2c_slave_handler+0x148>
100083e6:	22d0      	movs	r2, #208	@ 0xd0
100083e8:	0612      	lsls	r2, r2, #24
100083ea:	6193      	str	r3, [r2, #24]
100083ec:	e560      	b.n	10007eb0 <i2c_slave_handler+0xc8>
100083ee:	23d0      	movs	r3, #208	@ 0xd0
100083f0:	2280      	movs	r2, #128	@ 0x80
100083f2:	061b      	lsls	r3, r3, #24
100083f4:	0152      	lsls	r2, r2, #5
100083f6:	619a      	str	r2, [r3, #24]
100083f8:	e7b1      	b.n	1000835e <i2c_slave_handler+0x576>
100083fa:	1c1d      	adds	r5, r3, #0
100083fc:	428b      	cmp	r3, r1
100083fe:	d200      	bcs.n	10008402 <i2c_slave_handler+0x61a>
10008400:	1c0d      	adds	r5, r1, #0
10008402:	b2eb      	uxtb	r3, r5
10008404:	1c15      	adds	r5, r2, #0
10008406:	428a      	cmp	r2, r1
10008408:	d900      	bls.n	1000840c <i2c_slave_handler+0x624>
1000840a:	1c0d      	adds	r5, r1, #0
1000840c:	7dc1      	ldrb	r1, [r0, #23]
1000840e:	b2ea      	uxtb	r2, r5
10008410:	2900      	cmp	r1, #0
10008412:	d000      	beq.n	10008416 <i2c_slave_handler+0x62e>
10008414:	e0d6      	b.n	100085c4 <i2c_slave_handler+0x7dc>
10008416:	7e01      	ldrb	r1, [r0, #24]
10008418:	2900      	cmp	r1, #0
1000841a:	d000      	beq.n	1000841e <i2c_slave_handler+0x636>
1000841c:	e5d4      	b.n	10007fc8 <i2c_slave_handler+0x1e0>
1000841e:	491b      	ldr	r1, [pc, #108]	@ (1000848c <i2c_slave_handler+0x6a4>)
10008420:	700d      	strb	r5, [r1, #0]
10008422:	e5dd      	b.n	10007fe0 <i2c_slave_handler+0x1f8>
10008424:	1c1d      	adds	r5, r3, #0
10008426:	428b      	cmp	r3, r1
10008428:	d200      	bcs.n	1000842c <i2c_slave_handler+0x644>
1000842a:	1c0d      	adds	r5, r1, #0
1000842c:	b2eb      	uxtb	r3, r5
1000842e:	1c15      	adds	r5, r2, #0
10008430:	428a      	cmp	r2, r1
10008432:	d900      	bls.n	10008436 <i2c_slave_handler+0x64e>
10008434:	1c0d      	adds	r5, r1, #0
10008436:	7d41      	ldrb	r1, [r0, #21]
10008438:	b2ea      	uxtb	r2, r5
1000843a:	2900      	cmp	r1, #0
1000843c:	d000      	beq.n	10008440 <i2c_slave_handler+0x658>
1000843e:	e08d      	b.n	1000855c <i2c_slave_handler+0x774>
10008440:	7d81      	ldrb	r1, [r0, #22]
10008442:	2900      	cmp	r1, #0
10008444:	d1d9      	bne.n	100083fa <i2c_slave_handler+0x612>
10008446:	7dc1      	ldrb	r1, [r0, #23]
10008448:	2900      	cmp	r1, #0
1000844a:	d000      	beq.n	1000844e <i2c_slave_handler+0x666>
1000844c:	e5ae      	b.n	10007fac <i2c_slave_handler+0x1c4>
1000844e:	0015      	movs	r5, r2
10008450:	7e02      	ldrb	r2, [r0, #24]
10008452:	2a00      	cmp	r2, #0
10008454:	d000      	beq.n	10008458 <i2c_slave_handler+0x670>
10008456:	e134      	b.n	100086c2 <i2c_slave_handler+0x8da>
10008458:	002a      	movs	r2, r5
1000845a:	490c      	ldr	r1, [pc, #48]	@ (1000848c <i2c_slave_handler+0x6a4>)
1000845c:	700a      	strb	r2, [r1, #0]
1000845e:	490f      	ldr	r1, [pc, #60]	@ (1000849c <i2c_slave_handler+0x6b4>)
10008460:	700b      	strb	r3, [r1, #0]
10008462:	2101      	movs	r1, #1
10008464:	4b0c      	ldr	r3, [pc, #48]	@ (10008498 <i2c_slave_handler+0x6b0>)
10008466:	7019      	strb	r1, [r3, #0]
10008468:	2a00      	cmp	r2, #0
1000846a:	d000      	beq.n	1000846e <i2c_slave_handler+0x686>
1000846c:	e5bd      	b.n	10007fea <i2c_slave_handler+0x202>
1000846e:	4b06      	ldr	r3, [pc, #24]	@ (10008488 <i2c_slave_handler+0x6a0>)
10008470:	781a      	ldrb	r2, [r3, #0]
10008472:	e5ba      	b.n	10007fea <i2c_slave_handler+0x202>
10008474:	4004c000 	.word	0x4004c000
10008478:	4004d000 	.word	0x4004d000
1000847c:	4004e000 	.word	0x4004e000
10008480:	200018d0 	.word	0x200018d0
10008484:	200012c8 	.word	0x200012c8
10008488:	20002575 	.word	0x20002575
1000848c:	2000257a 	.word	0x2000257a
10008490:	40050034 	.word	0x40050034
10008494:	40051034 	.word	0x40051034
10008498:	20002578 	.word	0x20002578
1000849c:	20002579 	.word	0x20002579
100084a0:	4994      	ldr	r1, [pc, #592]	@ (100086f4 <i2c_slave_handler+0x90c>)
100084a2:	e5ff      	b.n	100080a4 <i2c_slave_handler+0x2bc>
100084a4:	1c0d      	adds	r5, r1, #0
100084a6:	4299      	cmp	r1, r3
100084a8:	d200      	bcs.n	100084ac <i2c_slave_handler+0x6c4>
100084aa:	1c1d      	adds	r5, r3, #0
100084ac:	b2eb      	uxtb	r3, r5
100084ae:	1c0d      	adds	r5, r1, #0
100084b0:	4291      	cmp	r1, r2
100084b2:	d900      	bls.n	100084b6 <i2c_slave_handler+0x6ce>
100084b4:	1c15      	adds	r5, r2, #0
100084b6:	b2ea      	uxtb	r2, r5
100084b8:	7c81      	ldrb	r1, [r0, #18]
100084ba:	2900      	cmp	r1, #0
100084bc:	d000      	beq.n	100084c0 <i2c_slave_handler+0x6d8>
100084be:	e543      	b.n	10007f48 <i2c_slave_handler+0x160>
100084c0:	7cc1      	ldrb	r1, [r0, #19]
100084c2:	2900      	cmp	r1, #0
100084c4:	d100      	bne.n	100084c8 <i2c_slave_handler+0x6e0>
100084c6:	e090      	b.n	100085ea <i2c_slave_handler+0x802>
100084c8:	1c1d      	adds	r5, r3, #0
100084ca:	428b      	cmp	r3, r1
100084cc:	d300      	bcc.n	100084d0 <i2c_slave_handler+0x6e8>
100084ce:	e54d      	b.n	10007f6c <i2c_slave_handler+0x184>
100084d0:	1c0d      	adds	r5, r1, #0
100084d2:	e54b      	b.n	10007f6c <i2c_slave_handler+0x184>
100084d4:	4643      	mov	r3, r8
100084d6:	061b      	lsls	r3, r3, #24
100084d8:	d400      	bmi.n	100084dc <i2c_slave_handler+0x6f4>
100084da:	e0b8      	b.n	1000864e <i2c_slave_handler+0x866>
100084dc:	23d0      	movs	r3, #208	@ 0xd0
100084de:	2280      	movs	r2, #128	@ 0x80
100084e0:	061b      	lsls	r3, r3, #24
100084e2:	0052      	lsls	r2, r2, #1
100084e4:	615a      	str	r2, [r3, #20]
100084e6:	e6d6      	b.n	10008296 <i2c_slave_handler+0x4ae>
100084e8:	1c1d      	adds	r5, r3, #0
100084ea:	428b      	cmp	r3, r1
100084ec:	d200      	bcs.n	100084f0 <i2c_slave_handler+0x708>
100084ee:	1c0d      	adds	r5, r1, #0
100084f0:	b2ed      	uxtb	r5, r5
100084f2:	1c1a      	adds	r2, r3, #0
100084f4:	428b      	cmp	r3, r1
100084f6:	d900      	bls.n	100084fa <i2c_slave_handler+0x712>
100084f8:	1c0a      	adds	r2, r1, #0
100084fa:	002b      	movs	r3, r5
100084fc:	b2d2      	uxtb	r2, r2
100084fe:	7bc1      	ldrb	r1, [r0, #15]
10008500:	2900      	cmp	r1, #0
10008502:	d100      	bne.n	10008506 <i2c_slave_handler+0x71e>
10008504:	e514      	b.n	10007f30 <i2c_slave_handler+0x148>
10008506:	1c1d      	adds	r5, r3, #0
10008508:	428b      	cmp	r3, r1
1000850a:	d200      	bcs.n	1000850e <i2c_slave_handler+0x726>
1000850c:	1c0d      	adds	r5, r1, #0
1000850e:	b2eb      	uxtb	r3, r5
10008510:	e763      	b.n	100083da <i2c_slave_handler+0x5f2>
10008512:	1c1d      	adds	r5, r3, #0
10008514:	428b      	cmp	r3, r1
10008516:	d200      	bcs.n	1000851a <i2c_slave_handler+0x732>
10008518:	1c0d      	adds	r5, r1, #0
1000851a:	b2eb      	uxtb	r3, r5
1000851c:	1c15      	adds	r5, r2, #0
1000851e:	428a      	cmp	r2, r1
10008520:	d900      	bls.n	10008524 <i2c_slave_handler+0x73c>
10008522:	1c0d      	adds	r5, r1, #0
10008524:	7c41      	ldrb	r1, [r0, #17]
10008526:	b2ea      	uxtb	r2, r5
10008528:	2900      	cmp	r1, #0
1000852a:	d1bb      	bne.n	100084a4 <i2c_slave_handler+0x6bc>
1000852c:	7c81      	ldrb	r1, [r0, #18]
1000852e:	2900      	cmp	r1, #0
10008530:	d000      	beq.n	10008534 <i2c_slave_handler+0x74c>
10008532:	e509      	b.n	10007f48 <i2c_slave_handler+0x160>
10008534:	7cc1      	ldrb	r1, [r0, #19]
10008536:	2900      	cmp	r1, #0
10008538:	d1c6      	bne.n	100084c8 <i2c_slave_handler+0x6e0>
1000853a:	0015      	movs	r5, r2
1000853c:	7d02      	ldrb	r2, [r0, #20]
1000853e:	2a00      	cmp	r2, #0
10008540:	d100      	bne.n	10008544 <i2c_slave_handler+0x75c>
10008542:	e0a9      	b.n	10008698 <i2c_slave_handler+0x8b0>
10008544:	1c19      	adds	r1, r3, #0
10008546:	4293      	cmp	r3, r2
10008548:	d200      	bcs.n	1000854c <i2c_slave_handler+0x764>
1000854a:	1c11      	adds	r1, r2, #0
1000854c:	b2cb      	uxtb	r3, r1
1000854e:	2d00      	cmp	r5, #0
10008550:	d000      	beq.n	10008554 <i2c_slave_handler+0x76c>
10008552:	e0c8      	b.n	100086e6 <i2c_slave_handler+0x8fe>
10008554:	7d41      	ldrb	r1, [r0, #21]
10008556:	2900      	cmp	r1, #0
10008558:	d100      	bne.n	1000855c <i2c_slave_handler+0x774>
1000855a:	e51f      	b.n	10007f9c <i2c_slave_handler+0x1b4>
1000855c:	1c0d      	adds	r5, r1, #0
1000855e:	4299      	cmp	r1, r3
10008560:	d300      	bcc.n	10008564 <i2c_slave_handler+0x77c>
10008562:	e515      	b.n	10007f90 <i2c_slave_handler+0x1a8>
10008564:	1c1d      	adds	r5, r3, #0
10008566:	e513      	b.n	10007f90 <i2c_slave_handler+0x1a8>
10008568:	23d0      	movs	r3, #208	@ 0xd0
1000856a:	2208      	movs	r2, #8
1000856c:	061b      	lsls	r3, r3, #24
1000856e:	615a      	str	r2, [r3, #20]
10008570:	7ac2      	ldrb	r2, [r0, #11]
10008572:	2a02      	cmp	r2, #2
10008574:	d000      	beq.n	10008578 <i2c_slave_handler+0x790>
10008576:	e49b      	b.n	10007eb0 <i2c_slave_handler+0xc8>
10008578:	685a      	ldr	r2, [r3, #4]
1000857a:	0492      	lsls	r2, r2, #18
1000857c:	d400      	bmi.n	10008580 <i2c_slave_handler+0x798>
1000857e:	e088      	b.n	10008692 <i2c_slave_handler+0x8aa>
10008580:	2204      	movs	r2, #4
10008582:	615a      	str	r2, [r3, #20]
10008584:	e494      	b.n	10007eb0 <i2c_slave_handler+0xc8>
10008586:	23d0      	movs	r3, #208	@ 0xd0
10008588:	2208      	movs	r2, #8
1000858a:	061b      	lsls	r3, r3, #24
1000858c:	615a      	str	r2, [r3, #20]
1000858e:	3a04      	subs	r2, #4
10008590:	615a      	str	r2, [r3, #20]
10008592:	e48d      	b.n	10007eb0 <i2c_slave_handler+0xc8>
10008594:	7d01      	ldrb	r1, [r0, #20]
10008596:	2900      	cmp	r1, #0
10008598:	d000      	beq.n	1000859c <i2c_slave_handler+0x7b4>
1000859a:	e743      	b.n	10008424 <i2c_slave_handler+0x63c>
1000859c:	7d41      	ldrb	r1, [r0, #21]
1000859e:	2900      	cmp	r1, #0
100085a0:	d000      	beq.n	100085a4 <i2c_slave_handler+0x7bc>
100085a2:	e4f1      	b.n	10007f88 <i2c_slave_handler+0x1a0>
100085a4:	0015      	movs	r5, r2
100085a6:	7d82      	ldrb	r2, [r0, #22]
100085a8:	2a00      	cmp	r2, #0
100085aa:	d034      	beq.n	10008616 <i2c_slave_handler+0x82e>
100085ac:	1c19      	adds	r1, r3, #0
100085ae:	4293      	cmp	r3, r2
100085b0:	d200      	bcs.n	100085b4 <i2c_slave_handler+0x7cc>
100085b2:	1c11      	adds	r1, r2, #0
100085b4:	b2cb      	uxtb	r3, r1
100085b6:	2d00      	cmp	r5, #0
100085b8:	d000      	beq.n	100085bc <i2c_slave_handler+0x7d4>
100085ba:	e091      	b.n	100086e0 <i2c_slave_handler+0x8f8>
100085bc:	7dc1      	ldrb	r1, [r0, #23]
100085be:	2900      	cmp	r1, #0
100085c0:	d100      	bne.n	100085c4 <i2c_slave_handler+0x7dc>
100085c2:	e4fd      	b.n	10007fc0 <i2c_slave_handler+0x1d8>
100085c4:	1c0d      	adds	r5, r1, #0
100085c6:	4299      	cmp	r1, r3
100085c8:	d300      	bcc.n	100085cc <i2c_slave_handler+0x7e4>
100085ca:	e4f3      	b.n	10007fb4 <i2c_slave_handler+0x1cc>
100085cc:	1c1d      	adds	r5, r3, #0
100085ce:	e4f1      	b.n	10007fb4 <i2c_slave_handler+0x1cc>
100085d0:	001a      	movs	r2, r3
100085d2:	e794      	b.n	100084fe <i2c_slave_handler+0x716>
100085d4:	2101      	movs	r1, #1
100085d6:	22d0      	movs	r2, #208	@ 0xd0
100085d8:	40a9      	lsls	r1, r5
100085da:	0612      	lsls	r2, r2, #24
100085dc:	6852      	ldr	r2, [r2, #4]
100085de:	400a      	ands	r2, r1
100085e0:	0015      	movs	r5, r2
100085e2:	1e6a      	subs	r2, r5, #1
100085e4:	4195      	sbcs	r5, r2
100085e6:	b2ed      	uxtb	r5, r5
100085e8:	e490      	b.n	10007f0c <i2c_slave_handler+0x124>
100085ea:	7d01      	ldrb	r1, [r0, #20]
100085ec:	2900      	cmp	r1, #0
100085ee:	d000      	beq.n	100085f2 <i2c_slave_handler+0x80a>
100085f0:	e718      	b.n	10008424 <i2c_slave_handler+0x63c>
100085f2:	7d41      	ldrb	r1, [r0, #21]
100085f4:	2900      	cmp	r1, #0
100085f6:	d0d5      	beq.n	100085a4 <i2c_slave_handler+0x7bc>
100085f8:	1c1d      	adds	r5, r3, #0
100085fa:	428b      	cmp	r3, r1
100085fc:	d200      	bcs.n	10008600 <i2c_slave_handler+0x818>
100085fe:	1c0d      	adds	r5, r1, #0
10008600:	b2eb      	uxtb	r3, r5
10008602:	2a00      	cmp	r2, #0
10008604:	d000      	beq.n	10008608 <i2c_slave_handler+0x820>
10008606:	e4c4      	b.n	10007f92 <i2c_slave_handler+0x1aa>
10008608:	000a      	movs	r2, r1
1000860a:	e4c7      	b.n	10007f9c <i2c_slave_handler+0x1b4>
1000860c:	7d81      	ldrb	r1, [r0, #22]
1000860e:	2900      	cmp	r1, #0
10008610:	d000      	beq.n	10008614 <i2c_slave_handler+0x82c>
10008612:	e6f2      	b.n	100083fa <i2c_slave_handler+0x612>
10008614:	0015      	movs	r5, r2
10008616:	7dc2      	ldrb	r2, [r0, #23]
10008618:	2a00      	cmp	r2, #0
1000861a:	d100      	bne.n	1000861e <i2c_slave_handler+0x836>
1000861c:	e718      	b.n	10008450 <i2c_slave_handler+0x668>
1000861e:	1c19      	adds	r1, r3, #0
10008620:	4293      	cmp	r3, r2
10008622:	d200      	bcs.n	10008626 <i2c_slave_handler+0x83e>
10008624:	1c11      	adds	r1, r2, #0
10008626:	b2cb      	uxtb	r3, r1
10008628:	2d00      	cmp	r5, #0
1000862a:	d100      	bne.n	1000862e <i2c_slave_handler+0x846>
1000862c:	e4c8      	b.n	10007fc0 <i2c_slave_handler+0x1d8>
1000862e:	0011      	movs	r1, r2
10008630:	002a      	movs	r2, r5
10008632:	e4c0      	b.n	10007fb6 <i2c_slave_handler+0x1ce>
10008634:	7e01      	ldrb	r1, [r0, #24]
10008636:	2900      	cmp	r1, #0
10008638:	d100      	bne.n	1000863c <i2c_slave_handler+0x854>
1000863a:	e70e      	b.n	1000845a <i2c_slave_handler+0x672>
1000863c:	1c18      	adds	r0, r3, #0
1000863e:	428b      	cmp	r3, r1
10008640:	d300      	bcc.n	10008644 <i2c_slave_handler+0x85c>
10008642:	e4c5      	b.n	10007fd0 <i2c_slave_handler+0x1e8>
10008644:	1c08      	adds	r0, r1, #0
10008646:	e4c3      	b.n	10007fd0 <i2c_slave_handler+0x1e8>
10008648:	492b      	ldr	r1, [pc, #172]	@ (100086f8 <i2c_slave_handler+0x910>)
1000864a:	700a      	strb	r2, [r1, #0]
1000864c:	e4c8      	b.n	10007fe0 <i2c_slave_handler+0x1f8>
1000864e:	23d0      	movs	r3, #208	@ 0xd0
10008650:	2280      	movs	r2, #128	@ 0x80
10008652:	061b      	lsls	r3, r3, #24
10008654:	0052      	lsls	r2, r2, #1
10008656:	619a      	str	r2, [r3, #24]
10008658:	e61d      	b.n	10008296 <i2c_slave_handler+0x4ae>
1000865a:	7c02      	ldrb	r2, [r0, #16]
1000865c:	2a00      	cmp	r2, #0
1000865e:	d01d      	beq.n	1000869c <i2c_slave_handler+0x8b4>
10008660:	7c41      	ldrb	r1, [r0, #17]
10008662:	0013      	movs	r3, r2
10008664:	2900      	cmp	r1, #0
10008666:	d100      	bne.n	1000866a <i2c_slave_handler+0x882>
10008668:	e726      	b.n	100084b8 <i2c_slave_handler+0x6d0>
1000866a:	1c0b      	adds	r3, r1, #0
1000866c:	4291      	cmp	r1, r2
1000866e:	d200      	bcs.n	10008672 <i2c_slave_handler+0x88a>
10008670:	1c13      	adds	r3, r2, #0
10008672:	b2db      	uxtb	r3, r3
10008674:	e71b      	b.n	100084ae <i2c_slave_handler+0x6c6>
10008676:	7cc1      	ldrb	r1, [r0, #19]
10008678:	2900      	cmp	r1, #0
1000867a:	d100      	bne.n	1000867e <i2c_slave_handler+0x896>
1000867c:	e75d      	b.n	1000853a <i2c_slave_handler+0x752>
1000867e:	1c1d      	adds	r5, r3, #0
10008680:	428b      	cmp	r3, r1
10008682:	d200      	bcs.n	10008686 <i2c_slave_handler+0x89e>
10008684:	1c0d      	adds	r5, r1, #0
10008686:	b2eb      	uxtb	r3, r5
10008688:	2a00      	cmp	r2, #0
1000868a:	d000      	beq.n	1000868e <i2c_slave_handler+0x8a6>
1000868c:	e46f      	b.n	10007f6e <i2c_slave_handler+0x186>
1000868e:	000a      	movs	r2, r1
10008690:	e472      	b.n	10007f78 <i2c_slave_handler+0x190>
10008692:	2204      	movs	r2, #4
10008694:	619a      	str	r2, [r3, #24]
10008696:	e40b      	b.n	10007eb0 <i2c_slave_handler+0xc8>
10008698:	002a      	movs	r2, r5
1000869a:	e7aa      	b.n	100085f2 <i2c_slave_handler+0x80a>
1000869c:	7c43      	ldrb	r3, [r0, #17]
1000869e:	2b00      	cmp	r3, #0
100086a0:	d10d      	bne.n	100086be <i2c_slave_handler+0x8d6>
100086a2:	7c82      	ldrb	r2, [r0, #18]
100086a4:	2a00      	cmp	r2, #0
100086a6:	d0e6      	beq.n	10008676 <i2c_slave_handler+0x88e>
100086a8:	7cc1      	ldrb	r1, [r0, #19]
100086aa:	0013      	movs	r3, r2
100086ac:	2900      	cmp	r1, #0
100086ae:	d100      	bne.n	100086b2 <i2c_slave_handler+0x8ca>
100086b0:	e462      	b.n	10007f78 <i2c_slave_handler+0x190>
100086b2:	1c0b      	adds	r3, r1, #0
100086b4:	4291      	cmp	r1, r2
100086b6:	d200      	bcs.n	100086ba <i2c_slave_handler+0x8d2>
100086b8:	1c13      	adds	r3, r2, #0
100086ba:	b2db      	uxtb	r3, r3
100086bc:	e457      	b.n	10007f6e <i2c_slave_handler+0x186>
100086be:	001a      	movs	r2, r3
100086c0:	e6fa      	b.n	100084b8 <i2c_slave_handler+0x6d0>
100086c2:	1c11      	adds	r1, r2, #0
100086c4:	429a      	cmp	r2, r3
100086c6:	d200      	bcs.n	100086ca <i2c_slave_handler+0x8e2>
100086c8:	1c19      	adds	r1, r3, #0
100086ca:	b2cb      	uxtb	r3, r1
100086cc:	2d00      	cmp	r5, #0
100086ce:	d10d      	bne.n	100086ec <i2c_slave_handler+0x904>
100086d0:	4b09      	ldr	r3, [pc, #36]	@ (100086f8 <i2c_slave_handler+0x910>)
100086d2:	701a      	strb	r2, [r3, #0]
100086d4:	4b09      	ldr	r3, [pc, #36]	@ (100086fc <i2c_slave_handler+0x914>)
100086d6:	7019      	strb	r1, [r3, #0]
100086d8:	2101      	movs	r1, #1
100086da:	4b09      	ldr	r3, [pc, #36]	@ (10008700 <i2c_slave_handler+0x918>)
100086dc:	7019      	strb	r1, [r3, #0]
100086de:	e484      	b.n	10007fea <i2c_slave_handler+0x202>
100086e0:	0011      	movs	r1, r2
100086e2:	002a      	movs	r2, r5
100086e4:	e68e      	b.n	10008404 <i2c_slave_handler+0x61c>
100086e6:	0011      	movs	r1, r2
100086e8:	002a      	movs	r2, r5
100086ea:	e6a0      	b.n	1000842e <i2c_slave_handler+0x646>
100086ec:	0011      	movs	r1, r2
100086ee:	002a      	movs	r2, r5
100086f0:	e46f      	b.n	10007fd2 <i2c_slave_handler+0x1ea>
100086f2:	46c0      	nop			@ (mov r8, r8)
100086f4:	0000ffff 	.word	0x0000ffff
100086f8:	2000257a 	.word	0x2000257a
100086fc:	20002579 	.word	0x20002579
10008700:	20002578 	.word	0x20002578

10008704 <IrqRxTxChange>:
10008704:	4b07      	ldr	r3, [pc, #28]	@ (10008724 <IrqRxTxChange+0x20>)
10008706:	7adb      	ldrb	r3, [r3, #11]
10008708:	2b02      	cmp	r3, #2
1000870a:	d000      	beq.n	1000870e <IrqRxTxChange+0xa>
1000870c:	4770      	bx	lr
1000870e:	23d0      	movs	r3, #208	@ 0xd0
10008710:	061b      	lsls	r3, r3, #24
10008712:	685a      	ldr	r2, [r3, #4]
10008714:	0492      	lsls	r2, r2, #18
10008716:	d502      	bpl.n	1000871e <IrqRxTxChange+0x1a>
10008718:	2204      	movs	r2, #4
1000871a:	615a      	str	r2, [r3, #20]
1000871c:	e7f6      	b.n	1000870c <IrqRxTxChange+0x8>
1000871e:	2204      	movs	r2, #4
10008720:	619a      	str	r2, [r3, #24]
10008722:	e7f3      	b.n	1000870c <IrqRxTxChange+0x8>
10008724:	200018d0 	.word	0x200018d0

10008728 <hertz2fcode>:
10008728:	0002      	movs	r2, r0
1000872a:	0003      	movs	r3, r0
1000872c:	b510      	push	{r4, lr}
1000872e:	2000      	movs	r0, #0
10008730:	430a      	orrs	r2, r1
10008732:	d100      	bne.n	10008736 <hertz2fcode+0xe>
10008734:	bd10      	pop	{r4, pc}
10008736:	0018      	movs	r0, r3
10008738:	f7fa f830 	bl	1000279c <__wrap___aeabi_ul2d>
1000873c:	4a0b      	ldr	r2, [pc, #44]	@ (1000876c <hertz2fcode+0x44>)
1000873e:	4b0c      	ldr	r3, [pc, #48]	@ (10008770 <hertz2fcode+0x48>)
10008740:	f7f9 ff57 	bl	100025f2 <__wrap___aeabi_ddiv>
10008744:	f7fa f836 	bl	100027b4 <__wrap_log>
10008748:	4a0a      	ldr	r2, [pc, #40]	@ (10008774 <hertz2fcode+0x4c>)
1000874a:	4b0b      	ldr	r3, [pc, #44]	@ (10008778 <hertz2fcode+0x50>)
1000874c:	f7f9 ff6f 	bl	1000262e <__wrap___aeabi_dmul>
10008750:	4b0a      	ldr	r3, [pc, #40]	@ (1000877c <hertz2fcode+0x54>)
10008752:	2200      	movs	r2, #0
10008754:	f7f9 ff44 	bl	100025e0 <__wrap___aeabi_dadd>
10008758:	f7fa f814 	bl	10002784 <__wrap___aeabi_d2uiz>
1000875c:	1c03      	adds	r3, r0, #0
1000875e:	b2c0      	uxtb	r0, r0
10008760:	2800      	cmp	r0, #0
10008762:	d100      	bne.n	10008766 <hertz2fcode+0x3e>
10008764:	2301      	movs	r3, #1
10008766:	b2d8      	uxtb	r0, r3
10008768:	e7e4      	b.n	10008734 <hertz2fcode+0xc>
1000876a:	46c0      	nop			@ (mov r8, r8)
1000876c:	66666666 	.word	0x66666666
10008770:	40d24f06 	.word	0x40d24f06
10008774:	d70a3d71 	.word	0xd70a3d71
10008778:	402ef0a3 	.word	0x402ef0a3
1000877c:	3fe00000 	.word	0x3fe00000

10008780 <fcode2band>:
10008780:	2280      	movs	r2, #128	@ 0x80
10008782:	b530      	push	{r4, r5, lr}
10008784:	b0c1      	sub	sp, #260	@ 0x104
10008786:	0004      	movs	r4, r0
10008788:	466d      	mov	r5, sp
1000878a:	4668      	mov	r0, sp
1000878c:	4903      	ldr	r1, [pc, #12]	@ (1000879c <fcode2band+0x1c>)
1000878e:	0052      	lsls	r2, r2, #1
10008790:	f7fa fd4c 	bl	1000322c <__wrap___aeabi_memcpy>
10008794:	5d28      	ldrb	r0, [r5, r4]
10008796:	b041      	add	sp, #260	@ 0x104
10008798:	bd30      	pop	{r4, r5, pc}
1000879a:	46c0      	nop			@ (mov r8, r8)
1000879c:	100090ec 	.word	0x100090ec

100087a0 <strlen>:
100087a0:	b510      	push	{r4, lr}
100087a2:	0783      	lsls	r3, r0, #30
100087a4:	d00a      	beq.n	100087bc <strlen+0x1c>
100087a6:	0003      	movs	r3, r0
100087a8:	2103      	movs	r1, #3
100087aa:	e002      	b.n	100087b2 <strlen+0x12>
100087ac:	3301      	adds	r3, #1
100087ae:	420b      	tst	r3, r1
100087b0:	d005      	beq.n	100087be <strlen+0x1e>
100087b2:	781a      	ldrb	r2, [r3, #0]
100087b4:	2a00      	cmp	r2, #0
100087b6:	d1f9      	bne.n	100087ac <strlen+0xc>
100087b8:	1a18      	subs	r0, r3, r0
100087ba:	bd10      	pop	{r4, pc}
100087bc:	0003      	movs	r3, r0
100087be:	6819      	ldr	r1, [r3, #0]
100087c0:	4a0c      	ldr	r2, [pc, #48]	@ (100087f4 <strlen+0x54>)
100087c2:	4c0d      	ldr	r4, [pc, #52]	@ (100087f8 <strlen+0x58>)
100087c4:	188a      	adds	r2, r1, r2
100087c6:	438a      	bics	r2, r1
100087c8:	4222      	tst	r2, r4
100087ca:	d10f      	bne.n	100087ec <strlen+0x4c>
100087cc:	6859      	ldr	r1, [r3, #4]
100087ce:	4a09      	ldr	r2, [pc, #36]	@ (100087f4 <strlen+0x54>)
100087d0:	3304      	adds	r3, #4
100087d2:	188a      	adds	r2, r1, r2
100087d4:	438a      	bics	r2, r1
100087d6:	4222      	tst	r2, r4
100087d8:	d108      	bne.n	100087ec <strlen+0x4c>
100087da:	6859      	ldr	r1, [r3, #4]
100087dc:	4a05      	ldr	r2, [pc, #20]	@ (100087f4 <strlen+0x54>)
100087de:	3304      	adds	r3, #4
100087e0:	188a      	adds	r2, r1, r2
100087e2:	438a      	bics	r2, r1
100087e4:	4222      	tst	r2, r4
100087e6:	d0f1      	beq.n	100087cc <strlen+0x2c>
100087e8:	e000      	b.n	100087ec <strlen+0x4c>
100087ea:	3301      	adds	r3, #1
100087ec:	781a      	ldrb	r2, [r3, #0]
100087ee:	2a00      	cmp	r2, #0
100087f0:	d1fb      	bne.n	100087ea <strlen+0x4a>
100087f2:	e7e1      	b.n	100087b8 <strlen+0x18>
100087f4:	fefefeff 	.word	0xfefefeff
100087f8:	80808080 	.word	0x80808080

100087fc <_fini>:
100087fc:	b5f8      	push	{r3, r4, r5, r6, r7, lr}
100087fe:	46c0      	nop			@ (mov r8, r8)

10008800 <__e15_is_critical_frame_period_veneer>:
10008800:	b401      	push	{r0}
10008802:	4802      	ldr	r0, [pc, #8]	@ (1000880c <__e15_is_critical_frame_period_veneer+0xc>)
10008804:	4684      	mov	ip, r0
10008806:	bc01      	pop	{r0}
10008808:	4760      	bx	ip
1000880a:	bf00      	nop
1000880c:	20000bf5 	.word	0x20000bf5

10008810 <__reset_non_control_endpoints_veneer>:
10008810:	b401      	push	{r0}
10008812:	4802      	ldr	r0, [pc, #8]	@ (1000881c <__reset_non_control_endpoints_veneer+0xc>)
10008814:	4684      	mov	ip, r0
10008816:	bc01      	pop	{r0}
10008818:	4760      	bx	ip
1000881a:	bf00      	nop
1000881c:	200003f1 	.word	0x200003f1

10008820 <__flash_do_cmd_veneer>:
10008820:	b401      	push	{r0}
10008822:	4802      	ldr	r0, [pc, #8]	@ (1000882c <__flash_do_cmd_veneer+0xc>)
10008824:	4684      	mov	ip, r0
10008826:	bc01      	pop	{r0}
10008828:	4760      	bx	ip
1000882a:	bf00      	nop
1000882c:	200002c1 	.word	0x200002c1

10008830 <__mutex_exit_veneer>:
10008830:	b401      	push	{r0}
10008832:	4802      	ldr	r0, [pc, #8]	@ (1000883c <__mutex_exit_veneer+0xc>)
10008834:	4684      	mov	ip, r0
10008836:	bc01      	pop	{r0}
10008838:	4760      	bx	ip
1000883a:	bf00      	nop
1000883c:	20000225 	.word	0x20000225

10008840 <____aeabi_ldiv0_veneer>:
10008840:	b401      	push	{r0}
10008842:	4802      	ldr	r0, [pc, #8]	@ (1000884c <____aeabi_ldiv0_veneer+0xc>)
10008844:	4684      	mov	ip, r0
10008846:	bc01      	pop	{r0}
10008848:	4760      	bx	ip
1000884a:	bf00      	nop
1000884c:	20000fb5 	.word	0x20000fb5

10008850 <____aeabi_idiv0_veneer>:
10008850:	b401      	push	{r0}
10008852:	4802      	ldr	r0, [pc, #8]	@ (1000885c <____aeabi_idiv0_veneer+0xc>)
10008854:	4684      	mov	ip, r0
10008856:	bc01      	pop	{r0}
10008858:	4760      	bx	ip
1000885a:	bf00      	nop
1000885c:	20000fb5 	.word	0x20000fb5

10008860 <__mutex_try_enter_veneer>:
10008860:	b401      	push	{r0}
10008862:	4802      	ldr	r0, [pc, #8]	@ (1000886c <__mutex_try_enter_veneer+0xc>)
10008864:	4684      	mov	ip, r0
10008866:	bc01      	pop	{r0}
10008868:	4760      	bx	ip
1000886a:	bf00      	nop
1000886c:	200000c1 	.word	0x200000c1

10008870 <__mutex_enter_timeout_ms_veneer>:
10008870:	b401      	push	{r0}
10008872:	4802      	ldr	r0, [pc, #8]	@ (1000887c <__mutex_enter_timeout_ms_veneer+0xc>)
10008874:	4684      	mov	ip, r0
10008876:	bc01      	pop	{r0}
10008878:	4760      	bx	ip
1000887a:	bf00      	nop
1000887c:	20000199 	.word	0x20000199

10008880 <__e15_is_bulkin_ep_veneer>:
10008880:	b401      	push	{r0}
10008882:	4802      	ldr	r0, [pc, #8]	@ (1000888c <__e15_is_bulkin_ep_veneer+0xc>)
10008884:	4684      	mov	ip, r0
10008886:	bc01      	pop	{r0}
10008888:	4760      	bx	ip
1000888a:	bf00      	nop
1000888c:	20000bcd 	.word	0x20000bcd

10008890 <__mutex_try_enter_block_until_veneer>:
10008890:	b401      	push	{r0}
10008892:	4802      	ldr	r0, [pc, #8]	@ (1000889c <__mutex_try_enter_block_until_veneer+0xc>)
10008894:	4684      	mov	ip, r0
10008896:	bc01      	pop	{r0}
10008898:	4760      	bx	ip
1000889a:	bf00      	nop
1000889c:	20000101 	.word	0x20000101

100088a0 <__hw_endpoint_start_next_buffer_veneer>:
100088a0:	b401      	push	{r0}
100088a2:	4802      	ldr	r0, [pc, #8]	@ (100088ac <__hw_endpoint_start_next_buffer_veneer+0xc>)
100088a4:	4684      	mov	ip, r0
100088a6:	bc01      	pop	{r0}
100088a8:	4760      	bx	ip
100088aa:	bf00      	nop
100088ac:	20000c85 	.word	0x20000c85

100088b0 <___hw_endpoint_buffer_control_update32_veneer>:
100088b0:	b401      	push	{r0}
100088b2:	4802      	ldr	r0, [pc, #8]	@ (100088bc <___hw_endpoint_buffer_control_update32_veneer+0xc>)
100088b4:	4684      	mov	ip, r0
100088b6:	bc01      	pop	{r0}
100088b8:	4760      	bx	ip
100088ba:	bf00      	nop
100088bc:	20000c35 	.word	0x20000c35

100088c0 <__pre_init_runtime_init_early_resets>:
100088c0:	10001f81                                ....

100088c4 <__pre_init_runtime_init_usb_power_down>:
100088c4:	10001fad 100020f9 10003211 100027cd     ..... ...2...'..
100088d4:	10003181                                .1..

100088d8 <__pre_init_runtime_init_clocks>:
100088d8:	10002021                                ! ..

100088dc <__pre_init_runtime_init_post_clock_resets>:
100088dc:	10001fc9                                ....

100088e0 <__pre_init_runtime_init_rp2040_gpio_ie_disable>:
100088e0:	10001fe9                                ....

100088e4 <__pre_init_runtime_init_spin_locks_reset>:
100088e4:	10001ffd                                ....

100088e8 <__pre_init_runtime_init_mutex>:
100088e8:	10000fad                                ....

100088ec <__pre_init_runtime_init_install_ram_vector_table>:
100088ec:	10002005                                . ..

100088f0 <__pre_init_runtime_init_default_alarm_pool>:
100088f0:	10001379                                y...

100088f4 <__pre_init_first_per_core_initializer>:
100088f4:	10001f49                                I...

100088f8 <__pre_init_runtime_init_per_core_irq_priorities>:
100088f8:	10000a0d                                ....

100088fc <__frame_dummy_init_array_entry>:
100088fc:	100002b1 10005701                       .....W..

Disassembly of section .data:

200000c0 <mutex_try_enter>:
200000c0:	0003      	movs	r3, r0
200000c2:	6800      	ldr	r0, [r0, #0]
200000c4:	f3ef 8c10 	mrs	ip, PRIMASK
200000c8:	b672      	cpsid	i
200000ca:	6802      	ldr	r2, [r0, #0]
200000cc:	2a00      	cmp	r2, #0
200000ce:	d0fc      	beq.n	200000ca <mutex_try_enter+0xa>
200000d0:	f3bf 8f5f 	dmb	sy
200000d4:	2204      	movs	r2, #4
200000d6:	569a      	ldrsb	r2, [r3, r2]
200000d8:	2a00      	cmp	r2, #0
200000da:	db0b      	blt.n	200000f4 <mutex_try_enter+0x34>
200000dc:	2900      	cmp	r1, #0
200000de:	d000      	beq.n	200000e2 <mutex_try_enter+0x22>
200000e0:	600a      	str	r2, [r1, #0]
200000e2:	2000      	movs	r0, #0
200000e4:	681b      	ldr	r3, [r3, #0]
200000e6:	f3bf 8f5f 	dmb	sy
200000ea:	2200      	movs	r2, #0
200000ec:	601a      	str	r2, [r3, #0]
200000ee:	f38c 8810 	msr	PRIMASK, ip
200000f2:	4770      	bx	lr
200000f4:	22d0      	movs	r2, #208	@ 0xd0
200000f6:	0612      	lsls	r2, r2, #24
200000f8:	6812      	ldr	r2, [r2, #0]
200000fa:	2001      	movs	r0, #1
200000fc:	711a      	strb	r2, [r3, #4]
200000fe:	e7f1      	b.n	200000e4 <mutex_try_enter+0x24>

20000100 <mutex_try_enter_block_until>:
20000100:	b5f0      	push	{r4, r5, r6, r7, lr}
20000102:	46c6      	mov	lr, r8
20000104:	0015      	movs	r5, r2
20000106:	b500      	push	{lr}
20000108:	0004      	movs	r4, r0
2000010a:	001e      	movs	r6, r3
2000010c:	6802      	ldr	r2, [r0, #0]
2000010e:	f3ef 8110 	mrs	r1, PRIMASK
20000112:	b672      	cpsid	i
20000114:	6813      	ldr	r3, [r2, #0]
20000116:	2b00      	cmp	r3, #0
20000118:	d0fc      	beq.n	20000114 <mutex_try_enter_block_until+0x14>
2000011a:	f3bf 8f5f 	dmb	sy
2000011e:	2304      	movs	r3, #4
20000120:	56e3      	ldrsb	r3, [r4, r3]
20000122:	6822      	ldr	r2, [r4, #0]
20000124:	2b00      	cmp	r3, #0
20000126:	db2b      	blt.n	20000180 <mutex_try_enter_block_until+0x80>
20000128:	f3bf 8f5f 	dmb	sy
2000012c:	2000      	movs	r0, #0
2000012e:	6010      	str	r0, [r2, #0]
20000130:	f381 8810 	msr	PRIMASK, r1
20000134:	22d0      	movs	r2, #208	@ 0xd0
20000136:	0612      	lsls	r2, r2, #24
20000138:	7812      	ldrb	r2, [r2, #0]
2000013a:	2700      	movs	r7, #0
2000013c:	b252      	sxtb	r2, r2
2000013e:	4690      	mov	r8, r2
20000140:	429a      	cmp	r2, r3
20000142:	d10e      	bne.n	20000162 <mutex_try_enter_block_until+0x62>
20000144:	2000      	movs	r0, #0
20000146:	bc80      	pop	{r7}
20000148:	46b8      	mov	r8, r7
2000014a:	bdf0      	pop	{r4, r5, r6, r7, pc}
2000014c:	f3bf 8f5f 	dmb	sy
20000150:	6017      	str	r7, [r2, #0]
20000152:	f381 8810 	msr	PRIMASK, r1
20000156:	0028      	movs	r0, r5
20000158:	0031      	movs	r1, r6
2000015a:	f000 ff45 	bl	20000fe8 <__best_effort_wfe_or_timeout_veneer>
2000015e:	2800      	cmp	r0, #0
20000160:	d1f0      	bne.n	20000144 <mutex_try_enter_block_until+0x44>
20000162:	6822      	ldr	r2, [r4, #0]
20000164:	f3ef 8110 	mrs	r1, PRIMASK
20000168:	b672      	cpsid	i
2000016a:	6813      	ldr	r3, [r2, #0]
2000016c:	2b00      	cmp	r3, #0
2000016e:	d0fc      	beq.n	2000016a <mutex_try_enter_block_until+0x6a>
20000170:	f3bf 8f5f 	dmb	sy
20000174:	7923      	ldrb	r3, [r4, #4]
20000176:	6822      	ldr	r2, [r4, #0]
20000178:	2b7f      	cmp	r3, #127	@ 0x7f
2000017a:	d9e7      	bls.n	2000014c <mutex_try_enter_block_until+0x4c>
2000017c:	4643      	mov	r3, r8
2000017e:	e002      	b.n	20000186 <mutex_try_enter_block_until+0x86>
20000180:	23d0      	movs	r3, #208	@ 0xd0
20000182:	061b      	lsls	r3, r3, #24
20000184:	681b      	ldr	r3, [r3, #0]
20000186:	7123      	strb	r3, [r4, #4]
20000188:	f3bf 8f5f 	dmb	sy
2000018c:	2300      	movs	r3, #0
2000018e:	6013      	str	r3, [r2, #0]
20000190:	f381 8810 	msr	PRIMASK, r1
20000194:	2001      	movs	r0, #1
20000196:	e7d6      	b.n	20000146 <mutex_try_enter_block_until+0x46>

20000198 <mutex_enter_timeout_ms>:
20000198:	b5f0      	push	{r4, r5, r6, r7, lr}
2000019a:	46c6      	mov	lr, r8
2000019c:	b500      	push	{lr}
2000019e:	000d      	movs	r5, r1
200001a0:	0004      	movs	r4, r0
200001a2:	f000 ff41 	bl	20001028 <__time_us_64_veneer>
200001a6:	22fa      	movs	r2, #250	@ 0xfa
200001a8:	0006      	movs	r6, r0
200001aa:	000f      	movs	r7, r1
200001ac:	2300      	movs	r3, #0
200001ae:	0028      	movs	r0, r5
200001b0:	2100      	movs	r1, #0
200001b2:	0092      	lsls	r2, r2, #2
200001b4:	f000 ff08 	bl	20000fc8 <____wrap___aeabi_lmul_veneer>
200001b8:	1836      	adds	r6, r6, r0
200001ba:	414f      	adcs	r7, r1
200001bc:	2f00      	cmp	r7, #0
200001be:	da02      	bge.n	200001c6 <mutex_enter_timeout_ms+0x2e>
200001c0:	2601      	movs	r6, #1
200001c2:	4f17      	ldr	r7, [pc, #92]	@ (20000220 <mutex_enter_timeout_ms+0x88>)
200001c4:	4276      	negs	r6, r6
200001c6:	23d0      	movs	r3, #208	@ 0xd0
200001c8:	061b      	lsls	r3, r3, #24
200001ca:	681b      	ldr	r3, [r3, #0]
200001cc:	2500      	movs	r5, #0
200001ce:	4698      	mov	r8, r3
200001d0:	e00a      	b.n	200001e8 <mutex_enter_timeout_ms+0x50>
200001d2:	f3bf 8f5f 	dmb	sy
200001d6:	6015      	str	r5, [r2, #0]
200001d8:	f381 8810 	msr	PRIMASK, r1
200001dc:	0030      	movs	r0, r6
200001de:	0039      	movs	r1, r7
200001e0:	f000 ff02 	bl	20000fe8 <__best_effort_wfe_or_timeout_veneer>
200001e4:	2800      	cmp	r0, #0
200001e6:	d118      	bne.n	2000021a <mutex_enter_timeout_ms+0x82>
200001e8:	6822      	ldr	r2, [r4, #0]
200001ea:	f3ef 8110 	mrs	r1, PRIMASK
200001ee:	b672      	cpsid	i
200001f0:	6813      	ldr	r3, [r2, #0]
200001f2:	2b00      	cmp	r3, #0
200001f4:	d0fc      	beq.n	200001f0 <mutex_enter_timeout_ms+0x58>
200001f6:	f3bf 8f5f 	dmb	sy
200001fa:	7923      	ldrb	r3, [r4, #4]
200001fc:	6822      	ldr	r2, [r4, #0]
200001fe:	2b7f      	cmp	r3, #127	@ 0x7f
20000200:	d9e7      	bls.n	200001d2 <mutex_enter_timeout_ms+0x3a>
20000202:	4643      	mov	r3, r8
20000204:	7123      	strb	r3, [r4, #4]
20000206:	f3bf 8f5f 	dmb	sy
2000020a:	2300      	movs	r3, #0
2000020c:	6013      	str	r3, [r2, #0]
2000020e:	f381 8810 	msr	PRIMASK, r1
20000212:	2001      	movs	r0, #1
20000214:	bc80      	pop	{r7}
20000216:	46b8      	mov	r8, r7
20000218:	bdf0      	pop	{r4, r5, r6, r7, pc}
2000021a:	2000      	movs	r0, #0
2000021c:	e7fa      	b.n	20000214 <mutex_enter_timeout_ms+0x7c>
2000021e:	46c0      	nop			@ (mov r8, r8)
20000220:	7fffffff 	.word	0x7fffffff

20000224 <mutex_exit>:
20000224:	6802      	ldr	r2, [r0, #0]
20000226:	f3ef 8110 	mrs	r1, PRIMASK
2000022a:	b672      	cpsid	i
2000022c:	6813      	ldr	r3, [r2, #0]
2000022e:	2b00      	cmp	r3, #0
20000230:	d0fc      	beq.n	2000022c <mutex_exit+0x8>
20000232:	f3bf 8f5f 	dmb	sy
20000236:	23ff      	movs	r3, #255	@ 0xff
20000238:	7103      	strb	r3, [r0, #4]
2000023a:	6803      	ldr	r3, [r0, #0]
2000023c:	f3bf 8f5f 	dmb	sy
20000240:	2200      	movs	r2, #0
20000242:	601a      	str	r2, [r3, #0]
20000244:	f381 8810 	msr	PRIMASK, r1
20000248:	bf40      	sev
2000024a:	4770      	bx	lr

2000024c <flash_init_boot2_copyout>:
2000024c:	b510      	push	{r4, lr}
2000024e:	4c08      	ldr	r4, [pc, #32]	@ (20000270 <flash_init_boot2_copyout+0x24>)
20000250:	7823      	ldrb	r3, [r4, #0]
20000252:	2b00      	cmp	r3, #0
20000254:	d10a      	bne.n	2000026c <flash_init_boot2_copyout+0x20>
20000256:	2380      	movs	r3, #128	@ 0x80
20000258:	4806      	ldr	r0, [pc, #24]	@ (20000274 <flash_init_boot2_copyout+0x28>)
2000025a:	4907      	ldr	r1, [pc, #28]	@ (20000278 <flash_init_boot2_copyout+0x2c>)
2000025c:	055b      	lsls	r3, r3, #21
2000025e:	681a      	ldr	r2, [r3, #0]
20000260:	50c2      	str	r2, [r0, r3]
20000262:	3304      	adds	r3, #4
20000264:	428b      	cmp	r3, r1
20000266:	d1fa      	bne.n	2000025e <flash_init_boot2_copyout+0x12>
20000268:	2301      	movs	r3, #1
2000026a:	7023      	strb	r3, [r4, #0]
2000026c:	bd10      	pop	{r4, pc}
2000026e:	46c0      	nop			@ (mov r8, r8)
20000270:	2000256c 	.word	0x2000256c
20000274:	10001f68 	.word	0x10001f68
20000278:	10000100 	.word	0x10000100

2000027c <flash_enable_xip_via_boot2>:
2000027c:	b510      	push	{r4, lr}
2000027e:	4b01      	ldr	r3, [pc, #4]	@ (20000284 <flash_enable_xip_via_boot2+0x8>)
20000280:	4798      	blx	r3
20000282:	bd10      	pop	{r4, pc}
20000284:	20001f69 	.word	0x20001f69

20000288 <flash_cs_force.constprop.0>:
20000288:	4b03      	ldr	r3, [pc, #12]	@ (20000298 <flash_cs_force.constprop.0+0x10>)
2000028a:	681a      	ldr	r2, [r3, #0]
2000028c:	23c0      	movs	r3, #192	@ 0xc0
2000028e:	009b      	lsls	r3, r3, #2
20000290:	4393      	bics	r3, r2
20000292:	4a02      	ldr	r2, [pc, #8]	@ (2000029c <flash_cs_force.constprop.0+0x14>)
20000294:	6013      	str	r3, [r2, #0]
20000296:	4770      	bx	lr
20000298:	4001800c 	.word	0x4001800c
2000029c:	4001900c 	.word	0x4001900c

200002a0 <flash_cs_force.constprop.1>:
200002a0:	4b05      	ldr	r3, [pc, #20]	@ (200002b8 <flash_cs_force.constprop.1+0x18>)
200002a2:	681a      	ldr	r2, [r3, #0]
200002a4:	2380      	movs	r3, #128	@ 0x80
200002a6:	009b      	lsls	r3, r3, #2
200002a8:	4053      	eors	r3, r2
200002aa:	22c0      	movs	r2, #192	@ 0xc0
200002ac:	0092      	lsls	r2, r2, #2
200002ae:	4013      	ands	r3, r2
200002b0:	4a02      	ldr	r2, [pc, #8]	@ (200002bc <flash_cs_force.constprop.1+0x1c>)
200002b2:	6013      	str	r3, [r2, #0]
200002b4:	4770      	bx	lr
200002b6:	46c0      	nop			@ (mov r8, r8)
200002b8:	4001800c 	.word	0x4001800c
200002bc:	4001900c 	.word	0x4001900c

200002c0 <flash_do_cmd>:
200002c0:	2300      	movs	r3, #0
200002c2:	b5f0      	push	{r4, r5, r6, r7, lr}
200002c4:	46de      	mov	lr, fp
200002c6:	4657      	mov	r7, sl
200002c8:	464e      	mov	r6, r9
200002ca:	4645      	mov	r5, r8
200002cc:	469a      	mov	sl, r3
200002ce:	b5e0      	push	{r5, r6, r7, lr}
200002d0:	b083      	sub	sp, #12
200002d2:	9001      	str	r0, [sp, #4]
200002d4:	000e      	movs	r6, r1
200002d6:	8a98      	ldrh	r0, [r3, #20]
200002d8:	4942      	ldr	r1, [pc, #264]	@ (200003e4 <flash_do_cmd+0x124>)
200002da:	8b1b      	ldrh	r3, [r3, #24]
200002dc:	0014      	movs	r4, r2
200002de:	4798      	blx	r3
200002e0:	4653      	mov	r3, sl
200002e2:	4681      	mov	r9, r0
200002e4:	4940      	ldr	r1, [pc, #256]	@ (200003e8 <flash_do_cmd+0x128>)
200002e6:	8a98      	ldrh	r0, [r3, #20]
200002e8:	8b1b      	ldrh	r3, [r3, #24]
200002ea:	4798      	blx	r3
200002ec:	4653      	mov	r3, sl
200002ee:	493f      	ldr	r1, [pc, #252]	@ (200003ec <flash_do_cmd+0x12c>)
200002f0:	0005      	movs	r5, r0
200002f2:	8a98      	ldrh	r0, [r3, #20]
200002f4:	8b1b      	ldrh	r3, [r3, #24]
200002f6:	4798      	blx	r3
200002f8:	4680      	mov	r8, r0
200002fa:	f7ff ffa7 	bl	2000024c <flash_init_boot2_copyout>
200002fe:	47c8      	blx	r9
20000300:	47a8      	blx	r5
20000302:	f7ff ffcd 	bl	200002a0 <flash_cs_force.constprop.1>
20000306:	1e25      	subs	r5, r4, #0
20000308:	d022      	beq.n	20000350 <flash_do_cmd+0x90>
2000030a:	2308      	movs	r3, #8
2000030c:	21c0      	movs	r1, #192	@ 0xc0
2000030e:	469c      	mov	ip, r3
20000310:	2002      	movs	r0, #2
20000312:	0549      	lsls	r1, r1, #21
20000314:	4662      	mov	r2, ip
20000316:	6a8b      	ldr	r3, [r1, #40]	@ 0x28
20000318:	401a      	ands	r2, r3
2000031a:	4218      	tst	r0, r3
2000031c:	d03c      	beq.n	20000398 <flash_do_cmd+0xd8>
2000031e:	1b63      	subs	r3, r4, r5
20000320:	2d00      	cmp	r5, #0
20000322:	d12c      	bne.n	2000037e <flash_do_cmd+0xbe>
20000324:	2a00      	cmp	r2, #0
20000326:	d111      	bne.n	2000034c <flash_do_cmd+0x8c>
20000328:	2c00      	cmp	r4, #0
2000032a:	d011      	beq.n	20000350 <flash_do_cmd+0x90>
2000032c:	23c0      	movs	r3, #192	@ 0xc0
2000032e:	055b      	lsls	r3, r3, #21
20000330:	469b      	mov	fp, r3
20000332:	2302      	movs	r3, #2
20000334:	469a      	mov	sl, r3
20000336:	3306      	adds	r3, #6
20000338:	4699      	mov	r9, r3
2000033a:	465b      	mov	r3, fp
2000033c:	464a      	mov	r2, r9
2000033e:	4657      	mov	r7, sl
20000340:	6a9b      	ldr	r3, [r3, #40]	@ 0x28
20000342:	401a      	ands	r2, r3
20000344:	421f      	tst	r7, r3
20000346:	d03f      	beq.n	200003c8 <flash_do_cmd+0x108>
20000348:	2a00      	cmp	r2, #0
2000034a:	d0f6      	beq.n	2000033a <flash_do_cmd+0x7a>
2000034c:	2c00      	cmp	r4, #0
2000034e:	d12d      	bne.n	200003ac <flash_do_cmd+0xec>
20000350:	f7ff ff9a 	bl	20000288 <flash_cs_force.constprop.0>
20000354:	47c0      	blx	r8
20000356:	f7ff ff91 	bl	2000027c <flash_enable_xip_via_boot2>
2000035a:	b003      	add	sp, #12
2000035c:	bcf0      	pop	{r4, r5, r6, r7}
2000035e:	46bb      	mov	fp, r7
20000360:	46b2      	mov	sl, r6
20000362:	46a9      	mov	r9, r5
20000364:	46a0      	mov	r8, r4
20000366:	bdf0      	pop	{r4, r5, r6, r7, pc}
20000368:	2c00      	cmp	r4, #0
2000036a:	d12f      	bne.n	200003cc <flash_do_cmd+0x10c>
2000036c:	22c0      	movs	r2, #192	@ 0xc0
2000036e:	0552      	lsls	r2, r2, #21
20000370:	6a92      	ldr	r2, [r2, #40]	@ 0x28
20000372:	4691      	mov	r9, r2
20000374:	2208      	movs	r2, #8
20000376:	464f      	mov	r7, r9
20000378:	403a      	ands	r2, r7
2000037a:	07bf      	lsls	r7, r7, #30
2000037c:	d52d      	bpl.n	200003da <flash_do_cmd+0x11a>
2000037e:	2b0d      	cmp	r3, #13
20000380:	d91b      	bls.n	200003ba <flash_do_cmd+0xfa>
20000382:	2a00      	cmp	r2, #0
20000384:	d1f0      	bne.n	20000368 <flash_do_cmd+0xa8>
20000386:	22c0      	movs	r2, #192	@ 0xc0
20000388:	0552      	lsls	r2, r2, #21
2000038a:	6a92      	ldr	r2, [r2, #40]	@ 0x28
2000038c:	4691      	mov	r9, r2
2000038e:	2208      	movs	r2, #8
20000390:	464f      	mov	r7, r9
20000392:	403a      	ands	r2, r7
20000394:	07bf      	lsls	r7, r7, #30
20000396:	d4f2      	bmi.n	2000037e <flash_do_cmd+0xbe>
20000398:	2a00      	cmp	r2, #0
2000039a:	d104      	bne.n	200003a6 <flash_do_cmd+0xe6>
2000039c:	002b      	movs	r3, r5
2000039e:	4323      	orrs	r3, r4
200003a0:	2b00      	cmp	r3, #0
200003a2:	d1b7      	bne.n	20000314 <flash_do_cmd+0x54>
200003a4:	e7d4      	b.n	20000350 <flash_do_cmd+0x90>
200003a6:	002b      	movs	r3, r5
200003a8:	2c00      	cmp	r4, #0
200003aa:	d0f9      	beq.n	200003a0 <flash_do_cmd+0xe0>
200003ac:	6e0b      	ldr	r3, [r1, #96]	@ 0x60
200003ae:	3c01      	subs	r4, #1
200003b0:	7033      	strb	r3, [r6, #0]
200003b2:	0023      	movs	r3, r4
200003b4:	3601      	adds	r6, #1
200003b6:	432b      	orrs	r3, r5
200003b8:	e7f2      	b.n	200003a0 <flash_do_cmd+0xe0>
200003ba:	9f01      	ldr	r7, [sp, #4]
200003bc:	3d01      	subs	r5, #1
200003be:	783b      	ldrb	r3, [r7, #0]
200003c0:	3701      	adds	r7, #1
200003c2:	660b      	str	r3, [r1, #96]	@ 0x60
200003c4:	9701      	str	r7, [sp, #4]
200003c6:	e7e7      	b.n	20000398 <flash_do_cmd+0xd8>
200003c8:	2500      	movs	r5, #0
200003ca:	e7e5      	b.n	20000398 <flash_do_cmd+0xd8>
200003cc:	23c0      	movs	r3, #192	@ 0xc0
200003ce:	055b      	lsls	r3, r3, #21
200003d0:	6e1b      	ldr	r3, [r3, #96]	@ 0x60
200003d2:	3c01      	subs	r4, #1
200003d4:	7033      	strb	r3, [r6, #0]
200003d6:	3601      	adds	r6, #1
200003d8:	e79c      	b.n	20000314 <flash_do_cmd+0x54>
200003da:	002b      	movs	r3, r5
200003dc:	2a00      	cmp	r2, #0
200003de:	d1df      	bne.n	200003a0 <flash_do_cmd+0xe0>
200003e0:	e7dc      	b.n	2000039c <flash_do_cmd+0xdc>
200003e2:	46c0      	nop			@ (mov r8, r8)
200003e4:	00004649 	.word	0x00004649
200003e8:	00005845 	.word	0x00005845
200003ec:	00004346 	.word	0x00004346

200003f0 <reset_non_control_endpoints>:
200003f0:	2200      	movs	r2, #0
200003f2:	4b15      	ldr	r3, [pc, #84]	@ (20000448 <reset_non_control_endpoints+0x58>)
200003f4:	b510      	push	{r4, lr}
200003f6:	609a      	str	r2, [r3, #8]
200003f8:	60da      	str	r2, [r3, #12]
200003fa:	611a      	str	r2, [r3, #16]
200003fc:	615a      	str	r2, [r3, #20]
200003fe:	619a      	str	r2, [r3, #24]
20000400:	61da      	str	r2, [r3, #28]
20000402:	621a      	str	r2, [r3, #32]
20000404:	625a      	str	r2, [r3, #36]	@ 0x24
20000406:	629a      	str	r2, [r3, #40]	@ 0x28
20000408:	62da      	str	r2, [r3, #44]	@ 0x2c
2000040a:	631a      	str	r2, [r3, #48]	@ 0x30
2000040c:	635a      	str	r2, [r3, #52]	@ 0x34
2000040e:	639a      	str	r2, [r3, #56]	@ 0x38
20000410:	63da      	str	r2, [r3, #60]	@ 0x3c
20000412:	641a      	str	r2, [r3, #64]	@ 0x40
20000414:	645a      	str	r2, [r3, #68]	@ 0x44
20000416:	649a      	str	r2, [r3, #72]	@ 0x48
20000418:	64da      	str	r2, [r3, #76]	@ 0x4c
2000041a:	651a      	str	r2, [r3, #80]	@ 0x50
2000041c:	655a      	str	r2, [r3, #84]	@ 0x54
2000041e:	659a      	str	r2, [r3, #88]	@ 0x58
20000420:	65da      	str	r2, [r3, #92]	@ 0x5c
20000422:	661a      	str	r2, [r3, #96]	@ 0x60
20000424:	665a      	str	r2, [r3, #100]	@ 0x64
20000426:	669a      	str	r2, [r3, #104]	@ 0x68
20000428:	66da      	str	r2, [r3, #108]	@ 0x6c
2000042a:	671a      	str	r2, [r3, #112]	@ 0x70
2000042c:	675a      	str	r2, [r3, #116]	@ 0x74
2000042e:	679a      	str	r2, [r3, #120]	@ 0x78
20000430:	67da      	str	r2, [r3, #124]	@ 0x7c
20000432:	32f0      	adds	r2, #240	@ 0xf0
20000434:	0092      	lsls	r2, r2, #2
20000436:	2100      	movs	r1, #0
20000438:	4804      	ldr	r0, [pc, #16]	@ (2000044c <reset_non_control_endpoints+0x5c>)
2000043a:	f000 fdcd 	bl	20000fd8 <____wrap_memset_veneer>
2000043e:	4b04      	ldr	r3, [pc, #16]	@ (20000450 <reset_non_control_endpoints+0x60>)
20000440:	4a04      	ldr	r2, [pc, #16]	@ (20000454 <reset_non_control_endpoints+0x64>)
20000442:	601a      	str	r2, [r3, #0]
20000444:	bd10      	pop	{r4, pc}
20000446:	46c0      	nop			@ (mov r8, r8)
20000448:	50100000 	.word	0x50100000
2000044c:	20002124 	.word	0x20002124
20000450:	200024fc 	.word	0x200024fc
20000454:	50100180 	.word	0x50100180

20000458 <hw_handle_buff_status>:
20000458:	b5f0      	push	{r4, r5, r6, r7, lr}
2000045a:	464e      	mov	r6, r9
2000045c:	4645      	mov	r5, r8
2000045e:	46de      	mov	lr, fp
20000460:	4657      	mov	r7, sl
20000462:	b5e0      	push	{r5, r6, r7, lr}
20000464:	4b21      	ldr	r3, [pc, #132]	@ (200004ec <hw_handle_buff_status+0x94>)
20000466:	2400      	movs	r4, #0
20000468:	6d9e      	ldr	r6, [r3, #88]	@ 0x58
2000046a:	2501      	movs	r5, #1
2000046c:	b085      	sub	sp, #20
2000046e:	2e00      	cmp	r6, #0
20000470:	d022      	beq.n	200004b8 <hw_handle_buff_status+0x60>
20000472:	4b1f      	ldr	r3, [pc, #124]	@ (200004f0 <hw_handle_buff_status+0x98>)
20000474:	469a      	mov	sl, r3
20000476:	2301      	movs	r3, #1
20000478:	4699      	mov	r9, r3
2000047a:	4b1e      	ldr	r3, [pc, #120]	@ (200004f4 <hw_handle_buff_status+0x9c>)
2000047c:	4698      	mov	r8, r3
2000047e:	e001      	b.n	20000484 <hw_handle_buff_status+0x2c>
20000480:	2c20      	cmp	r4, #32
20000482:	d019      	beq.n	200004b8 <hw_handle_buff_status+0x60>
20000484:	002a      	movs	r2, r5
20000486:	0023      	movs	r3, r4
20000488:	3401      	adds	r4, #1
2000048a:	002f      	movs	r7, r5
2000048c:	4032      	ands	r2, r6
2000048e:	b2e4      	uxtb	r4, r4
20000490:	006d      	lsls	r5, r5, #1
20000492:	2a00      	cmp	r2, #0
20000494:	d0f4      	beq.n	20000480 <hw_handle_buff_status+0x28>
20000496:	4652      	mov	r2, sl
20000498:	6597      	str	r7, [r2, #88]	@ 0x58
2000049a:	464a      	mov	r2, r9
2000049c:	085b      	lsrs	r3, r3, #1
2000049e:	005b      	lsls	r3, r3, #1
200004a0:	4022      	ands	r2, r4
200004a2:	189b      	adds	r3, r3, r2
200004a4:	015b      	lsls	r3, r3, #5
200004a6:	4443      	add	r3, r8
200004a8:	0018      	movs	r0, r3
200004aa:	469b      	mov	fp, r3
200004ac:	f000 fc1e 	bl	20000cec <hw_endpoint_xfer_continue>
200004b0:	2800      	cmp	r0, #0
200004b2:	d108      	bne.n	200004c6 <hw_handle_buff_status+0x6e>
200004b4:	43be      	bics	r6, r7
200004b6:	d1e3      	bne.n	20000480 <hw_handle_buff_status+0x28>
200004b8:	b005      	add	sp, #20
200004ba:	bcf0      	pop	{r4, r5, r6, r7}
200004bc:	46bb      	mov	fp, r7
200004be:	46b2      	mov	sl, r6
200004c0:	46a9      	mov	r9, r5
200004c2:	46a0      	mov	r8, r4
200004c4:	bdf0      	pop	{r4, r5, r6, r7, pc}
200004c6:	465b      	mov	r3, fp
200004c8:	21e0      	movs	r1, #224	@ 0xe0
200004ca:	789a      	ldrb	r2, [r3, #2]
200004cc:	8adb      	ldrh	r3, [r3, #22]
200004ce:	a801      	add	r0, sp, #4
200004d0:	6083      	str	r3, [r0, #8]
200004d2:	2300      	movs	r3, #0
200004d4:	00c9      	lsls	r1, r1, #3
200004d6:	8001      	strh	r1, [r0, #0]
200004d8:	2101      	movs	r1, #1
200004da:	7102      	strb	r2, [r0, #4]
200004dc:	7143      	strb	r3, [r0, #5]
200004de:	f000 fc25 	bl	20000d2c <dcd_event_handler>
200004e2:	4658      	mov	r0, fp
200004e4:	f000 fba0 	bl	20000c28 <hw_endpoint_reset_transfer>
200004e8:	e7e4      	b.n	200004b4 <hw_handle_buff_status+0x5c>
200004ea:	46c0      	nop			@ (mov r8, r8)
200004ec:	50110000 	.word	0x50110000
200004f0:	50113000 	.word	0x50113000
200004f4:	200020e4 	.word	0x200020e4

200004f8 <dcd_rp2040_irq>:
200004f8:	2398      	movs	r3, #152	@ 0x98
200004fa:	b5f0      	push	{r4, r5, r6, r7, lr}
200004fc:	46c6      	mov	lr, r8
200004fe:	4ac8      	ldr	r2, [pc, #800]	@ (20000820 <dcd_rp2040_irq+0x328>)
20000500:	b500      	push	{lr}
20000502:	58d5      	ldr	r5, [r2, r3]
20000504:	2380      	movs	r3, #128	@ 0x80
20000506:	002e      	movs	r6, r5
20000508:	029b      	lsls	r3, r3, #10
2000050a:	2410      	movs	r4, #16
2000050c:	b084      	sub	sp, #16
2000050e:	401e      	ands	r6, r3
20000510:	421d      	tst	r5, r3
20000512:	d074      	beq.n	200005fe <dcd_rp2040_irq+0x106>
20000514:	4bc3      	ldr	r3, [pc, #780]	@ (20000824 <dcd_rp2040_irq+0x32c>)
20000516:	4cc4      	ldr	r4, [pc, #784]	@ (20000828 <dcd_rp2040_irq+0x330>)
20000518:	6a9a      	ldr	r2, [r3, #40]	@ 0x28
2000051a:	4bc4      	ldr	r3, [pc, #784]	@ (2000082c <dcd_rp2040_irq+0x334>)
2000051c:	2600      	movs	r6, #0
2000051e:	601a      	str	r2, [r3, #0]
20000520:	233b      	movs	r3, #59	@ 0x3b
20000522:	5ce3      	ldrb	r3, [r4, r3]
20000524:	2b02      	cmp	r3, #2
20000526:	d100      	bne.n	2000052a <dcd_rp2040_irq+0x32>
20000528:	e14f      	b.n	200007ca <dcd_rp2040_irq+0x2d2>
2000052a:	237b      	movs	r3, #123	@ 0x7b
2000052c:	5ce3      	ldrb	r3, [r4, r3]
2000052e:	2b02      	cmp	r3, #2
20000530:	d100      	bne.n	20000534 <dcd_rp2040_irq+0x3c>
20000532:	e0f3      	b.n	2000071c <dcd_rp2040_irq+0x224>
20000534:	23bb      	movs	r3, #187	@ 0xbb
20000536:	5ce3      	ldrb	r3, [r4, r3]
20000538:	2b02      	cmp	r3, #2
2000053a:	d100      	bne.n	2000053e <dcd_rp2040_irq+0x46>
2000053c:	e0fa      	b.n	20000734 <dcd_rp2040_irq+0x23c>
2000053e:	23fb      	movs	r3, #251	@ 0xfb
20000540:	5ce3      	ldrb	r3, [r4, r3]
20000542:	2b02      	cmp	r3, #2
20000544:	d100      	bne.n	20000548 <dcd_rp2040_irq+0x50>
20000546:	e101      	b.n	2000074c <dcd_rp2040_irq+0x254>
20000548:	233c      	movs	r3, #60	@ 0x3c
2000054a:	33ff      	adds	r3, #255	@ 0xff
2000054c:	5ce3      	ldrb	r3, [r4, r3]
2000054e:	2b02      	cmp	r3, #2
20000550:	d100      	bne.n	20000554 <dcd_rp2040_irq+0x5c>
20000552:	e12d      	b.n	200007b0 <dcd_rp2040_irq+0x2b8>
20000554:	237c      	movs	r3, #124	@ 0x7c
20000556:	33ff      	adds	r3, #255	@ 0xff
20000558:	5ce3      	ldrb	r3, [r4, r3]
2000055a:	2b02      	cmp	r3, #2
2000055c:	d100      	bne.n	20000560 <dcd_rp2040_irq+0x68>
2000055e:	e10e      	b.n	2000077e <dcd_rp2040_irq+0x286>
20000560:	23bc      	movs	r3, #188	@ 0xbc
20000562:	33ff      	adds	r3, #255	@ 0xff
20000564:	5ce3      	ldrb	r3, [r4, r3]
20000566:	2b02      	cmp	r3, #2
20000568:	d100      	bne.n	2000056c <dcd_rp2040_irq+0x74>
2000056a:	e13f      	b.n	200007ec <dcd_rp2040_irq+0x2f4>
2000056c:	23fc      	movs	r3, #252	@ 0xfc
2000056e:	33ff      	adds	r3, #255	@ 0xff
20000570:	5ce3      	ldrb	r3, [r4, r3]
20000572:	2b02      	cmp	r3, #2
20000574:	d100      	bne.n	20000578 <dcd_rp2040_irq+0x80>
20000576:	e0f5      	b.n	20000764 <dcd_rp2040_irq+0x26c>
20000578:	4bad      	ldr	r3, [pc, #692]	@ (20000830 <dcd_rp2040_irq+0x338>)
2000057a:	5ce3      	ldrb	r3, [r4, r3]
2000057c:	2b02      	cmp	r3, #2
2000057e:	d100      	bne.n	20000582 <dcd_rp2040_irq+0x8a>
20000580:	e174      	b.n	2000086c <dcd_rp2040_irq+0x374>
20000582:	4bac      	ldr	r3, [pc, #688]	@ (20000834 <dcd_rp2040_irq+0x33c>)
20000584:	5ce3      	ldrb	r3, [r4, r3]
20000586:	2b02      	cmp	r3, #2
20000588:	d100      	bne.n	2000058c <dcd_rp2040_irq+0x94>
2000058a:	e105      	b.n	20000798 <dcd_rp2040_irq+0x2a0>
2000058c:	4baa      	ldr	r3, [pc, #680]	@ (20000838 <dcd_rp2040_irq+0x340>)
2000058e:	5ce3      	ldrb	r3, [r4, r3]
20000590:	2b02      	cmp	r3, #2
20000592:	d100      	bne.n	20000596 <dcd_rp2040_irq+0x9e>
20000594:	e175      	b.n	20000882 <dcd_rp2040_irq+0x38a>
20000596:	4ba9      	ldr	r3, [pc, #676]	@ (2000083c <dcd_rp2040_irq+0x344>)
20000598:	5ce3      	ldrb	r3, [r4, r3]
2000059a:	2b02      	cmp	r3, #2
2000059c:	d100      	bne.n	200005a0 <dcd_rp2040_irq+0xa8>
2000059e:	e132      	b.n	20000806 <dcd_rp2040_irq+0x30e>
200005a0:	4ba7      	ldr	r3, [pc, #668]	@ (20000840 <dcd_rp2040_irq+0x348>)
200005a2:	5ce3      	ldrb	r3, [r4, r3]
200005a4:	2b02      	cmp	r3, #2
200005a6:	d100      	bne.n	200005aa <dcd_rp2040_irq+0xb2>
200005a8:	e1a0      	b.n	200008ec <dcd_rp2040_irq+0x3f4>
200005aa:	4ba6      	ldr	r3, [pc, #664]	@ (20000844 <dcd_rp2040_irq+0x34c>)
200005ac:	5ce3      	ldrb	r3, [r4, r3]
200005ae:	2b02      	cmp	r3, #2
200005b0:	d100      	bne.n	200005b4 <dcd_rp2040_irq+0xbc>
200005b2:	e171      	b.n	20000898 <dcd_rp2040_irq+0x3a0>
200005b4:	4ba4      	ldr	r3, [pc, #656]	@ (20000848 <dcd_rp2040_irq+0x350>)
200005b6:	5ce3      	ldrb	r3, [r4, r3]
200005b8:	2b02      	cmp	r3, #2
200005ba:	d100      	bne.n	200005be <dcd_rp2040_irq+0xc6>
200005bc:	e1a1      	b.n	20000902 <dcd_rp2040_irq+0x40a>
200005be:	4ba3      	ldr	r3, [pc, #652]	@ (2000084c <dcd_rp2040_irq+0x354>)
200005c0:	5ce3      	ldrb	r3, [r4, r3]
200005c2:	2b02      	cmp	r3, #2
200005c4:	d100      	bne.n	200005c8 <dcd_rp2040_irq+0xd0>
200005c6:	e17f      	b.n	200008c8 <dcd_rp2040_irq+0x3d0>
200005c8:	2e00      	cmp	r6, #0
200005ca:	d108      	bne.n	200005de <dcd_rp2040_irq+0xe6>
200005cc:	4ba0      	ldr	r3, [pc, #640]	@ (20000850 <dcd_rp2040_irq+0x358>)
200005ce:	781b      	ldrb	r3, [r3, #0]
200005d0:	2b00      	cmp	r3, #0
200005d2:	d104      	bne.n	200005de <dcd_rp2040_irq+0xe6>
200005d4:	2180      	movs	r1, #128	@ 0x80
200005d6:	4a9f      	ldr	r2, [pc, #636]	@ (20000854 <dcd_rp2040_irq+0x35c>)
200005d8:	3390      	adds	r3, #144	@ 0x90
200005da:	0289      	lsls	r1, r1, #10
200005dc:	50d1      	str	r1, [r2, r3]
200005de:	22c0      	movs	r2, #192	@ 0xc0
200005e0:	4669      	mov	r1, sp
200005e2:	4b8f      	ldr	r3, [pc, #572]	@ (20000820 <dcd_rp2040_irq+0x328>)
200005e4:	0092      	lsls	r2, r2, #2
200005e6:	6c9b      	ldr	r3, [r3, #72]	@ 0x48
200005e8:	2680      	movs	r6, #128	@ 0x80
200005ea:	055b      	lsls	r3, r3, #21
200005ec:	808a      	strh	r2, [r1, #4]
200005ee:	0d5b      	lsrs	r3, r3, #21
200005f0:	2101      	movs	r1, #1
200005f2:	a801      	add	r0, sp, #4
200005f4:	9302      	str	r3, [sp, #8]
200005f6:	f000 fb99 	bl	20000d2c <dcd_event_handler>
200005fa:	4c97      	ldr	r4, [pc, #604]	@ (20000858 <dcd_rp2040_irq+0x360>)
200005fc:	02b6      	lsls	r6, r6, #10
200005fe:	06eb      	lsls	r3, r5, #27
20000600:	d500      	bpl.n	20000604 <dcd_rp2040_irq+0x10c>
20000602:	e07f      	b.n	20000704 <dcd_rp2040_irq+0x20c>
20000604:	2380      	movs	r3, #128	@ 0x80
20000606:	025b      	lsls	r3, r3, #9
20000608:	421d      	tst	r5, r3
2000060a:	d031      	beq.n	20000670 <dcd_rp2040_irq+0x178>
2000060c:	431e      	orrs	r6, r3
2000060e:	2301      	movs	r3, #1
20000610:	2402      	movs	r4, #2
20000612:	4698      	mov	r8, r3
20000614:	4f84      	ldr	r7, [pc, #528]	@ (20000828 <dcd_rp2040_irq+0x330>)
20000616:	7ebb      	ldrb	r3, [r7, #26]
20000618:	2b00      	cmp	r3, #0
2000061a:	d014      	beq.n	20000646 <dcd_rp2040_irq+0x14e>
2000061c:	f000 fcf4 	bl	20001008 <__rp2040_chip_version_veneer>
20000620:	2801      	cmp	r0, #1
20000622:	d900      	bls.n	20000626 <dcd_rp2040_irq+0x12e>
20000624:	e072      	b.n	2000070c <dcd_rp2040_irq+0x214>
20000626:	22c0      	movs	r2, #192	@ 0xc0
20000628:	2100      	movs	r1, #0
2000062a:	0038      	movs	r0, r7
2000062c:	0192      	lsls	r2, r2, #6
2000062e:	f000 fb01 	bl	20000c34 <_hw_endpoint_buffer_control_update32>
20000632:	0038      	movs	r0, r7
20000634:	f000 faf8 	bl	20000c28 <hw_endpoint_reset_transfer>
20000638:	f000 fce6 	bl	20001008 <__rp2040_chip_version_veneer>
2000063c:	2801      	cmp	r0, #1
2000063e:	d902      	bls.n	20000646 <dcd_rp2040_irq+0x14e>
20000640:	4b84      	ldr	r3, [pc, #528]	@ (20000854 <dcd_rp2040_irq+0x35c>)
20000642:	665c      	str	r4, [r3, #100]	@ 0x64
20000644:	661c      	str	r4, [r3, #96]	@ 0x60
20000646:	4643      	mov	r3, r8
20000648:	70fb      	strb	r3, [r7, #3]
2000064a:	3720      	adds	r7, #32
2000064c:	2c01      	cmp	r4, #1
2000064e:	d122      	bne.n	20000696 <dcd_rp2040_irq+0x19e>
20000650:	23c0      	movs	r3, #192	@ 0xc0
20000652:	466a      	mov	r2, sp
20000654:	00db      	lsls	r3, r3, #3
20000656:	8093      	strh	r3, [r2, #4]
20000658:	4a80      	ldr	r2, [pc, #512]	@ (2000085c <dcd_rp2040_irq+0x364>)
2000065a:	ab02      	add	r3, sp, #8
2000065c:	ca03      	ldmia	r2!, {r0, r1}
2000065e:	c303      	stmia	r3!, {r0, r1}
20000660:	2101      	movs	r1, #1
20000662:	a801      	add	r0, sp, #4
20000664:	f000 fb62 	bl	20000d2c <dcd_event_handler>
20000668:	2280      	movs	r2, #128	@ 0x80
2000066a:	4b7a      	ldr	r3, [pc, #488]	@ (20000854 <dcd_rp2040_irq+0x35c>)
2000066c:	0292      	lsls	r2, r2, #10
2000066e:	651a      	str	r2, [r3, #80]	@ 0x50
20000670:	2380      	movs	r3, #128	@ 0x80
20000672:	015b      	lsls	r3, r3, #5
20000674:	421d      	tst	r5, r3
20000676:	d110      	bne.n	2000069a <dcd_rp2040_irq+0x1a2>
20000678:	2380      	movs	r3, #128	@ 0x80
2000067a:	01db      	lsls	r3, r3, #7
2000067c:	421d      	tst	r5, r3
2000067e:	d123      	bne.n	200006c8 <dcd_rp2040_irq+0x1d0>
20000680:	2380      	movs	r3, #128	@ 0x80
20000682:	021b      	lsls	r3, r3, #8
20000684:	421d      	tst	r5, r3
20000686:	d12f      	bne.n	200006e8 <dcd_rp2040_irq+0x1f0>
20000688:	42ae      	cmp	r6, r5
2000068a:	d000      	beq.n	2000068e <dcd_rp2040_irq+0x196>
2000068c:	e1c0      	b.n	20000a10 <dcd_rp2040_irq+0x518>
2000068e:	b004      	add	sp, #16
20000690:	bc80      	pop	{r7}
20000692:	46b8      	mov	r8, r7
20000694:	bdf0      	pop	{r4, r5, r6, r7, pc}
20000696:	2401      	movs	r4, #1
20000698:	e7bd      	b.n	20000616 <dcd_rp2040_irq+0x11e>
2000069a:	2400      	movs	r4, #0
2000069c:	431e      	orrs	r6, r3
2000069e:	4b60      	ldr	r3, [pc, #384]	@ (20000820 <dcd_rp2040_irq+0x328>)
200006a0:	601c      	str	r4, [r3, #0]
200006a2:	f7ff fea5 	bl	200003f0 <reset_non_control_endpoints>
200006a6:	2380      	movs	r3, #128	@ 0x80
200006a8:	466a      	mov	r2, sp
200006aa:	005b      	lsls	r3, r3, #1
200006ac:	8093      	strh	r3, [r2, #4]
200006ae:	7214      	strb	r4, [r2, #8]
200006b0:	2101      	movs	r1, #1
200006b2:	a801      	add	r0, sp, #4
200006b4:	f000 fb3a 	bl	20000d2c <dcd_event_handler>
200006b8:	2280      	movs	r2, #128	@ 0x80
200006ba:	4b66      	ldr	r3, [pc, #408]	@ (20000854 <dcd_rp2040_irq+0x35c>)
200006bc:	0312      	lsls	r2, r2, #12
200006be:	651a      	str	r2, [r3, #80]	@ 0x50
200006c0:	2380      	movs	r3, #128	@ 0x80
200006c2:	01db      	lsls	r3, r3, #7
200006c4:	421d      	tst	r5, r3
200006c6:	d0db      	beq.n	20000680 <dcd_rp2040_irq+0x188>
200006c8:	431e      	orrs	r6, r3
200006ca:	2380      	movs	r3, #128	@ 0x80
200006cc:	466a      	mov	r2, sp
200006ce:	00db      	lsls	r3, r3, #3
200006d0:	8093      	strh	r3, [r2, #4]
200006d2:	2101      	movs	r1, #1
200006d4:	a801      	add	r0, sp, #4
200006d6:	f000 fb29 	bl	20000d2c <dcd_event_handler>
200006da:	2210      	movs	r2, #16
200006dc:	4b5d      	ldr	r3, [pc, #372]	@ (20000854 <dcd_rp2040_irq+0x35c>)
200006de:	651a      	str	r2, [r3, #80]	@ 0x50
200006e0:	2380      	movs	r3, #128	@ 0x80
200006e2:	021b      	lsls	r3, r3, #8
200006e4:	421d      	tst	r5, r3
200006e6:	d0cf      	beq.n	20000688 <dcd_rp2040_irq+0x190>
200006e8:	431e      	orrs	r6, r3
200006ea:	23a0      	movs	r3, #160	@ 0xa0
200006ec:	466a      	mov	r2, sp
200006ee:	00db      	lsls	r3, r3, #3
200006f0:	8093      	strh	r3, [r2, #4]
200006f2:	2101      	movs	r1, #1
200006f4:	a801      	add	r0, sp, #4
200006f6:	f000 fb19 	bl	20000d2c <dcd_event_handler>
200006fa:	2280      	movs	r2, #128	@ 0x80
200006fc:	4b55      	ldr	r3, [pc, #340]	@ (20000854 <dcd_rp2040_irq+0x35c>)
200006fe:	0112      	lsls	r2, r2, #4
20000700:	651a      	str	r2, [r3, #80]	@ 0x50
20000702:	e7c1      	b.n	20000688 <dcd_rp2040_irq+0x190>
20000704:	f7ff fea8 	bl	20000458 <hw_handle_buff_status>
20000708:	0026      	movs	r6, r4
2000070a:	e77b      	b.n	20000604 <dcd_rp2040_irq+0x10c>
2000070c:	4b54      	ldr	r3, [pc, #336]	@ (20000860 <dcd_rp2040_irq+0x368>)
2000070e:	4a44      	ldr	r2, [pc, #272]	@ (20000820 <dcd_rp2040_irq+0x328>)
20000710:	661c      	str	r4, [r3, #96]	@ 0x60
20000712:	6e53      	ldr	r3, [r2, #100]	@ 0x64
20000714:	4023      	ands	r3, r4
20000716:	42a3      	cmp	r3, r4
20000718:	d1fb      	bne.n	20000712 <dcd_rp2040_irq+0x21a>
2000071a:	e784      	b.n	20000626 <dcd_rp2040_irq+0x12e>
2000071c:	3378      	adds	r3, #120	@ 0x78
2000071e:	5ce7      	ldrb	r7, [r4, r3]
20000720:	2f00      	cmp	r7, #0
20000722:	d100      	bne.n	20000726 <dcd_rp2040_irq+0x22e>
20000724:	e706      	b.n	20000534 <dcd_rp2040_irq+0x3c>
20000726:	3302      	adds	r3, #2
20000728:	5ce2      	ldrb	r2, [r4, r3]
2000072a:	2a00      	cmp	r2, #0
2000072c:	d000      	beq.n	20000730 <dcd_rp2040_irq+0x238>
2000072e:	e10d      	b.n	2000094c <dcd_rp2040_irq+0x454>
20000730:	003e      	movs	r6, r7
20000732:	e6ff      	b.n	20000534 <dcd_rp2040_irq+0x3c>
20000734:	33b8      	adds	r3, #184	@ 0xb8
20000736:	5ce7      	ldrb	r7, [r4, r3]
20000738:	2f00      	cmp	r7, #0
2000073a:	d100      	bne.n	2000073e <dcd_rp2040_irq+0x246>
2000073c:	e6ff      	b.n	2000053e <dcd_rp2040_irq+0x46>
2000073e:	3302      	adds	r3, #2
20000740:	5ce2      	ldrb	r2, [r4, r3]
20000742:	2a00      	cmp	r2, #0
20000744:	d000      	beq.n	20000748 <dcd_rp2040_irq+0x250>
20000746:	e0f9      	b.n	2000093c <dcd_rp2040_irq+0x444>
20000748:	003e      	movs	r6, r7
2000074a:	e6f8      	b.n	2000053e <dcd_rp2040_irq+0x46>
2000074c:	33f8      	adds	r3, #248	@ 0xf8
2000074e:	5ce7      	ldrb	r7, [r4, r3]
20000750:	2f00      	cmp	r7, #0
20000752:	d100      	bne.n	20000756 <dcd_rp2040_irq+0x25e>
20000754:	e6f8      	b.n	20000548 <dcd_rp2040_irq+0x50>
20000756:	3302      	adds	r3, #2
20000758:	5ce2      	ldrb	r2, [r4, r3]
2000075a:	2a00      	cmp	r2, #0
2000075c:	d000      	beq.n	20000760 <dcd_rp2040_irq+0x268>
2000075e:	e141      	b.n	200009e4 <dcd_rp2040_irq+0x4ec>
20000760:	003e      	movs	r6, r7
20000762:	e6f1      	b.n	20000548 <dcd_rp2040_irq+0x50>
20000764:	33f9      	adds	r3, #249	@ 0xf9
20000766:	33ff      	adds	r3, #255	@ 0xff
20000768:	5ce7      	ldrb	r7, [r4, r3]
2000076a:	2f00      	cmp	r7, #0
2000076c:	d100      	bne.n	20000770 <dcd_rp2040_irq+0x278>
2000076e:	e703      	b.n	20000578 <dcd_rp2040_irq+0x80>
20000770:	3302      	adds	r3, #2
20000772:	5ce2      	ldrb	r2, [r4, r3]
20000774:	2a00      	cmp	r2, #0
20000776:	d000      	beq.n	2000077a <dcd_rp2040_irq+0x282>
20000778:	e12b      	b.n	200009d2 <dcd_rp2040_irq+0x4da>
2000077a:	003e      	movs	r6, r7
2000077c:	e6fc      	b.n	20000578 <dcd_rp2040_irq+0x80>
2000077e:	3379      	adds	r3, #121	@ 0x79
20000780:	33ff      	adds	r3, #255	@ 0xff
20000782:	5ce7      	ldrb	r7, [r4, r3]
20000784:	2f00      	cmp	r7, #0
20000786:	d100      	bne.n	2000078a <dcd_rp2040_irq+0x292>
20000788:	e6ea      	b.n	20000560 <dcd_rp2040_irq+0x68>
2000078a:	3302      	adds	r3, #2
2000078c:	5ce2      	ldrb	r2, [r4, r3]
2000078e:	2a00      	cmp	r2, #0
20000790:	d000      	beq.n	20000794 <dcd_rp2040_irq+0x29c>
20000792:	e115      	b.n	200009c0 <dcd_rp2040_irq+0x4c8>
20000794:	003e      	movs	r6, r7
20000796:	e6e3      	b.n	20000560 <dcd_rp2040_irq+0x68>
20000798:	4b32      	ldr	r3, [pc, #200]	@ (20000864 <dcd_rp2040_irq+0x36c>)
2000079a:	5ce7      	ldrb	r7, [r4, r3]
2000079c:	2f00      	cmp	r7, #0
2000079e:	d100      	bne.n	200007a2 <dcd_rp2040_irq+0x2aa>
200007a0:	e6f4      	b.n	2000058c <dcd_rp2040_irq+0x94>
200007a2:	3302      	adds	r3, #2
200007a4:	5ce2      	ldrb	r2, [r4, r3]
200007a6:	2a00      	cmp	r2, #0
200007a8:	d000      	beq.n	200007ac <dcd_rp2040_irq+0x2b4>
200007aa:	e101      	b.n	200009b0 <dcd_rp2040_irq+0x4b8>
200007ac:	003e      	movs	r6, r7
200007ae:	e6ed      	b.n	2000058c <dcd_rp2040_irq+0x94>
200007b0:	3339      	adds	r3, #57	@ 0x39
200007b2:	33ff      	adds	r3, #255	@ 0xff
200007b4:	5ce7      	ldrb	r7, [r4, r3]
200007b6:	2f00      	cmp	r7, #0
200007b8:	d100      	bne.n	200007bc <dcd_rp2040_irq+0x2c4>
200007ba:	e6cb      	b.n	20000554 <dcd_rp2040_irq+0x5c>
200007bc:	3302      	adds	r3, #2
200007be:	5ce2      	ldrb	r2, [r4, r3]
200007c0:	2a00      	cmp	r2, #0
200007c2:	d000      	beq.n	200007c6 <dcd_rp2040_irq+0x2ce>
200007c4:	e0eb      	b.n	2000099e <dcd_rp2040_irq+0x4a6>
200007c6:	003e      	movs	r6, r7
200007c8:	e6c4      	b.n	20000554 <dcd_rp2040_irq+0x5c>
200007ca:	3338      	adds	r3, #56	@ 0x38
200007cc:	5ce6      	ldrb	r6, [r4, r3]
200007ce:	2e00      	cmp	r6, #0
200007d0:	d100      	bne.n	200007d4 <dcd_rp2040_irq+0x2dc>
200007d2:	e6aa      	b.n	2000052a <dcd_rp2040_irq+0x32>
200007d4:	3302      	adds	r3, #2
200007d6:	5ce2      	ldrb	r2, [r4, r3]
200007d8:	2a00      	cmp	r2, #0
200007da:	d100      	bne.n	200007de <dcd_rp2040_irq+0x2e6>
200007dc:	e6a5      	b.n	2000052a <dcd_rp2040_irq+0x32>
200007de:	0020      	movs	r0, r4
200007e0:	2200      	movs	r2, #0
200007e2:	3020      	adds	r0, #32
200007e4:	54e2      	strb	r2, [r4, r3]
200007e6:	f000 fa4d 	bl	20000c84 <hw_endpoint_start_next_buffer>
200007ea:	e69e      	b.n	2000052a <dcd_rp2040_irq+0x32>
200007ec:	33b9      	adds	r3, #185	@ 0xb9
200007ee:	33ff      	adds	r3, #255	@ 0xff
200007f0:	5ce7      	ldrb	r7, [r4, r3]
200007f2:	2f00      	cmp	r7, #0
200007f4:	d100      	bne.n	200007f8 <dcd_rp2040_irq+0x300>
200007f6:	e6b9      	b.n	2000056c <dcd_rp2040_irq+0x74>
200007f8:	3302      	adds	r3, #2
200007fa:	5ce2      	ldrb	r2, [r4, r3]
200007fc:	2a00      	cmp	r2, #0
200007fe:	d000      	beq.n	20000802 <dcd_rp2040_irq+0x30a>
20000800:	e0c4      	b.n	2000098c <dcd_rp2040_irq+0x494>
20000802:	003e      	movs	r6, r7
20000804:	e6b2      	b.n	2000056c <dcd_rp2040_irq+0x74>
20000806:	4b18      	ldr	r3, [pc, #96]	@ (20000868 <dcd_rp2040_irq+0x370>)
20000808:	5ce7      	ldrb	r7, [r4, r3]
2000080a:	2f00      	cmp	r7, #0
2000080c:	d100      	bne.n	20000810 <dcd_rp2040_irq+0x318>
2000080e:	e6c7      	b.n	200005a0 <dcd_rp2040_irq+0xa8>
20000810:	3302      	adds	r3, #2
20000812:	5ce2      	ldrb	r2, [r4, r3]
20000814:	2a00      	cmp	r2, #0
20000816:	d000      	beq.n	2000081a <dcd_rp2040_irq+0x322>
20000818:	e0b0      	b.n	2000097c <dcd_rp2040_irq+0x484>
2000081a:	003e      	movs	r6, r7
2000081c:	e6c0      	b.n	200005a0 <dcd_rp2040_irq+0xa8>
2000081e:	46c0      	nop			@ (mov r8, r8)
20000820:	50110000 	.word	0x50110000
20000824:	40054000 	.word	0x40054000
20000828:	200020e4 	.word	0x200020e4
2000082c:	200020dc 	.word	0x200020dc
20000830:	0000023b 	.word	0x0000023b
20000834:	0000027b 	.word	0x0000027b
20000838:	000002bb 	.word	0x000002bb
2000083c:	000002fb 	.word	0x000002fb
20000840:	0000033b 	.word	0x0000033b
20000844:	0000037b 	.word	0x0000037b
20000848:	000003bb 	.word	0x000003bb
2000084c:	000003fb 	.word	0x000003fb
20000850:	2000256a 	.word	0x2000256a
20000854:	50113000 	.word	0x50113000
20000858:	00020010 	.word	0x00020010
2000085c:	50100000 	.word	0x50100000
20000860:	50112000 	.word	0x50112000
20000864:	0000027a 	.word	0x0000027a
20000868:	000002fa 	.word	0x000002fa
2000086c:	4b6b      	ldr	r3, [pc, #428]	@ (20000a1c <dcd_rp2040_irq+0x524>)
2000086e:	5ce7      	ldrb	r7, [r4, r3]
20000870:	2f00      	cmp	r7, #0
20000872:	d100      	bne.n	20000876 <dcd_rp2040_irq+0x37e>
20000874:	e685      	b.n	20000582 <dcd_rp2040_irq+0x8a>
20000876:	3302      	adds	r3, #2
20000878:	5ce2      	ldrb	r2, [r4, r3]
2000087a:	2a00      	cmp	r2, #0
2000087c:	d176      	bne.n	2000096c <dcd_rp2040_irq+0x474>
2000087e:	003e      	movs	r6, r7
20000880:	e67f      	b.n	20000582 <dcd_rp2040_irq+0x8a>
20000882:	4b67      	ldr	r3, [pc, #412]	@ (20000a20 <dcd_rp2040_irq+0x528>)
20000884:	5ce7      	ldrb	r7, [r4, r3]
20000886:	2f00      	cmp	r7, #0
20000888:	d100      	bne.n	2000088c <dcd_rp2040_irq+0x394>
2000088a:	e684      	b.n	20000596 <dcd_rp2040_irq+0x9e>
2000088c:	3302      	adds	r3, #2
2000088e:	5ce2      	ldrb	r2, [r4, r3]
20000890:	2a00      	cmp	r2, #0
20000892:	d163      	bne.n	2000095c <dcd_rp2040_irq+0x464>
20000894:	003e      	movs	r6, r7
20000896:	e67e      	b.n	20000596 <dcd_rp2040_irq+0x9e>
20000898:	4b62      	ldr	r3, [pc, #392]	@ (20000a24 <dcd_rp2040_irq+0x52c>)
2000089a:	5ce7      	ldrb	r7, [r4, r3]
2000089c:	2f00      	cmp	r7, #0
2000089e:	d100      	bne.n	200008a2 <dcd_rp2040_irq+0x3aa>
200008a0:	e688      	b.n	200005b4 <dcd_rp2040_irq+0xbc>
200008a2:	3302      	adds	r3, #2
200008a4:	5ce2      	ldrb	r2, [r4, r3]
200008a6:	2a00      	cmp	r2, #0
200008a8:	d000      	beq.n	200008ac <dcd_rp2040_irq+0x3b4>
200008aa:	e0a3      	b.n	200009f4 <dcd_rp2040_irq+0x4fc>
200008ac:	4b5e      	ldr	r3, [pc, #376]	@ (20000a28 <dcd_rp2040_irq+0x530>)
200008ae:	5ce3      	ldrb	r3, [r4, r3]
200008b0:	2b02      	cmp	r3, #2
200008b2:	d130      	bne.n	20000916 <dcd_rp2040_irq+0x41e>
200008b4:	4b5d      	ldr	r3, [pc, #372]	@ (20000a2c <dcd_rp2040_irq+0x534>)
200008b6:	5ce3      	ldrb	r3, [r4, r3]
200008b8:	2b00      	cmp	r3, #0
200008ba:	d127      	bne.n	2000090c <dcd_rp2040_irq+0x414>
200008bc:	4b5c      	ldr	r3, [pc, #368]	@ (20000a30 <dcd_rp2040_irq+0x538>)
200008be:	5ce3      	ldrb	r3, [r4, r3]
200008c0:	2b02      	cmp	r3, #2
200008c2:	d000      	beq.n	200008c6 <dcd_rp2040_irq+0x3ce>
200008c4:	e68b      	b.n	200005de <dcd_rp2040_irq+0xe6>
200008c6:	003e      	movs	r6, r7
200008c8:	4b5a      	ldr	r3, [pc, #360]	@ (20000a34 <dcd_rp2040_irq+0x53c>)
200008ca:	5ce3      	ldrb	r3, [r4, r3]
200008cc:	2b00      	cmp	r3, #0
200008ce:	d100      	bne.n	200008d2 <dcd_rp2040_irq+0x3da>
200008d0:	e67a      	b.n	200005c8 <dcd_rp2040_irq+0xd0>
200008d2:	23ff      	movs	r3, #255	@ 0xff
200008d4:	009b      	lsls	r3, r3, #2
200008d6:	5ce2      	ldrb	r2, [r4, r3]
200008d8:	2a00      	cmp	r2, #0
200008da:	d100      	bne.n	200008de <dcd_rp2040_irq+0x3e6>
200008dc:	e67f      	b.n	200005de <dcd_rp2040_irq+0xe6>
200008de:	2200      	movs	r2, #0
200008e0:	54e2      	strb	r2, [r4, r3]
200008e2:	3b1c      	subs	r3, #28
200008e4:	18e0      	adds	r0, r4, r3
200008e6:	f000 f9cd 	bl	20000c84 <hw_endpoint_start_next_buffer>
200008ea:	e678      	b.n	200005de <dcd_rp2040_irq+0xe6>
200008ec:	4b52      	ldr	r3, [pc, #328]	@ (20000a38 <dcd_rp2040_irq+0x540>)
200008ee:	5ce7      	ldrb	r7, [r4, r3]
200008f0:	2f00      	cmp	r7, #0
200008f2:	d100      	bne.n	200008f6 <dcd_rp2040_irq+0x3fe>
200008f4:	e659      	b.n	200005aa <dcd_rp2040_irq+0xb2>
200008f6:	3302      	adds	r3, #2
200008f8:	5ce2      	ldrb	r2, [r4, r3]
200008fa:	2a00      	cmp	r2, #0
200008fc:	d116      	bne.n	2000092c <dcd_rp2040_irq+0x434>
200008fe:	003e      	movs	r6, r7
20000900:	e653      	b.n	200005aa <dcd_rp2040_irq+0xb2>
20000902:	4b4a      	ldr	r3, [pc, #296]	@ (20000a2c <dcd_rp2040_irq+0x534>)
20000904:	5ce3      	ldrb	r3, [r4, r3]
20000906:	2b00      	cmp	r3, #0
20000908:	d100      	bne.n	2000090c <dcd_rp2040_irq+0x414>
2000090a:	e658      	b.n	200005be <dcd_rp2040_irq+0xc6>
2000090c:	23ef      	movs	r3, #239	@ 0xef
2000090e:	009b      	lsls	r3, r3, #2
20000910:	5ce2      	ldrb	r2, [r4, r3]
20000912:	2a00      	cmp	r2, #0
20000914:	d175      	bne.n	20000a02 <dcd_rp2040_irq+0x50a>
20000916:	4b46      	ldr	r3, [pc, #280]	@ (20000a30 <dcd_rp2040_irq+0x538>)
20000918:	5ce3      	ldrb	r3, [r4, r3]
2000091a:	2b02      	cmp	r3, #2
2000091c:	d000      	beq.n	20000920 <dcd_rp2040_irq+0x428>
2000091e:	e65e      	b.n	200005de <dcd_rp2040_irq+0xe6>
20000920:	4b44      	ldr	r3, [pc, #272]	@ (20000a34 <dcd_rp2040_irq+0x53c>)
20000922:	5ce3      	ldrb	r3, [r4, r3]
20000924:	2b00      	cmp	r3, #0
20000926:	d100      	bne.n	2000092a <dcd_rp2040_irq+0x432>
20000928:	e659      	b.n	200005de <dcd_rp2040_irq+0xe6>
2000092a:	e7d2      	b.n	200008d2 <dcd_rp2040_irq+0x3da>
2000092c:	2200      	movs	r2, #0
2000092e:	54e2      	strb	r2, [r4, r3]
20000930:	3b1c      	subs	r3, #28
20000932:	18e0      	adds	r0, r4, r3
20000934:	f000 f9a6 	bl	20000c84 <hw_endpoint_start_next_buffer>
20000938:	003e      	movs	r6, r7
2000093a:	e636      	b.n	200005aa <dcd_rp2040_irq+0xb2>
2000093c:	0020      	movs	r0, r4
2000093e:	2200      	movs	r2, #0
20000940:	30a0      	adds	r0, #160	@ 0xa0
20000942:	54e2      	strb	r2, [r4, r3]
20000944:	003e      	movs	r6, r7
20000946:	f000 f99d 	bl	20000c84 <hw_endpoint_start_next_buffer>
2000094a:	e5f8      	b.n	2000053e <dcd_rp2040_irq+0x46>
2000094c:	0020      	movs	r0, r4
2000094e:	2200      	movs	r2, #0
20000950:	3060      	adds	r0, #96	@ 0x60
20000952:	54e2      	strb	r2, [r4, r3]
20000954:	003e      	movs	r6, r7
20000956:	f000 f995 	bl	20000c84 <hw_endpoint_start_next_buffer>
2000095a:	e5eb      	b.n	20000534 <dcd_rp2040_irq+0x3c>
2000095c:	2200      	movs	r2, #0
2000095e:	54e2      	strb	r2, [r4, r3]
20000960:	3b1c      	subs	r3, #28
20000962:	18e0      	adds	r0, r4, r3
20000964:	f000 f98e 	bl	20000c84 <hw_endpoint_start_next_buffer>
20000968:	003e      	movs	r6, r7
2000096a:	e614      	b.n	20000596 <dcd_rp2040_irq+0x9e>
2000096c:	2200      	movs	r2, #0
2000096e:	54e2      	strb	r2, [r4, r3]
20000970:	3b1c      	subs	r3, #28
20000972:	18e0      	adds	r0, r4, r3
20000974:	f000 f986 	bl	20000c84 <hw_endpoint_start_next_buffer>
20000978:	003e      	movs	r6, r7
2000097a:	e602      	b.n	20000582 <dcd_rp2040_irq+0x8a>
2000097c:	2200      	movs	r2, #0
2000097e:	54e2      	strb	r2, [r4, r3]
20000980:	3b1c      	subs	r3, #28
20000982:	18e0      	adds	r0, r4, r3
20000984:	f000 f97e 	bl	20000c84 <hw_endpoint_start_next_buffer>
20000988:	003e      	movs	r6, r7
2000098a:	e609      	b.n	200005a0 <dcd_rp2040_irq+0xa8>
2000098c:	0020      	movs	r0, r4
2000098e:	2200      	movs	r2, #0
20000990:	30a1      	adds	r0, #161	@ 0xa1
20000992:	30ff      	adds	r0, #255	@ 0xff
20000994:	54e2      	strb	r2, [r4, r3]
20000996:	003e      	movs	r6, r7
20000998:	f000 f974 	bl	20000c84 <hw_endpoint_start_next_buffer>
2000099c:	e5e6      	b.n	2000056c <dcd_rp2040_irq+0x74>
2000099e:	0020      	movs	r0, r4
200009a0:	2200      	movs	r2, #0
200009a2:	3021      	adds	r0, #33	@ 0x21
200009a4:	30ff      	adds	r0, #255	@ 0xff
200009a6:	54e2      	strb	r2, [r4, r3]
200009a8:	003e      	movs	r6, r7
200009aa:	f000 f96b 	bl	20000c84 <hw_endpoint_start_next_buffer>
200009ae:	e5d1      	b.n	20000554 <dcd_rp2040_irq+0x5c>
200009b0:	2200      	movs	r2, #0
200009b2:	54e2      	strb	r2, [r4, r3]
200009b4:	3b1c      	subs	r3, #28
200009b6:	18e0      	adds	r0, r4, r3
200009b8:	f000 f964 	bl	20000c84 <hw_endpoint_start_next_buffer>
200009bc:	003e      	movs	r6, r7
200009be:	e5e5      	b.n	2000058c <dcd_rp2040_irq+0x94>
200009c0:	0020      	movs	r0, r4
200009c2:	2200      	movs	r2, #0
200009c4:	3061      	adds	r0, #97	@ 0x61
200009c6:	30ff      	adds	r0, #255	@ 0xff
200009c8:	54e2      	strb	r2, [r4, r3]
200009ca:	003e      	movs	r6, r7
200009cc:	f000 f95a 	bl	20000c84 <hw_endpoint_start_next_buffer>
200009d0:	e5c6      	b.n	20000560 <dcd_rp2040_irq+0x68>
200009d2:	0020      	movs	r0, r4
200009d4:	2200      	movs	r2, #0
200009d6:	30e1      	adds	r0, #225	@ 0xe1
200009d8:	30ff      	adds	r0, #255	@ 0xff
200009da:	54e2      	strb	r2, [r4, r3]
200009dc:	003e      	movs	r6, r7
200009de:	f000 f951 	bl	20000c84 <hw_endpoint_start_next_buffer>
200009e2:	e5c9      	b.n	20000578 <dcd_rp2040_irq+0x80>
200009e4:	0020      	movs	r0, r4
200009e6:	2200      	movs	r2, #0
200009e8:	30e0      	adds	r0, #224	@ 0xe0
200009ea:	54e2      	strb	r2, [r4, r3]
200009ec:	003e      	movs	r6, r7
200009ee:	f000 f949 	bl	20000c84 <hw_endpoint_start_next_buffer>
200009f2:	e5a9      	b.n	20000548 <dcd_rp2040_irq+0x50>
200009f4:	2200      	movs	r2, #0
200009f6:	54e2      	strb	r2, [r4, r3]
200009f8:	3b1c      	subs	r3, #28
200009fa:	18e0      	adds	r0, r4, r3
200009fc:	f000 f942 	bl	20000c84 <hw_endpoint_start_next_buffer>
20000a00:	e754      	b.n	200008ac <dcd_rp2040_irq+0x3b4>
20000a02:	2200      	movs	r2, #0
20000a04:	54e2      	strb	r2, [r4, r3]
20000a06:	3b1c      	subs	r3, #28
20000a08:	18e0      	adds	r0, r4, r3
20000a0a:	f000 f93b 	bl	20000c84 <hw_endpoint_start_next_buffer>
20000a0e:	e782      	b.n	20000916 <dcd_rp2040_irq+0x41e>
20000a10:	0031      	movs	r1, r6
20000a12:	480a      	ldr	r0, [pc, #40]	@ (20000a3c <dcd_rp2040_irq+0x544>)
20000a14:	4069      	eors	r1, r5
20000a16:	f000 faff 	bl	20001018 <__panic_veneer>
20000a1a:	46c0      	nop			@ (mov r8, r8)
20000a1c:	0000023a 	.word	0x0000023a
20000a20:	000002ba 	.word	0x000002ba
20000a24:	0000037a 	.word	0x0000037a
20000a28:	000003bb 	.word	0x000003bb
20000a2c:	000003ba 	.word	0x000003ba
20000a30:	000003fb 	.word	0x000003fb
20000a34:	000003fa 	.word	0x000003fa
20000a38:	0000033a 	.word	0x0000033a
20000a3c:	10008a6c 	.word	0x10008a6c

20000a40 <prepare_ep_buffer>:
20000a40:	b5f0      	push	{r4, r5, r6, r7, lr}
20000a42:	46c6      	mov	lr, r8
20000a44:	b500      	push	{lr}
20000a46:	0002      	movs	r2, r0
20000a48:	8a83      	ldrh	r3, [r0, #20]
20000a4a:	8b00      	ldrh	r0, [r0, #24]
20000a4c:	468c      	mov	ip, r1
20000a4e:	1c01      	adds	r1, r0, #0
20000a50:	4298      	cmp	r0, r3
20000a52:	d900      	bls.n	20000a56 <prepare_ep_buffer+0x16>
20000a54:	1c19      	adds	r1, r3, #0
20000a56:	78d4      	ldrb	r4, [r2, #3]
20000a58:	2580      	movs	r5, #128	@ 0x80
20000a5a:	0020      	movs	r0, r4
20000a5c:	1e46      	subs	r6, r0, #1
20000a5e:	41b0      	sbcs	r0, r6
20000a60:	b289      	uxth	r1, r1
20000a62:	00ed      	lsls	r5, r5, #3
20000a64:	430d      	orrs	r5, r1
20000a66:	0340      	lsls	r0, r0, #13
20000a68:	4328      	orrs	r0, r5
20000a6a:	2501      	movs	r5, #1
20000a6c:	406c      	eors	r4, r5
20000a6e:	1a5b      	subs	r3, r3, r1
20000a70:	70d4      	strb	r4, [r2, #3]
20000a72:	7854      	ldrb	r4, [r2, #1]
20000a74:	b29b      	uxth	r3, r3
20000a76:	8293      	strh	r3, [r2, #20]
20000a78:	2c00      	cmp	r4, #0
20000a7a:	d131      	bne.n	20000ae0 <prepare_ep_buffer+0xa0>
20000a7c:	4664      	mov	r4, ip
20000a7e:	68d5      	ldr	r5, [r2, #12]
20000a80:	01a4      	lsls	r4, r4, #6
20000a82:	1e4e      	subs	r6, r1, #1
20000a84:	192d      	adds	r5, r5, r4
20000a86:	46b0      	mov	r8, r6
20000a88:	6914      	ldr	r4, [r2, #16]
20000a8a:	2900      	cmp	r1, #0
20000a8c:	d023      	beq.n	20000ad6 <prepare_ep_buffer+0x96>
20000a8e:	2e06      	cmp	r6, #6
20000a90:	d932      	bls.n	20000af8 <prepare_ep_buffer+0xb8>
20000a92:	002b      	movs	r3, r5
20000a94:	4323      	orrs	r3, r4
20000a96:	079b      	lsls	r3, r3, #30
20000a98:	d12e      	bne.n	20000af8 <prepare_ep_buffer+0xb8>
20000a9a:	1c63      	adds	r3, r4, #1
20000a9c:	1aeb      	subs	r3, r5, r3
20000a9e:	2b02      	cmp	r3, #2
20000aa0:	d92a      	bls.n	20000af8 <prepare_ep_buffer+0xb8>
20000aa2:	2300      	movs	r3, #0
20000aa4:	088f      	lsrs	r7, r1, #2
20000aa6:	00bf      	lsls	r7, r7, #2
20000aa8:	58e6      	ldr	r6, [r4, r3]
20000aaa:	50ee      	str	r6, [r5, r3]
20000aac:	3304      	adds	r3, #4
20000aae:	429f      	cmp	r7, r3
20000ab0:	d1fa      	bne.n	20000aa8 <prepare_ep_buffer+0x68>
20000ab2:	4643      	mov	r3, r8
20000ab4:	19ed      	adds	r5, r5, r7
20000ab6:	1bdb      	subs	r3, r3, r7
20000ab8:	19e4      	adds	r4, r4, r7
20000aba:	42b9      	cmp	r1, r7
20000abc:	d009      	beq.n	20000ad2 <prepare_ep_buffer+0x92>
20000abe:	7826      	ldrb	r6, [r4, #0]
20000ac0:	702e      	strb	r6, [r5, #0]
20000ac2:	2b00      	cmp	r3, #0
20000ac4:	d005      	beq.n	20000ad2 <prepare_ep_buffer+0x92>
20000ac6:	7866      	ldrb	r6, [r4, #1]
20000ac8:	706e      	strb	r6, [r5, #1]
20000aca:	2b01      	cmp	r3, #1
20000acc:	d001      	beq.n	20000ad2 <prepare_ep_buffer+0x92>
20000ace:	78a3      	ldrb	r3, [r4, #2]
20000ad0:	70ab      	strb	r3, [r5, #2]
20000ad2:	6914      	ldr	r4, [r2, #16]
20000ad4:	8a93      	ldrh	r3, [r2, #20]
20000ad6:	1864      	adds	r4, r4, r1
20000ad8:	6114      	str	r4, [r2, #16]
20000ada:	2280      	movs	r2, #128	@ 0x80
20000adc:	0212      	lsls	r2, r2, #8
20000ade:	4310      	orrs	r0, r2
20000ae0:	2b00      	cmp	r3, #0
20000ae2:	d102      	bne.n	20000aea <prepare_ep_buffer+0xaa>
20000ae4:	2380      	movs	r3, #128	@ 0x80
20000ae6:	01db      	lsls	r3, r3, #7
20000ae8:	4318      	orrs	r0, r3
20000aea:	4663      	mov	r3, ip
20000aec:	2b00      	cmp	r3, #0
20000aee:	d000      	beq.n	20000af2 <prepare_ep_buffer+0xb2>
20000af0:	0400      	lsls	r0, r0, #16
20000af2:	bc80      	pop	{r7}
20000af4:	46b8      	mov	r8, r7
20000af6:	bdf0      	pop	{r4, r5, r6, r7, pc}
20000af8:	2300      	movs	r3, #0
20000afa:	5ce6      	ldrb	r6, [r4, r3]
20000afc:	54ee      	strb	r6, [r5, r3]
20000afe:	3301      	adds	r3, #1
20000b00:	4299      	cmp	r1, r3
20000b02:	d1fa      	bne.n	20000afa <prepare_ep_buffer+0xba>
20000b04:	e7e5      	b.n	20000ad2 <prepare_ep_buffer+0x92>
20000b06:	46c0      	nop			@ (mov r8, r8)

20000b08 <sync_ep_buffer>:
20000b08:	6883      	ldr	r3, [r0, #8]
20000b0a:	b5f0      	push	{r4, r5, r6, r7, lr}
20000b0c:	681a      	ldr	r2, [r3, #0]
20000b0e:	0004      	movs	r4, r0
20000b10:	2900      	cmp	r1, #0
20000b12:	d000      	beq.n	20000b16 <sync_ep_buffer+0xe>
20000b14:	0c12      	lsrs	r2, r2, #16
20000b16:	7863      	ldrb	r3, [r4, #1]
20000b18:	0592      	lsls	r2, r2, #22
20000b1a:	0d90      	lsrs	r0, r2, #22
20000b1c:	2b00      	cmp	r3, #0
20000b1e:	d108      	bne.n	20000b32 <sync_ep_buffer+0x2a>
20000b20:	8ae3      	ldrh	r3, [r4, #22]
20000b22:	18c3      	adds	r3, r0, r3
20000b24:	82e3      	strh	r3, [r4, #22]
20000b26:	8b23      	ldrh	r3, [r4, #24]
20000b28:	4283      	cmp	r3, r0
20000b2a:	d901      	bls.n	20000b30 <sync_ep_buffer+0x28>
20000b2c:	2300      	movs	r3, #0
20000b2e:	82a3      	strh	r3, [r4, #20]
20000b30:	bdf0      	pop	{r4, r5, r6, r7, pc}
20000b32:	68e3      	ldr	r3, [r4, #12]
20000b34:	0189      	lsls	r1, r1, #6
20000b36:	6925      	ldr	r5, [r4, #16]
20000b38:	185e      	adds	r6, r3, r1
20000b3a:	1e47      	subs	r7, r0, #1
20000b3c:	2800      	cmp	r0, #0
20000b3e:	d022      	beq.n	20000b86 <sync_ep_buffer+0x7e>
20000b40:	2f06      	cmp	r7, #6
20000b42:	d926      	bls.n	20000b92 <sync_ep_buffer+0x8a>
20000b44:	3101      	adds	r1, #1
20000b46:	185b      	adds	r3, r3, r1
20000b48:	1aeb      	subs	r3, r5, r3
20000b4a:	2b02      	cmp	r3, #2
20000b4c:	d921      	bls.n	20000b92 <sync_ep_buffer+0x8a>
20000b4e:	002b      	movs	r3, r5
20000b50:	4333      	orrs	r3, r6
20000b52:	079b      	lsls	r3, r3, #30
20000b54:	d11d      	bne.n	20000b92 <sync_ep_buffer+0x8a>
20000b56:	2300      	movs	r3, #0
20000b58:	0e12      	lsrs	r2, r2, #24
20000b5a:	0092      	lsls	r2, r2, #2
20000b5c:	58f1      	ldr	r1, [r6, r3]
20000b5e:	50e9      	str	r1, [r5, r3]
20000b60:	3304      	adds	r3, #4
20000b62:	429a      	cmp	r2, r3
20000b64:	d1fa      	bne.n	20000b5c <sync_ep_buffer+0x54>
20000b66:	1abf      	subs	r7, r7, r2
20000b68:	18ad      	adds	r5, r5, r2
20000b6a:	18b6      	adds	r6, r6, r2
20000b6c:	4290      	cmp	r0, r2
20000b6e:	d009      	beq.n	20000b84 <sync_ep_buffer+0x7c>
20000b70:	7832      	ldrb	r2, [r6, #0]
20000b72:	702a      	strb	r2, [r5, #0]
20000b74:	2f00      	cmp	r7, #0
20000b76:	d005      	beq.n	20000b84 <sync_ep_buffer+0x7c>
20000b78:	7872      	ldrb	r2, [r6, #1]
20000b7a:	706a      	strb	r2, [r5, #1]
20000b7c:	2f01      	cmp	r7, #1
20000b7e:	d001      	beq.n	20000b84 <sync_ep_buffer+0x7c>
20000b80:	78b2      	ldrb	r2, [r6, #2]
20000b82:	70aa      	strb	r2, [r5, #2]
20000b84:	6925      	ldr	r5, [r4, #16]
20000b86:	8ae3      	ldrh	r3, [r4, #22]
20000b88:	182d      	adds	r5, r5, r0
20000b8a:	18c3      	adds	r3, r0, r3
20000b8c:	82e3      	strh	r3, [r4, #22]
20000b8e:	6125      	str	r5, [r4, #16]
20000b90:	e7c9      	b.n	20000b26 <sync_ep_buffer+0x1e>
20000b92:	2200      	movs	r2, #0
20000b94:	5cb3      	ldrb	r3, [r6, r2]
20000b96:	54ab      	strb	r3, [r5, r2]
20000b98:	3201      	adds	r2, #1
20000b9a:	4290      	cmp	r0, r2
20000b9c:	d1fa      	bne.n	20000b94 <sync_ep_buffer+0x8c>
20000b9e:	6925      	ldr	r5, [r4, #16]
20000ba0:	e7f1      	b.n	20000b86 <sync_ep_buffer+0x7e>
20000ba2:	46c0      	nop			@ (mov r8, r8)

20000ba4 <_hw_endpoint_xfer_sync>:
20000ba4:	b510      	push	{r4, lr}
20000ba6:	0004      	movs	r4, r0
20000ba8:	6883      	ldr	r3, [r0, #8]
20000baa:	2100      	movs	r1, #0
20000bac:	681b      	ldr	r3, [r3, #0]
20000bae:	f7ff ffab 	bl	20000b08 <sync_ep_buffer>
20000bb2:	6863      	ldr	r3, [r4, #4]
20000bb4:	681b      	ldr	r3, [r3, #0]
20000bb6:	005b      	lsls	r3, r3, #1
20000bb8:	d502      	bpl.n	20000bc0 <_hw_endpoint_xfer_sync+0x1c>
20000bba:	8b23      	ldrh	r3, [r4, #24]
20000bbc:	4283      	cmp	r3, r0
20000bbe:	d000      	beq.n	20000bc2 <_hw_endpoint_xfer_sync+0x1e>
20000bc0:	bd10      	pop	{r4, pc}
20000bc2:	2101      	movs	r1, #1
20000bc4:	0020      	movs	r0, r4
20000bc6:	f7ff ff9f 	bl	20000b08 <sync_ep_buffer>
20000bca:	e7f9      	b.n	20000bc0 <_hw_endpoint_xfer_sync+0x1c>

20000bcc <e15_is_bulkin_ep>:
20000bcc:	4a08      	ldr	r2, [pc, #32]	@ (20000bf0 <e15_is_bulkin_ep+0x24>)
20000bce:	0003      	movs	r3, r0
20000bd0:	6c12      	ldr	r2, [r2, #64]	@ 0x40
20000bd2:	2000      	movs	r0, #0
20000bd4:	0792      	lsls	r2, r2, #30
20000bd6:	d403      	bmi.n	20000be0 <e15_is_bulkin_ep+0x14>
20000bd8:	789a      	ldrb	r2, [r3, #2]
20000bda:	09d2      	lsrs	r2, r2, #7
20000bdc:	2a01      	cmp	r2, #1
20000bde:	d000      	beq.n	20000be2 <e15_is_bulkin_ep+0x16>
20000be0:	4770      	bx	lr
20000be2:	7ed8      	ldrb	r0, [r3, #27]
20000be4:	3802      	subs	r0, #2
20000be6:	4243      	negs	r3, r0
20000be8:	4158      	adcs	r0, r3
20000bea:	b2c0      	uxtb	r0, r0
20000bec:	e7f8      	b.n	20000be0 <e15_is_bulkin_ep+0x14>
20000bee:	46c0      	nop			@ (mov r8, r8)
20000bf0:	50110000 	.word	0x50110000

20000bf4 <e15_is_critical_frame_period>:
20000bf4:	b510      	push	{r4, lr}
20000bf6:	f7ff ffe9 	bl	20000bcc <e15_is_bulkin_ep>
20000bfa:	2800      	cmp	r0, #0
20000bfc:	d00c      	beq.n	20000c18 <e15_is_critical_frame_period+0x24>
20000bfe:	4907      	ldr	r1, [pc, #28]	@ (20000c1c <e15_is_critical_frame_period+0x28>)
20000c00:	4b07      	ldr	r3, [pc, #28]	@ (20000c20 <e15_is_critical_frame_period+0x2c>)
20000c02:	468c      	mov	ip, r1
20000c04:	4a07      	ldr	r2, [pc, #28]	@ (20000c24 <e15_is_critical_frame_period+0x30>)
20000c06:	6a9b      	ldr	r3, [r3, #40]	@ 0x28
20000c08:	6812      	ldr	r2, [r2, #0]
20000c0a:	4463      	add	r3, ip
20000c0c:	1a9b      	subs	r3, r3, r2
20000c0e:	2000      	movs	r0, #0
20000c10:	22c6      	movs	r2, #198	@ 0xc6
20000c12:	429a      	cmp	r2, r3
20000c14:	4140      	adcs	r0, r0
20000c16:	b2c0      	uxtb	r0, r0
20000c18:	bd10      	pop	{r4, pc}
20000c1a:	46c0      	nop			@ (mov r8, r8)
20000c1c:	fffffce0 	.word	0xfffffce0
20000c20:	40054000 	.word	0x40054000
20000c24:	200020dc 	.word	0x200020dc

20000c28 <hw_endpoint_reset_transfer>:
20000c28:	2300      	movs	r3, #0
20000c2a:	7683      	strb	r3, [r0, #26]
20000c2c:	6143      	str	r3, [r0, #20]
20000c2e:	6103      	str	r3, [r0, #16]
20000c30:	4770      	bx	lr
20000c32:	46c0      	nop			@ (mov r8, r8)

20000c34 <_hw_endpoint_buffer_control_update32>:
20000c34:	b510      	push	{r4, lr}
20000c36:	6883      	ldr	r3, [r0, #8]
20000c38:	2900      	cmp	r1, #0
20000c3a:	d001      	beq.n	20000c40 <_hw_endpoint_buffer_control_update32+0xc>
20000c3c:	681c      	ldr	r4, [r3, #0]
20000c3e:	4021      	ands	r1, r4
20000c40:	2a00      	cmp	r2, #0
20000c42:	d012      	beq.n	20000c6a <_hw_endpoint_buffer_control_update32+0x36>
20000c44:	2480      	movs	r4, #128	@ 0x80
20000c46:	00e4      	lsls	r4, r4, #3
20000c48:	4311      	orrs	r1, r2
20000c4a:	4222      	tst	r2, r4
20000c4c:	d00d      	beq.n	20000c6a <_hw_endpoint_buffer_control_update32+0x36>
20000c4e:	681a      	ldr	r2, [r3, #0]
20000c50:	4222      	tst	r2, r4
20000c52:	d10c      	bne.n	20000c6e <_hw_endpoint_buffer_control_update32+0x3a>
20000c54:	4a08      	ldr	r2, [pc, #32]	@ (20000c78 <_hw_endpoint_buffer_control_update32+0x44>)
20000c56:	400a      	ands	r2, r1
20000c58:	601a      	str	r2, [r3, #0]
20000c5a:	4a08      	ldr	r2, [pc, #32]	@ (20000c7c <_hw_endpoint_buffer_control_update32+0x48>)
20000c5c:	6c12      	ldr	r2, [r2, #64]	@ 0x40
20000c5e:	0792      	lsls	r2, r2, #30
20000c60:	d403      	bmi.n	20000c6a <_hw_endpoint_buffer_control_update32+0x36>
20000c62:	230c      	movs	r3, #12
20000c64:	3b03      	subs	r3, #3
20000c66:	d2fd      	bcs.n	20000c64 <_hw_endpoint_buffer_control_update32+0x30>
20000c68:	6883      	ldr	r3, [r0, #8]
20000c6a:	6019      	str	r1, [r3, #0]
20000c6c:	bd10      	pop	{r4, pc}
20000c6e:	7881      	ldrb	r1, [r0, #2]
20000c70:	4803      	ldr	r0, [pc, #12]	@ (20000c80 <_hw_endpoint_buffer_control_update32+0x4c>)
20000c72:	f000 f9d1 	bl	20001018 <__panic_veneer>
20000c76:	46c0      	nop			@ (mov r8, r8)
20000c78:	fffffbff 	.word	0xfffffbff
20000c7c:	50110000 	.word	0x50110000
20000c80:	10008a80 	.word	0x10008a80

20000c84 <hw_endpoint_start_next_buffer>:
20000c84:	6843      	ldr	r3, [r0, #4]
20000c86:	b570      	push	{r4, r5, r6, lr}
20000c88:	2100      	movs	r1, #0
20000c8a:	2580      	movs	r5, #128	@ 0x80
20000c8c:	0004      	movs	r4, r0
20000c8e:	681e      	ldr	r6, [r3, #0]
20000c90:	f7ff fed6 	bl	20000a40 <prepare_ep_buffer>
20000c94:	4b12      	ldr	r3, [pc, #72]	@ (20000ce0 <hw_endpoint_start_next_buffer+0x5c>)
20000c96:	016d      	lsls	r5, r5, #5
20000c98:	6c1a      	ldr	r2, [r3, #64]	@ 0x40
20000c9a:	4305      	orrs	r5, r0
20000c9c:	78a3      	ldrb	r3, [r4, #2]
20000c9e:	0792      	lsls	r2, r2, #30
20000ca0:	d50e      	bpl.n	20000cc0 <hw_endpoint_start_next_buffer+0x3c>
20000ca2:	065b      	lsls	r3, r3, #25
20000ca4:	d00e      	beq.n	20000cc4 <hw_endpoint_start_next_buffer+0x40>
20000ca6:	4b0f      	ldr	r3, [pc, #60]	@ (20000ce4 <hw_endpoint_start_next_buffer+0x60>)
20000ca8:	401e      	ands	r6, r3
20000caa:	2380      	movs	r3, #128	@ 0x80
20000cac:	059b      	lsls	r3, r3, #22
20000cae:	4333      	orrs	r3, r6
20000cb0:	6862      	ldr	r2, [r4, #4]
20000cb2:	2100      	movs	r1, #0
20000cb4:	6013      	str	r3, [r2, #0]
20000cb6:	0020      	movs	r0, r4
20000cb8:	002a      	movs	r2, r5
20000cba:	f7ff ffbb 	bl	20000c34 <_hw_endpoint_buffer_control_update32>
20000cbe:	bd70      	pop	{r4, r5, r6, pc}
20000cc0:	09db      	lsrs	r3, r3, #7
20000cc2:	d0f0      	beq.n	20000ca6 <hw_endpoint_start_next_buffer+0x22>
20000cc4:	8aa3      	ldrh	r3, [r4, #20]
20000cc6:	2b00      	cmp	r3, #0
20000cc8:	d0ed      	beq.n	20000ca6 <hw_endpoint_start_next_buffer+0x22>
20000cca:	2101      	movs	r1, #1
20000ccc:	0020      	movs	r0, r4
20000cce:	f7ff feb7 	bl	20000a40 <prepare_ep_buffer>
20000cd2:	23a0      	movs	r3, #160	@ 0xa0
20000cd4:	4a04      	ldr	r2, [pc, #16]	@ (20000ce8 <hw_endpoint_start_next_buffer+0x64>)
20000cd6:	05db      	lsls	r3, r3, #23
20000cd8:	4032      	ands	r2, r6
20000cda:	4305      	orrs	r5, r0
20000cdc:	4313      	orrs	r3, r2
20000cde:	e7e7      	b.n	20000cb0 <hw_endpoint_start_next_buffer+0x2c>
20000ce0:	50110000 	.word	0x50110000
20000ce4:	afffffff 	.word	0xafffffff
20000ce8:	dfffffff 	.word	0xdfffffff

20000cec <hw_endpoint_xfer_continue>:
20000cec:	b570      	push	{r4, r5, r6, lr}
20000cee:	7e85      	ldrb	r5, [r0, #26]
20000cf0:	0004      	movs	r4, r0
20000cf2:	2d00      	cmp	r5, #0
20000cf4:	d014      	beq.n	20000d20 <hw_endpoint_xfer_continue+0x34>
20000cf6:	f7ff ff55 	bl	20000ba4 <_hw_endpoint_xfer_sync>
20000cfa:	8aa3      	ldrh	r3, [r4, #20]
20000cfc:	2b00      	cmp	r3, #0
20000cfe:	d101      	bne.n	20000d04 <hw_endpoint_xfer_continue+0x18>
20000d00:	0028      	movs	r0, r5
20000d02:	bd70      	pop	{r4, r5, r6, pc}
20000d04:	0020      	movs	r0, r4
20000d06:	f7ff ff75 	bl	20000bf4 <e15_is_critical_frame_period>
20000d0a:	2800      	cmp	r0, #0
20000d0c:	d003      	beq.n	20000d16 <hw_endpoint_xfer_continue+0x2a>
20000d0e:	2301      	movs	r3, #1
20000d10:	2500      	movs	r5, #0
20000d12:	7723      	strb	r3, [r4, #28]
20000d14:	e7f4      	b.n	20000d00 <hw_endpoint_xfer_continue+0x14>
20000d16:	0020      	movs	r0, r4
20000d18:	f7ff ffb4 	bl	20000c84 <hw_endpoint_start_next_buffer>
20000d1c:	2500      	movs	r5, #0
20000d1e:	e7ef      	b.n	20000d00 <hw_endpoint_xfer_continue+0x14>
20000d20:	7881      	ldrb	r1, [r0, #2]
20000d22:	4801      	ldr	r0, [pc, #4]	@ (20000d28 <hw_endpoint_xfer_continue+0x3c>)
20000d24:	f000 f978 	bl	20001018 <__panic_veneer>
20000d28:	10008aa0 	.word	0x10008aa0

20000d2c <dcd_event_handler>:
20000d2c:	b5f0      	push	{r4, r5, r6, r7, lr}
20000d2e:	46ce      	mov	lr, r9
20000d30:	4647      	mov	r7, r8
20000d32:	b580      	push	{r7, lr}
20000d34:	7843      	ldrb	r3, [r0, #1]
20000d36:	0005      	movs	r5, r0
20000d38:	000e      	movs	r6, r1
20000d3a:	b085      	sub	sp, #20
20000d3c:	2b06      	cmp	r3, #6
20000d3e:	d808      	bhi.n	20000d52 <dcd_event_handler+0x26>
20000d40:	4a6c      	ldr	r2, [pc, #432]	@ (20000ef4 <dcd_event_handler+0x1c8>)
20000d42:	009b      	lsls	r3, r3, #2
20000d44:	58d3      	ldr	r3, [r2, r3]
20000d46:	469f      	mov	pc, r3
20000d48:	4a6b      	ldr	r2, [pc, #428]	@ (20000ef8 <dcd_event_handler+0x1cc>)
20000d4a:	7813      	ldrb	r3, [r2, #0]
20000d4c:	3301      	adds	r3, #1
20000d4e:	b2db      	uxtb	r3, r3
20000d50:	7013      	strb	r3, [r2, #0]
20000d52:	4b6a      	ldr	r3, [pc, #424]	@ (20000efc <dcd_event_handler+0x1d0>)
20000d54:	681c      	ldr	r4, [r3, #0]
20000d56:	6962      	ldr	r2, [r4, #20]
20000d58:	f3ef 8110 	mrs	r1, PRIMASK
20000d5c:	b672      	cpsid	i
20000d5e:	6813      	ldr	r3, [r2, #0]
20000d60:	2b00      	cmp	r3, #0
20000d62:	d0fc      	beq.n	20000d5e <dcd_event_handler+0x32>
20000d64:	f3bf 8f5f 	dmb	sy
20000d68:	61a1      	str	r1, [r4, #24]
20000d6a:	0020      	movs	r0, r4
20000d6c:	0029      	movs	r1, r5
20000d6e:	f000 f923 	bl	20000fb8 <__tu_fifo_write_veneer>
20000d72:	6962      	ldr	r2, [r4, #20]
20000d74:	69a3      	ldr	r3, [r4, #24]
20000d76:	f3bf 8f5f 	dmb	sy
20000d7a:	2100      	movs	r1, #0
20000d7c:	6011      	str	r1, [r2, #0]
20000d7e:	f383 8810 	msr	PRIMASK, r3
20000d82:	2800      	cmp	r0, #0
20000d84:	d104      	bne.n	20000d90 <dcd_event_handler+0x64>
20000d86:	b005      	add	sp, #20
20000d88:	bcc0      	pop	{r6, r7}
20000d8a:	46b9      	mov	r9, r7
20000d8c:	46b0      	mov	r8, r6
20000d8e:	bdf0      	pop	{r4, r5, r6, r7, pc}
20000d90:	0032      	movs	r2, r6
20000d92:	7869      	ldrb	r1, [r5, #1]
20000d94:	7828      	ldrb	r0, [r5, #0]
20000d96:	f000 f92f 	bl	20000ff8 <__tud_event_hook_cb_veneer>
20000d9a:	e7f4      	b.n	20000d86 <dcd_event_handler+0x5a>
20000d9c:	2101      	movs	r1, #1
20000d9e:	4b58      	ldr	r3, [pc, #352]	@ (20000f00 <dcd_event_handler+0x1d4>)
20000da0:	781a      	ldrb	r2, [r3, #0]
20000da2:	438a      	bics	r2, r1
20000da4:	701a      	strb	r2, [r3, #0]
20000da6:	781a      	ldrb	r2, [r3, #0]
20000da8:	3101      	adds	r1, #1
20000daa:	438a      	bics	r2, r1
20000dac:	701a      	strb	r2, [r3, #0]
20000dae:	2200      	movs	r2, #0
20000db0:	705a      	strb	r2, [r3, #1]
20000db2:	781a      	ldrb	r2, [r3, #0]
20000db4:	3102      	adds	r1, #2
20000db6:	438a      	bics	r2, r1
20000db8:	701a      	strb	r2, [r3, #0]
20000dba:	e7ca      	b.n	20000d52 <dcd_event_handler+0x26>
20000dbc:	4951      	ldr	r1, [pc, #324]	@ (20000f04 <dcd_event_handler+0x1d8>)
20000dbe:	4f52      	ldr	r7, [pc, #328]	@ (20000f08 <dcd_event_handler+0x1dc>)
20000dc0:	4689      	mov	r9, r1
20000dc2:	4952      	ldr	r1, [pc, #328]	@ (20000f0c <dcd_event_handler+0x1e0>)
20000dc4:	2400      	movs	r4, #0
20000dc6:	2300      	movs	r3, #0
20000dc8:	4688      	mov	r8, r1
20000dca:	783a      	ldrb	r2, [r7, #0]
20000dcc:	e012      	b.n	20000df4 <dcd_event_handler+0xc8>
20000dce:	4643      	mov	r3, r8
20000dd0:	681b      	ldr	r3, [r3, #0]
20000dd2:	0161      	lsls	r1, r4, #5
20000dd4:	185b      	adds	r3, r3, r1
20000dd6:	2b00      	cmp	r3, #0
20000dd8:	d006      	beq.n	20000de8 <dcd_event_handler+0xbc>
20000dda:	69db      	ldr	r3, [r3, #28]
20000ddc:	2b00      	cmp	r3, #0
20000dde:	d003      	beq.n	20000de8 <dcd_event_handler+0xbc>
20000de0:	6869      	ldr	r1, [r5, #4]
20000de2:	7828      	ldrb	r0, [r5, #0]
20000de4:	4798      	blx	r3
20000de6:	783a      	ldrb	r2, [r7, #0]
20000de8:	3401      	adds	r4, #1
20000dea:	b2e4      	uxtb	r4, r4
20000dec:	1c51      	adds	r1, r2, #1
20000dee:	0023      	movs	r3, r4
20000df0:	42a1      	cmp	r1, r4
20000df2:	db17      	blt.n	20000e24 <dcd_event_handler+0xf8>
20000df4:	42a2      	cmp	r2, r4
20000df6:	d8ea      	bhi.n	20000dce <dcd_event_handler+0xa2>
20000df8:	1a9b      	subs	r3, r3, r2
20000dfa:	015b      	lsls	r3, r3, #5
20000dfc:	444b      	add	r3, r9
20000dfe:	e7ec      	b.n	20000dda <dcd_event_handler+0xae>
20000e00:	4b3f      	ldr	r3, [pc, #252]	@ (20000f00 <dcd_event_handler+0x1d4>)
20000e02:	781a      	ldrb	r2, [r3, #0]
20000e04:	07d2      	lsls	r2, r2, #31
20000e06:	d5be      	bpl.n	20000d86 <dcd_event_handler+0x5a>
20000e08:	2104      	movs	r1, #4
20000e0a:	781a      	ldrb	r2, [r3, #0]
20000e0c:	430a      	orrs	r2, r1
20000e0e:	701a      	strb	r2, [r3, #0]
20000e10:	e79f      	b.n	20000d52 <dcd_event_handler+0x26>
20000e12:	4b3b      	ldr	r3, [pc, #236]	@ (20000f00 <dcd_event_handler+0x1d4>)
20000e14:	781a      	ldrb	r2, [r3, #0]
20000e16:	07d2      	lsls	r2, r2, #31
20000e18:	d5b5      	bpl.n	20000d86 <dcd_event_handler+0x5a>
20000e1a:	2104      	movs	r1, #4
20000e1c:	781a      	ldrb	r2, [r3, #0]
20000e1e:	438a      	bics	r2, r1
20000e20:	701a      	strb	r2, [r3, #0]
20000e22:	e796      	b.n	20000d52 <dcd_event_handler+0x26>
20000e24:	4f36      	ldr	r7, [pc, #216]	@ (20000f00 <dcd_event_handler+0x1d4>)
20000e26:	783b      	ldrb	r3, [r7, #0]
20000e28:	075b      	lsls	r3, r3, #29
20000e2a:	d52b      	bpl.n	20000e84 <dcd_event_handler+0x158>
20000e2c:	2204      	movs	r2, #4
20000e2e:	783b      	ldrb	r3, [r7, #0]
20000e30:	2100      	movs	r1, #0
20000e32:	4393      	bics	r3, r2
20000e34:	703b      	strb	r3, [r7, #0]
20000e36:	466b      	mov	r3, sp
20000e38:	3206      	adds	r2, #6
20000e3a:	1d98      	adds	r0, r3, #6
20000e3c:	f000 f8cc 	bl	20000fd8 <____wrap_memset_veneer>
20000e40:	782b      	ldrb	r3, [r5, #0]
20000e42:	ac01      	add	r4, sp, #4
20000e44:	7023      	strb	r3, [r4, #0]
20000e46:	2305      	movs	r3, #5
20000e48:	7063      	strb	r3, [r4, #1]
20000e4a:	4b2c      	ldr	r3, [pc, #176]	@ (20000efc <dcd_event_handler+0x1d0>)
20000e4c:	681b      	ldr	r3, [r3, #0]
20000e4e:	4698      	mov	r8, r3
20000e50:	695a      	ldr	r2, [r3, #20]
20000e52:	f3ef 8110 	mrs	r1, PRIMASK
20000e56:	b672      	cpsid	i
20000e58:	6813      	ldr	r3, [r2, #0]
20000e5a:	2b00      	cmp	r3, #0
20000e5c:	d0fc      	beq.n	20000e58 <dcd_event_handler+0x12c>
20000e5e:	f3bf 8f5f 	dmb	sy
20000e62:	4643      	mov	r3, r8
20000e64:	4640      	mov	r0, r8
20000e66:	6199      	str	r1, [r3, #24]
20000e68:	0021      	movs	r1, r4
20000e6a:	f000 f8a5 	bl	20000fb8 <__tu_fifo_write_veneer>
20000e6e:	4643      	mov	r3, r8
20000e70:	695a      	ldr	r2, [r3, #20]
20000e72:	699b      	ldr	r3, [r3, #24]
20000e74:	f3bf 8f5f 	dmb	sy
20000e78:	2100      	movs	r1, #0
20000e7a:	6011      	str	r1, [r2, #0]
20000e7c:	f383 8810 	msr	PRIMASK, r3
20000e80:	2800      	cmp	r0, #0
20000e82:	d131      	bne.n	20000ee8 <dcd_event_handler+0x1bc>
20000e84:	78fb      	ldrb	r3, [r7, #3]
20000e86:	07db      	lsls	r3, r3, #31
20000e88:	d400      	bmi.n	20000e8c <dcd_event_handler+0x160>
20000e8a:	e77c      	b.n	20000d86 <dcd_event_handler+0x5a>
20000e8c:	466b      	mov	r3, sp
20000e8e:	220a      	movs	r2, #10
20000e90:	2100      	movs	r1, #0
20000e92:	1d98      	adds	r0, r3, #6
20000e94:	f000 f8a0 	bl	20000fd8 <____wrap_memset_veneer>
20000e98:	782b      	ldrb	r3, [r5, #0]
20000e9a:	ac01      	add	r4, sp, #4
20000e9c:	7023      	strb	r3, [r4, #0]
20000e9e:	2303      	movs	r3, #3
20000ea0:	7063      	strb	r3, [r4, #1]
20000ea2:	686b      	ldr	r3, [r5, #4]
20000ea4:	6063      	str	r3, [r4, #4]
20000ea6:	4b15      	ldr	r3, [pc, #84]	@ (20000efc <dcd_event_handler+0x1d0>)
20000ea8:	681d      	ldr	r5, [r3, #0]
20000eaa:	696a      	ldr	r2, [r5, #20]
20000eac:	f3ef 8110 	mrs	r1, PRIMASK
20000eb0:	b672      	cpsid	i
20000eb2:	6813      	ldr	r3, [r2, #0]
20000eb4:	2b00      	cmp	r3, #0
20000eb6:	d0fc      	beq.n	20000eb2 <dcd_event_handler+0x186>
20000eb8:	f3bf 8f5f 	dmb	sy
20000ebc:	61a9      	str	r1, [r5, #24]
20000ebe:	0028      	movs	r0, r5
20000ec0:	0021      	movs	r1, r4
20000ec2:	f000 f879 	bl	20000fb8 <__tu_fifo_write_veneer>
20000ec6:	696a      	ldr	r2, [r5, #20]
20000ec8:	69ab      	ldr	r3, [r5, #24]
20000eca:	f3bf 8f5f 	dmb	sy
20000ece:	2100      	movs	r1, #0
20000ed0:	6011      	str	r1, [r2, #0]
20000ed2:	f383 8810 	msr	PRIMASK, r3
20000ed6:	2800      	cmp	r0, #0
20000ed8:	d100      	bne.n	20000edc <dcd_event_handler+0x1b0>
20000eda:	e754      	b.n	20000d86 <dcd_event_handler+0x5a>
20000edc:	0032      	movs	r2, r6
20000ede:	7861      	ldrb	r1, [r4, #1]
20000ee0:	7820      	ldrb	r0, [r4, #0]
20000ee2:	f000 f889 	bl	20000ff8 <__tud_event_hook_cb_veneer>
20000ee6:	e74e      	b.n	20000d86 <dcd_event_handler+0x5a>
20000ee8:	0032      	movs	r2, r6
20000eea:	7861      	ldrb	r1, [r4, #1]
20000eec:	7820      	ldrb	r0, [r4, #0]
20000eee:	f000 f883 	bl	20000ff8 <__tud_event_hook_cb_veneer>
20000ef2:	e7c7      	b.n	20000e84 <dcd_event_handler+0x158>
20000ef4:	10008fdc 	.word	0x10008fdc
20000ef8:	2000256b 	.word	0x2000256b
20000efc:	20001bd8 	.word	0x20001bd8
20000f00:	20001b80 	.word	0x20001b80
20000f04:	10008ff8 	.word	0x10008ff8
20000f08:	20002569 	.word	0x20002569
20000f0c:	200019d0 	.word	0x200019d0

20000f10 <i2c_slave_irq_handler>:
20000f10:	b5f0      	push	{r4, r5, r6, r7, lr}
20000f12:	46c6      	mov	lr, r8
20000f14:	b500      	push	{lr}
20000f16:	f3ef 8305 	mrs	r3, IPSR
20000f1a:	001e      	movs	r6, r3
20000f1c:	3e27      	subs	r6, #39	@ 0x27
20000f1e:	2b27      	cmp	r3, #39	@ 0x27
20000f20:	d039      	beq.n	20000f96 <i2c_slave_irq_handler+0x86>
20000f22:	4f21      	ldr	r7, [pc, #132]	@ (20000fa8 <i2c_slave_irq_handler+0x98>)
20000f24:	683d      	ldr	r5, [r7, #0]
20000f26:	6aec      	ldr	r4, [r5, #44]	@ 0x2c
20000f28:	2c00      	cmp	r4, #0
20000f2a:	d031      	beq.n	20000f90 <i2c_slave_irq_handler+0x80>
20000f2c:	2280      	movs	r2, #128	@ 0x80
20000f2e:	2380      	movs	r3, #128	@ 0x80
20000f30:	00d2      	lsls	r2, r2, #3
20000f32:	009b      	lsls	r3, r3, #2
20000f34:	4022      	ands	r2, r4
20000f36:	4023      	ands	r3, r4
20000f38:	0661      	lsls	r1, r4, #25
20000f3a:	d52e      	bpl.n	20000f9a <i2c_slave_irq_handler+0x8a>
20000f3c:	6d69      	ldr	r1, [r5, #84]	@ 0x54
20000f3e:	2a00      	cmp	r2, #0
20000f40:	d000      	beq.n	20000f44 <i2c_slave_irq_handler+0x34>
20000f42:	6e6a      	ldr	r2, [r5, #100]	@ 0x64
20000f44:	2b00      	cmp	r3, #0
20000f46:	d12c      	bne.n	20000fa2 <i2c_slave_irq_handler+0x92>
20000f48:	4b18      	ldr	r3, [pc, #96]	@ (20000fac <i2c_slave_irq_handler+0x9c>)
20000f4a:	00f2      	lsls	r2, r6, #3
20000f4c:	1899      	adds	r1, r3, r2
20000f4e:	4688      	mov	r8, r1
20000f50:	7909      	ldrb	r1, [r1, #4]
20000f52:	2900      	cmp	r1, #0
20000f54:	d006      	beq.n	20000f64 <i2c_slave_irq_handler+0x54>
20000f56:	58d3      	ldr	r3, [r2, r3]
20000f58:	2102      	movs	r1, #2
20000f5a:	0038      	movs	r0, r7
20000f5c:	4798      	blx	r3
20000f5e:	2300      	movs	r3, #0
20000f60:	4642      	mov	r2, r8
20000f62:	7113      	strb	r3, [r2, #4]
20000f64:	0763      	lsls	r3, r4, #29
20000f66:	d508      	bpl.n	20000f7a <i2c_slave_irq_handler+0x6a>
20000f68:	2001      	movs	r0, #1
20000f6a:	4b10      	ldr	r3, [pc, #64]	@ (20000fac <i2c_slave_irq_handler+0x9c>)
20000f6c:	00f2      	lsls	r2, r6, #3
20000f6e:	1899      	adds	r1, r3, r2
20000f70:	7108      	strb	r0, [r1, #4]
20000f72:	58d3      	ldr	r3, [r2, r3]
20000f74:	2100      	movs	r1, #0
20000f76:	0038      	movs	r0, r7
20000f78:	4798      	blx	r3
20000f7a:	06a4      	lsls	r4, r4, #26
20000f7c:	d508      	bpl.n	20000f90 <i2c_slave_irq_handler+0x80>
20000f7e:	2101      	movs	r1, #1
20000f80:	6d2b      	ldr	r3, [r5, #80]	@ 0x50
20000f82:	4b0a      	ldr	r3, [pc, #40]	@ (20000fac <i2c_slave_irq_handler+0x9c>)
20000f84:	00f6      	lsls	r6, r6, #3
20000f86:	199a      	adds	r2, r3, r6
20000f88:	0038      	movs	r0, r7
20000f8a:	58f3      	ldr	r3, [r6, r3]
20000f8c:	7111      	strb	r1, [r2, #4]
20000f8e:	4798      	blx	r3
20000f90:	bc80      	pop	{r7}
20000f92:	46b8      	mov	r8, r7
20000f94:	bdf0      	pop	{r4, r5, r6, r7, pc}
20000f96:	4f06      	ldr	r7, [pc, #24]	@ (20000fb0 <i2c_slave_irq_handler+0xa0>)
20000f98:	e7c4      	b.n	20000f24 <i2c_slave_irq_handler+0x14>
20000f9a:	2a00      	cmp	r2, #0
20000f9c:	d1d1      	bne.n	20000f42 <i2c_slave_irq_handler+0x32>
20000f9e:	2b00      	cmp	r3, #0
20000fa0:	d0e0      	beq.n	20000f64 <i2c_slave_irq_handler+0x54>
20000fa2:	6e2b      	ldr	r3, [r5, #96]	@ 0x60
20000fa4:	e7d0      	b.n	20000f48 <i2c_slave_irq_handler+0x38>
20000fa6:	46c0      	nop			@ (mov r8, r8)
20000fa8:	20001110 	.word	0x20001110
20000fac:	200024e4 	.word	0x200024e4
20000fb0:	20001118 	.word	0x20001118

20000fb4 <__aeabi_idiv0>:
20000fb4:	4770      	bx	lr
20000fb6:	46c0      	nop			@ (mov r8, r8)

20000fb8 <__tu_fifo_write_veneer>:
20000fb8:	b401      	push	{r0}
20000fba:	4802      	ldr	r0, [pc, #8]	@ (20000fc4 <__tu_fifo_write_veneer+0xc>)
20000fbc:	4684      	mov	ip, r0
20000fbe:	bc01      	pop	{r0}
20000fc0:	4760      	bx	ip
20000fc2:	bf00      	nop
20000fc4:	10007669 	.word	0x10007669

20000fc8 <____wrap___aeabi_lmul_veneer>:
20000fc8:	b401      	push	{r0}
20000fca:	4802      	ldr	r0, [pc, #8]	@ (20000fd4 <____wrap___aeabi_lmul_veneer+0xc>)
20000fcc:	4684      	mov	ip, r0
20000fce:	bc01      	pop	{r0}
20000fd0:	4760      	bx	ip
20000fd2:	bf00      	nop
20000fd4:	1000314d 	.word	0x1000314d

20000fd8 <____wrap_memset_veneer>:
20000fd8:	b401      	push	{r0}
20000fda:	4802      	ldr	r0, [pc, #8]	@ (20000fe4 <____wrap_memset_veneer+0xc>)
20000fdc:	4684      	mov	ip, r0
20000fde:	bc01      	pop	{r0}
20000fe0:	4760      	bx	ip
20000fe2:	bf00      	nop
20000fe4:	10003221 	.word	0x10003221

20000fe8 <__best_effort_wfe_or_timeout_veneer>:
20000fe8:	b401      	push	{r0}
20000fea:	4802      	ldr	r0, [pc, #8]	@ (20000ff4 <__best_effort_wfe_or_timeout_veneer+0xc>)
20000fec:	4684      	mov	ip, r0
20000fee:	bc01      	pop	{r0}
20000ff0:	4760      	bx	ip
20000ff2:	bf00      	nop
20000ff4:	10001751 	.word	0x10001751

20000ff8 <__tud_event_hook_cb_veneer>:
20000ff8:	b401      	push	{r0}
20000ffa:	4802      	ldr	r0, [pc, #8]	@ (20001004 <__tud_event_hook_cb_veneer+0xc>)
20000ffc:	4684      	mov	ip, r0
20000ffe:	bc01      	pop	{r0}
20001000:	4760      	bx	ip
20001002:	bf00      	nop
20001004:	10005c09 	.word	0x10005c09

20001008 <__rp2040_chip_version_veneer>:
20001008:	b401      	push	{r0}
2000100a:	4802      	ldr	r0, [pc, #8]	@ (20001014 <__rp2040_chip_version_veneer+0xc>)
2000100c:	4684      	mov	ip, r0
2000100e:	bc01      	pop	{r0}
20001010:	4760      	bx	ip
20001012:	bf00      	nop
20001014:	100008ad 	.word	0x100008ad

20001018 <__panic_veneer>:
20001018:	b401      	push	{r0}
2000101a:	4802      	ldr	r0, [pc, #8]	@ (20001024 <__panic_veneer+0xc>)
2000101c:	4684      	mov	ip, r0
2000101e:	bc01      	pop	{r0}
20001020:	4760      	bx	ip
20001022:	bf00      	nop
20001024:	100008b9 	.word	0x100008b9

20001028 <__time_us_64_veneer>:
20001028:	b401      	push	{r0}
2000102a:	4802      	ldr	r0, [pc, #8]	@ (20001034 <__time_us_64_veneer+0xc>)
2000102c:	4684      	mov	ip, r0
2000102e:	bc01      	pop	{r0}
20001030:	4760      	bx	ip
20001032:	bf00      	nop
20001034:	100019a5 	.word	0x100019a5

20001038 <current_is_rx.3>:
20001038:	                                         .

20001039 <firmware_version_minor>:
20001039:	                                         .

2000103a <firmware_version_major>:
2000103a:	                                         .

2000103b <striped_spin_lock_num>:
2000103b:	                                         .

2000103c <irq_handler_chain_slots>:
2000103c:	00000000 	.word	0x00000000
20001040:	00010000 	.word	0x00010000
	...
2000104c:	00020000 	.word	0x00020000
	...
20001058:	00030000 	.word	0x00030000
	...
20001064:	00ff0000 	.word	0x00ff0000
20001068:	00000000 	.word	0x00000000

2000106c <irq_handler_chain_first_slot>:
2000106c:	b501      	push	{r0, lr}
2000106e:	6848      	ldr	r0, [r1, #4]
20001070:	3101      	adds	r1, #1
20001072:	468e      	mov	lr, r1
20001074:	4700      	bx	r0

20001076 <irq_handler_chain_remove_tail>:
20001076:	4670      	mov	r0, lr
20001078:	3809      	subs	r0, #9
2000107a:	4901      	ldr	r1, [pc, #4]	@ (20001080 <irq_handler_chain_remove_tail+0xa>)
2000107c:	4788      	blx	r1
2000107e:	bd01      	pop	{r0, pc}
20001080:	10000ebd 	.word	0x10000ebd

20001084 <default_alarm_pool>:
	...
20001098:	20001128 00000000                       (.. ....

200010a0 <aeabi_bits_funcs>:
200010a0:	00003350 	.word	0x00003350
200010a4:	0000334c 	.word	0x0000334c
200010a8:	00003354 	.word	0x00003354
200010ac:	00003352 	.word	0x00003352

200010b0 <aeabi_bits_funcs_end>:
200010b0:	0000534d 	.word	0x0000534d
200010b4:	0000434d 	.word	0x0000434d
200010b8:	00003453 	.word	0x00003453
200010bc:	00003443 	.word	0x00003443

200010c0 <stdio_uart>:
200010c0:	10004f79 1000507d 10004fc5 10005091     yO..}P...O...P..
200010d0:	00000000 00000100                       ........

200010d8 <stdio_usb>:
200010d8:	100053c9 1000537d 100052f1 10005269     .S..}S...R..iR..
200010e8:	00000000 00000100                       ........

200010f0 <_usbd_qdef>:
200010f0:	20001bdc 000c0010 00000000 00000000     ... ............
	...

2000110c <_usbd_rhport>:
2000110c:	000000ff                                ....

20001110 <i2c1_inst>:
20001110:	40048000 00000000                       ...@....

20001118 <i2c0_inst>:
20001118:	40044000 00000000                       .@.@....

20001120 <print_mutex>:
	...
